message_id,src_rank,dst_rank,size_bytes,size_mb,collective_type,start_time_ms,end_time_ms,duration_ms,stage,layer_id,pipeline_stage_src,pipeline_stage_dst,dp_group_src,dp_group_dst,participating_ranks
ar_l0_tp0_1_2_3,0,-1,100663296,100.663296,all_reduce,0.06525533133192649,2.8791427288334215,2.813887397501495,tp_all_reduce,0,0,-1,0,-1,"0,1,2,3"
ar_l1_tp0_1_2_3,0,-1,100663296,100.663296,all_reduce,3.3668049385210286,6.18502198613781,2.818217047616782,tp_all_reduce,1,0,-1,0,-1,"0,1,2,3"
ar_l2_tp0_1_2_3,0,-1,100663296,100.663296,all_reduce,6.562641575017971,9.379070282328769,2.8164287073107985,tp_all_reduce,2,0,-1,0,-1,"0,1,2,3"
ar_l3_tp0_1_2_3,0,-1,100663296,100.663296,all_reduce,10.011918973649829,12.825338537893904,2.8134195642440742,tp_all_reduce,3,0,-1,0,-1,"0,1,2,3"
ar_l4_tp0_1_2_3,0,-1,100663296,100.663296,all_reduce,13.282118996647396,16.096168900609438,2.8140499039620432,tp_all_reduce,4,0,-1,0,-1,"0,1,2,3"
ar_l5_tp0_1_2_3,0,-1,100663296,100.663296,all_reduce,16.75061493331412,19.56399193828284,2.813377004968719,tp_all_reduce,5,0,-1,0,-1,"0,1,2,3"
ar_l6_tp0_1_2_3,0,-1,100663296,100.663296,all_reduce,19.929554118064644,22.74475530248702,2.81520118442238,tp_all_reduce,6,0,-1,0,-1,"0,1,2,3"
ar_l7_tp0_1_2_3,0,-1,100663296,100.663296,all_reduce,23.13976162827438,25.953097436294676,2.813335808020297,tp_all_reduce,7,0,-1,0,-1,"0,1,2,3"
ar_l0_tp16_17_18_19,16,-1,100663296,100.663296,all_reduce,0.06559015173364414,2.8820485516211236,2.8164583998874795,tp_all_reduce,0,0,-1,1,-1,"16,17,18,19"
ar_l1_tp16_17_18_19,16,-1,100663296,100.663296,all_reduce,3.2578041469361123,6.075934846803615,2.8181306998675026,tp_all_reduce,1,0,-1,1,-1,"16,17,18,19"
ar_l2_tp16_17_18_19,16,-1,100663296,100.663296,all_reduce,6.405872830751588,9.21984319563459,2.8139703648830023,tp_all_reduce,2,0,-1,1,-1,"16,17,18,19"
ar_l3_tp16_17_18_19,16,-1,100663296,100.663296,all_reduce,9.667092461376622,12.481978885671499,2.814886424294876,tp_all_reduce,3,0,-1,1,-1,"16,17,18,19"
ar_l4_tp16_17_18_19,16,-1,100663296,100.663296,all_reduce,13.067983746211535,15.882984279260981,2.8150005330494463,tp_all_reduce,4,0,-1,1,-1,"16,17,18,19"
ar_l5_tp16_17_18_19,16,-1,100663296,100.663296,all_reduce,16.30058870341398,19.116176274217615,2.8155875708036384,tp_all_reduce,5,0,-1,1,-1,"16,17,18,19"
ar_l6_tp16_17_18_19,16,-1,100663296,100.663296,all_reduce,19.47928119622711,22.293811811108196,2.814530614881086,tp_all_reduce,6,0,-1,1,-1,"16,17,18,19"
ar_l7_tp16_17_18_19,16,-1,100663296,100.663296,all_reduce,22.945888620366762,25.76212488120176,2.8162362608349993,tp_all_reduce,7,0,-1,1,-1,"16,17,18,19"
ar_l0_tp32_33_34_35,32,-1,100663296,100.663296,all_reduce,0.06615610505463389,2.880301475464063,2.8141453704094292,tp_all_reduce,0,0,-1,2,-1,"32,33,34,35"
ar_l1_tp32_33_34_35,32,-1,100663296,100.663296,all_reduce,3.500233530786325,6.313429793939831,2.8131962631535066,tp_all_reduce,1,0,-1,2,-1,"32,33,34,35"
ar_l2_tp32_33_34_35,32,-1,100663296,100.663296,all_reduce,6.743329075589776,9.56143312893799,2.818104053348214,tp_all_reduce,2,0,-1,2,-1,"32,33,34,35"
ar_l3_tp32_33_34_35,32,-1,100663296,100.663296,all_reduce,10.119743633974297,12.936330410479608,2.8165867765053108,tp_all_reduce,3,0,-1,2,-1,"32,33,34,35"
ar_l4_tp32_33_34_35,32,-1,100663296,100.663296,all_reduce,13.395520119228806,16.210641921951513,2.815121802722708,tp_all_reduce,4,0,-1,2,-1,"32,33,34,35"
ar_l5_tp32_33_34_35,32,-1,100663296,100.663296,all_reduce,16.728215572318714,19.544982834939592,2.8167672626208775,tp_all_reduce,5,0,-1,2,-1,"32,33,34,35"
ar_l6_tp32_33_34_35,32,-1,100663296,100.663296,all_reduce,20.071119010239958,22.888613289857936,2.8174942796179785,tp_all_reduce,6,0,-1,2,-1,"32,33,34,35"
ar_l7_tp32_33_34_35,32,-1,100663296,100.663296,all_reduce,23.434635112481118,26.25052583970875,2.8158907272276337,tp_all_reduce,7,0,-1,2,-1,"32,33,34,35"
ar_l0_tp48_49_50_51,48,-1,100663296,100.663296,all_reduce,0.07005761205103324,2.8857173652302976,2.8156597531792644,tp_all_reduce,0,0,-1,3,-1,"48,49,50,51"
ar_l1_tp48_49_50_51,48,-1,100663296,100.663296,all_reduce,3.2900092296619943,6.105051692939088,2.815042463277094,tp_all_reduce,1,0,-1,3,-1,"48,49,50,51"
ar_l2_tp48_49_50_51,48,-1,100663296,100.663296,all_reduce,6.749126747275238,9.565308847343461,2.816182100068223,tp_all_reduce,2,0,-1,3,-1,"48,49,50,51"
ar_l3_tp48_49_50_51,48,-1,100663296,100.663296,all_reduce,10.091536349424427,12.90892097535585,2.8173846259314224,tp_all_reduce,3,0,-1,3,-1,"48,49,50,51"
ar_l4_tp48_49_50_51,48,-1,100663296,100.663296,all_reduce,13.384245385588684,16.202363217309255,2.818117831720571,tp_all_reduce,4,0,-1,3,-1,"48,49,50,51"
ar_l5_tp48_49_50_51,48,-1,100663296,100.663296,all_reduce,16.79180989247282,19.608630031370176,2.8168201388973566,tp_all_reduce,5,0,-1,3,-1,"48,49,50,51"
ar_l6_tp48_49_50_51,48,-1,100663296,100.663296,all_reduce,20.255667733219898,23.07101003255385,2.815342299333952,tp_all_reduce,6,0,-1,3,-1,"48,49,50,51"
ar_l7_tp48_49_50_51,48,-1,100663296,100.663296,all_reduce,23.408567872104186,26.22360128115026,2.8150334090460727,tp_all_reduce,7,0,-1,3,-1,"48,49,50,51"
p2p_fwd_mb0_s0_dp0,0,4,67108864,67.108864,p2p,26.66073961815437,27.91108715990016,1.2503475417457894,pp_forward,0,0,1,0,0,"0,4"
p2p_fwd_mb0_s0_dp1,16,20,67108864,67.108864,p2p,26.66073961815437,27.91108715990016,1.2503475417457894,pp_forward,0,0,1,1,1,"16,20"
p2p_fwd_mb0_s0_dp2,32,36,67108864,67.108864,p2p,26.66073961815437,27.91108715990016,1.2503475417457894,pp_forward,0,0,1,2,2,"32,36"
p2p_fwd_mb0_s0_dp3,48,52,67108864,67.108864,p2p,26.66073961815437,27.91108715990016,1.2503475417457894,pp_forward,0,0,1,3,3,"48,52"
ar_l8_tp4_5_6_7,4,-1,100663296,100.663296,all_reduce,27.91108715990016,30.726481720093325,2.815394560193165,tp_all_reduce,8,1,-1,0,-1,"4,5,6,7"
ar_l9_tp4_5_6_7,4,-1,100663296,100.663296,all_reduce,31.33270474409916,34.14637576270271,2.8136710186035527,tp_all_reduce,9,1,-1,0,-1,"4,5,6,7"
ar_l10_tp4_5_6_7,4,-1,100663296,100.663296,all_reduce,34.55803477390818,37.37091001515182,2.8128752412436424,tp_all_reduce,10,1,-1,0,-1,"4,5,6,7"
ar_l11_tp4_5_6_7,4,-1,100663296,100.663296,all_reduce,38.018808498536096,40.834840016061534,2.8160315175254356,tp_all_reduce,11,1,-1,0,-1,"4,5,6,7"
ar_l12_tp4_5_6_7,4,-1,100663296,100.663296,all_reduce,41.26365809618111,44.07999355586674,2.816335459685626,tp_all_reduce,12,1,-1,0,-1,"4,5,6,7"
ar_l13_tp4_5_6_7,4,-1,100663296,100.663296,all_reduce,44.72697505197817,47.54532706367448,2.818352011696307,tp_all_reduce,13,1,-1,0,-1,"4,5,6,7"
ar_l14_tp4_5_6_7,4,-1,100663296,100.663296,all_reduce,48.0590534325489,50.87578271857833,2.816729286029433,tp_all_reduce,14,1,-1,0,-1,"4,5,6,7"
ar_l15_tp4_5_6_7,4,-1,100663296,100.663296,all_reduce,51.46047752110143,54.27330275420649,2.812825233105061,tp_all_reduce,15,1,-1,0,-1,"4,5,6,7"
ar_l8_tp20_21_22_23,20,-1,100663296,100.663296,all_reduce,27.91108715990016,30.727393017959027,2.8163058580588687,tp_all_reduce,8,1,-1,1,-1,"20,21,22,23"
ar_l9_tp20_21_22_23,20,-1,100663296,100.663296,all_reduce,31.331458105486874,34.148478047517756,2.817019942030881,tp_all_reduce,9,1,-1,1,-1,"20,21,22,23"
ar_l10_tp20_21_22_23,20,-1,100663296,100.663296,all_reduce,34.77984502761342,37.59812015409902,2.818275126485602,tp_all_reduce,10,1,-1,1,-1,"20,21,22,23"
ar_l11_tp20_21_22_23,20,-1,100663296,100.663296,all_reduce,38.20679970565206,41.02421979174464,2.8174200860925853,tp_all_reduce,11,1,-1,1,-1,"20,21,22,23"
ar_l12_tp20_21_22_23,20,-1,100663296,100.663296,all_reduce,41.57561155954138,44.38839257623028,2.8127810166889007,tp_all_reduce,12,1,-1,1,-1,"20,21,22,23"
ar_l13_tp20_21_22_23,20,-1,100663296,100.663296,all_reduce,44.74520042758738,47.56171658480532,2.816516157217945,tp_all_reduce,13,1,-1,1,-1,"20,21,22,23"
ar_l14_tp20_21_22_23,20,-1,100663296,100.663296,all_reduce,48.07713917659419,50.89273813699828,2.815598960404092,tp_all_reduce,14,1,-1,1,-1,"20,21,22,23"
ar_l15_tp20_21_22_23,20,-1,100663296,100.663296,all_reduce,51.51026677020997,54.32447442349225,2.8142076532822817,tp_all_reduce,15,1,-1,1,-1,"20,21,22,23"
ar_l8_tp36_37_38_39,36,-1,100663296,100.663296,all_reduce,27.91108715990016,30.72720332874165,2.8161161688414897,tp_all_reduce,8,1,-1,2,-1,"36,37,38,39"
ar_l9_tp36_37_38_39,36,-1,100663296,100.663296,all_reduce,31.287546116276147,34.10194512234773,2.814399006071583,tp_all_reduce,9,1,-1,2,-1,"36,37,38,39"
ar_l10_tp36_37_38_39,36,-1,100663296,100.663296,all_reduce,34.73698014003818,37.55251372321563,2.8155335831774595,tp_all_reduce,10,1,-1,2,-1,"36,37,38,39"
ar_l11_tp36_37_38_39,36,-1,100663296,100.663296,all_reduce,38.02072803122021,40.83354965522671,2.8128216240064994,tp_all_reduce,11,1,-1,2,-1,"36,37,38,39"
ar_l12_tp36_37_38_39,36,-1,100663296,100.663296,all_reduce,41.343816760875114,44.15709916995532,2.813282409080214,tp_all_reduce,12,1,-1,2,-1,"36,37,38,39"
ar_l13_tp36_37_38_39,36,-1,100663296,100.663296,all_reduce,44.50266194255846,47.31830645299621,2.8156445104377466,tp_all_reduce,13,1,-1,2,-1,"36,37,38,39"
ar_l14_tp36_37_38_39,36,-1,100663296,100.663296,all_reduce,47.65141711865009,50.46515830392117,2.813741185271085,tp_all_reduce,14,1,-1,2,-1,"36,37,38,39"
ar_l15_tp36_37_38_39,36,-1,100663296,100.663296,all_reduce,50.83131466228448,53.649768583130005,2.8184539208455233,tp_all_reduce,15,1,-1,2,-1,"36,37,38,39"
ar_l8_tp52_53_54_55,52,-1,100663296,100.663296,all_reduce,27.91108715990016,30.729195916592154,2.8181087566919936,tp_all_reduce,8,1,-1,3,-1,"52,53,54,55"
ar_l9_tp52_53_54_55,52,-1,100663296,100.663296,all_reduce,31.345012757561644,34.16234511233531,2.8173323547736677,tp_all_reduce,9,1,-1,3,-1,"52,53,54,55"
ar_l10_tp52_53_54_55,52,-1,100663296,100.663296,all_reduce,34.62543477740305,37.44384295831271,2.818408180909657,tp_all_reduce,10,1,-1,3,-1,"52,53,54,55"
ar_l11_tp52_53_54_55,52,-1,100663296,100.663296,all_reduce,37.91804714618447,40.73512312291801,2.8170759767335434,tp_all_reduce,11,1,-1,3,-1,"52,53,54,55"
ar_l12_tp52_53_54_55,52,-1,100663296,100.663296,all_reduce,41.19182252424316,44.008944924754815,2.817122400511657,tp_all_reduce,12,1,-1,3,-1,"52,53,54,55"
ar_l13_tp52_53_54_55,52,-1,100663296,100.663296,all_reduce,44.461044035493615,47.27487503088509,2.8138309953914806,tp_all_reduce,13,1,-1,3,-1,"52,53,54,55"
ar_l14_tp52_53_54_55,52,-1,100663296,100.663296,all_reduce,47.76547348373987,50.579869408038384,2.814395924298517,tp_all_reduce,14,1,-1,3,-1,"52,53,54,55"
ar_l15_tp52_53_54_55,52,-1,100663296,100.663296,all_reduce,51.14902298064932,53.9662768118679,2.817253831218579,tp_all_reduce,15,1,-1,3,-1,"52,53,54,55"
p2p_fwd_mb0_s1_dp0,4,8,67108864,67.108864,p2p,54.720323841624015,55.9728955463991,1.2525717047750864,pp_forward,1,1,2,0,0,"4,8"
p2p_fwd_mb0_s1_dp1,20,24,67108864,67.108864,p2p,54.720323841624015,55.9728955463991,1.2525717047750864,pp_forward,1,1,2,1,1,"20,24"
p2p_fwd_mb0_s1_dp2,36,40,67108864,67.108864,p2p,54.720323841624015,55.9728955463991,1.2525717047750864,pp_forward,1,1,2,2,2,"36,40"
p2p_fwd_mb0_s1_dp3,52,56,67108864,67.108864,p2p,54.720323841624015,55.9728955463991,1.2525717047750864,pp_forward,1,1,2,3,3,"52,56"
ar_l16_tp8_9_10_11,8,-1,100663296,100.663296,all_reduce,55.9728955463991,58.78689639168715,2.814000845288052,tp_all_reduce,16,2,-1,0,-1,"8,9,10,11"
ar_l17_tp8_9_10_11,8,-1,100663296,100.663296,all_reduce,59.38814019471256,62.20504083623789,2.81690064152533,tp_all_reduce,17,2,-1,0,-1,"8,9,10,11"
ar_l18_tp8_9_10_11,8,-1,100663296,100.663296,all_reduce,62.798469086878434,65.61325959791564,2.8147905110372102,tp_all_reduce,18,2,-1,0,-1,"8,9,10,11"
ar_l19_tp8_9_10_11,8,-1,100663296,100.663296,all_reduce,66.18168563824852,68.99489763234658,2.81321199409805,tp_all_reduce,19,2,-1,0,-1,"8,9,10,11"
ar_l20_tp8_9_10_11,8,-1,100663296,100.663296,all_reduce,69.54692059398307,72.36319206589944,2.816271471916376,tp_all_reduce,20,2,-1,0,-1,"8,9,10,11"
ar_l21_tp8_9_10_11,8,-1,100663296,100.663296,all_reduce,72.83069061447735,75.64659739712123,2.8159067826438733,tp_all_reduce,21,2,-1,0,-1,"8,9,10,11"
ar_l22_tp8_9_10_11,8,-1,100663296,100.663296,all_reduce,76.22980860426595,79.04616141911075,2.816352814844797,tp_all_reduce,22,2,-1,0,-1,"8,9,10,11"
ar_l23_tp8_9_10_11,8,-1,100663296,100.663296,all_reduce,79.50067530621321,82.31409328996726,2.813417983754049,tp_all_reduce,23,2,-1,0,-1,"8,9,10,11"
ar_l16_tp24_25_26_27,24,-1,100663296,100.663296,all_reduce,55.9728955463991,58.78569877363219,2.812803227233089,tp_all_reduce,16,2,-1,1,-1,"24,25,26,27"
ar_l17_tp24_25_26_27,24,-1,100663296,100.663296,all_reduce,59.40873454812236,62.222802477137684,2.8140679290153265,tp_all_reduce,17,2,-1,1,-1,"24,25,26,27"
ar_l18_tp24_25_26_27,24,-1,100663296,100.663296,all_reduce,62.7976142998128,65.61338874734625,2.815774447533448,tp_all_reduce,18,2,-1,1,-1,"24,25,26,27"
ar_l19_tp24_25_26_27,24,-1,100663296,100.663296,all_reduce,66.06915833063822,68.88707713250179,2.817918801863578,tp_all_reduce,19,2,-1,1,-1,"24,25,26,27"
ar_l20_tp24_25_26_27,24,-1,100663296,100.663296,all_reduce,69.24773766542833,72.06072391945538,2.8129862540270527,tp_all_reduce,20,2,-1,1,-1,"24,25,26,27"
ar_l21_tp24_25_26_27,24,-1,100663296,100.663296,all_reduce,72.55096588304441,75.36678913563412,2.8158232525897082,tp_all_reduce,21,2,-1,1,-1,"24,25,26,27"
ar_l22_tp24_25_26_27,24,-1,100663296,100.663296,all_reduce,75.89205530895985,78.70691247510479,2.814857166144935,tp_all_reduce,22,2,-1,1,-1,"24,25,26,27"
ar_l23_tp24_25_26_27,24,-1,100663296,100.663296,all_reduce,79.16464701791354,81.97797604565133,2.8133290277378014,tp_all_reduce,23,2,-1,1,-1,"24,25,26,27"
ar_l16_tp40_41_42_43,40,-1,100663296,100.663296,all_reduce,55.9728955463991,58.78909989032516,2.816204343926057,tp_all_reduce,16,2,-1,2,-1,"40,41,42,43"
ar_l17_tp40_41_42_43,40,-1,100663296,100.663296,all_reduce,59.27981522590015,62.09771367455477,2.8178984486546126,tp_all_reduce,17,2,-1,2,-1,"40,41,42,43"
ar_l18_tp40_41_42_43,40,-1,100663296,100.663296,all_reduce,62.638616096674106,65.45534233798072,2.816726241306619,tp_all_reduce,18,2,-1,2,-1,"40,41,42,43"
ar_l19_tp40_41_42_43,40,-1,100663296,100.663296,all_reduce,66.06247630343415,68.8771240825945,2.8146477791603646,tp_all_reduce,19,2,-1,2,-1,"40,41,42,43"
ar_l20_tp40_41_42_43,40,-1,100663296,100.663296,all_reduce,69.44748182929224,72.26250324159257,2.8150214123003336,tp_all_reduce,20,2,-1,2,-1,"40,41,42,43"
ar_l21_tp40_41_42_43,40,-1,100663296,100.663296,all_reduce,72.92295965419473,75.7407807375047,2.817821083309982,tp_all_reduce,21,2,-1,2,-1,"40,41,42,43"
ar_l22_tp40_41_42_43,40,-1,100663296,100.663296,all_reduce,76.33068944260805,79.14656655709263,2.815877114484583,tp_all_reduce,22,2,-1,2,-1,"40,41,42,43"
ar_l23_tp40_41_42_43,40,-1,100663296,100.663296,all_reduce,79.80449667198634,82.62233098714687,2.817834315160528,tp_all_reduce,23,2,-1,2,-1,"40,41,42,43"
ar_l16_tp56_57_58_59,56,-1,100663296,100.663296,all_reduce,55.9728955463991,58.78616559573252,2.813270049333419,tp_all_reduce,16,2,-1,3,-1,"56,57,58,59"
ar_l17_tp56_57_58_59,56,-1,100663296,100.663296,all_reduce,59.22639872052873,62.04446349977367,2.8180647792449416,tp_all_reduce,17,2,-1,3,-1,"56,57,58,59"
ar_l18_tp56_57_58_59,56,-1,100663296,100.663296,all_reduce,62.545717586808266,65.35843263470727,2.8127150478989975,tp_all_reduce,18,2,-1,3,-1,"56,57,58,59"
ar_l19_tp56_57_58_59,56,-1,100663296,100.663296,all_reduce,65.88900592454941,68.70194243677729,2.812936512227873,tp_all_reduce,19,2,-1,3,-1,"56,57,58,59"
ar_l20_tp56_57_58_59,56,-1,100663296,100.663296,all_reduce,69.07144560540038,71.88410082380031,2.812655218399934,tp_all_reduce,20,2,-1,3,-1,"56,57,58,59"
ar_l21_tp56_57_58_59,56,-1,100663296,100.663296,all_reduce,72.52517807096504,75.33791769611742,2.812739625152383,tp_all_reduce,21,2,-1,3,-1,"56,57,58,59"
ar_l22_tp56_57_58_59,56,-1,100663296,100.663296,all_reduce,75.82606278923762,78.64320879374685,2.8171460045092327,tp_all_reduce,22,2,-1,3,-1,"56,57,58,59"
ar_l23_tp56_57_58_59,56,-1,100663296,100.663296,all_reduce,79.08108524372591,81.89593067043897,2.814845426713064,tp_all_reduce,23,2,-1,3,-1,"56,57,58,59"
p2p_fwd_mb0_s2_dp0,8,12,67108864,67.108864,p2p,82.99697727491034,84.24717582739422,1.250198552483886,pp_forward,2,2,3,0,0,"8,12"
p2p_fwd_mb0_s2_dp1,24,28,67108864,67.108864,p2p,82.99697727491034,84.24717582739422,1.250198552483886,pp_forward,2,2,3,1,1,"24,28"
p2p_fwd_mb0_s2_dp2,40,44,67108864,67.108864,p2p,82.99697727491034,84.24717582739422,1.250198552483886,pp_forward,2,2,3,2,2,"40,44"
p2p_fwd_mb0_s2_dp3,56,60,67108864,67.108864,p2p,82.99697727491034,84.24717582739422,1.250198552483886,pp_forward,2,2,3,3,3,"56,60"
ar_l24_tp12_13_14_15,12,-1,100663296,100.663296,all_reduce,84.24717582739422,87.063616717507,2.8164408901127924,tp_all_reduce,24,3,-1,0,-1,"12,13,14,15"
ar_l25_tp12_13_14_15,12,-1,100663296,100.663296,all_reduce,87.54591530030642,90.36165454603888,2.81573924573246,tp_all_reduce,25,3,-1,0,-1,"12,13,14,15"
ar_l26_tp12_13_14_15,12,-1,100663296,100.663296,all_reduce,90.98490085475007,93.801143610103,2.8162427553529294,tp_all_reduce,26,3,-1,0,-1,"12,13,14,15"
ar_l27_tp12_13_14_15,12,-1,100663296,100.663296,all_reduce,94.44097986885046,97.25383290563914,2.8128530367886873,tp_all_reduce,27,3,-1,0,-1,"12,13,14,15"
ar_l28_tp12_13_14_15,12,-1,100663296,100.663296,all_reduce,97.85147078188236,100.6699777358014,2.8185069539190395,tp_all_reduce,28,3,-1,0,-1,"12,13,14,15"
ar_l29_tp12_13_14_15,12,-1,100663296,100.663296,all_reduce,101.23040331827394,104.04390354973276,2.813500231458821,tp_all_reduce,29,3,-1,0,-1,"12,13,14,15"
ar_l30_tp12_13_14_15,12,-1,100663296,100.663296,all_reduce,104.69851635491622,107.5160321537509,2.8175157988346715,tp_all_reduce,30,3,-1,0,-1,"12,13,14,15"
ar_l31_tp12_13_14_15,12,-1,100663296,100.663296,all_reduce,108.11808787874034,110.9342819073067,2.816194028566352,tp_all_reduce,31,3,-1,0,-1,"12,13,14,15"
ar_l24_tp28_29_30_31,28,-1,100663296,100.663296,all_reduce,84.24717582739422,87.06265938741774,2.8154835600235213,tp_all_reduce,24,3,-1,1,-1,"28,29,30,31"
ar_l25_tp28_29_30_31,28,-1,100663296,100.663296,all_reduce,87.53337587934347,90.34766459698403,2.814288717640556,tp_all_reduce,25,3,-1,1,-1,"28,29,30,31"
ar_l26_tp28_29_30_31,28,-1,100663296,100.663296,all_reduce,90.9069327042837,93.7252604838306,2.818327779546881,tp_all_reduce,26,3,-1,1,-1,"28,29,30,31"
ar_l27_tp28_29_30_31,28,-1,100663296,100.663296,all_reduce,94.27714262507169,97.09005306352067,2.8129104384489736,tp_all_reduce,27,3,-1,1,-1,"28,29,30,31"
ar_l28_tp28_29_30_31,28,-1,100663296,100.663296,all_reduce,97.7487624326133,100.56668935013427,2.8179269175209605,tp_all_reduce,28,3,-1,1,-1,"28,29,30,31"
ar_l29_tp28_29_30_31,28,-1,100663296,100.663296,all_reduce,101.04451787883406,103.86261844966212,2.8181005708280553,tp_all_reduce,29,3,-1,1,-1,"28,29,30,31"
ar_l30_tp28_29_30_31,28,-1,100663296,100.663296,all_reduce,104.37895314532797,107.19714451992336,2.818191374595394,tp_all_reduce,30,3,-1,1,-1,"28,29,30,31"
ar_l31_tp28_29_30_31,28,-1,100663296,100.663296,all_reduce,107.62459624855207,110.44237937479089,2.8177831262388153,tp_all_reduce,31,3,-1,1,-1,"28,29,30,31"
ar_l24_tp44_45_46_47,44,-1,100663296,100.663296,all_reduce,84.24717582739422,87.06546168930844,2.8182858619142244,tp_all_reduce,24,3,-1,2,-1,"44,45,46,47"
ar_l25_tp44_45_46_47,44,-1,100663296,100.663296,all_reduce,87.65707348101378,90.47542251037235,2.818349029358569,tp_all_reduce,25,3,-1,2,-1,"44,45,46,47"
ar_l26_tp44_45_46_47,44,-1,100663296,100.663296,all_reduce,91.00866379383564,93.82239327704481,2.813729483209168,tp_all_reduce,26,3,-1,2,-1,"44,45,46,47"
ar_l27_tp44_45_46_47,44,-1,100663296,100.663296,all_reduce,94.38540447856276,97.20208669210356,2.816682213540797,tp_all_reduce,27,3,-1,2,-1,"44,45,46,47"
ar_l28_tp44_45_46_47,44,-1,100663296,100.663296,all_reduce,97.56472785496189,100.37788703859616,2.81315918363427,tp_all_reduce,28,3,-1,2,-1,"44,45,46,47"
ar_l29_tp44_45_46_47,44,-1,100663296,100.663296,all_reduce,100.92517672882404,103.74002396440183,2.814847235577775,tp_all_reduce,29,3,-1,2,-1,"44,45,46,47"
ar_l30_tp44_45_46_47,44,-1,100663296,100.663296,all_reduce,104.1904158474345,107.00396492281833,2.8135490753838366,tp_all_reduce,30,3,-1,2,-1,"44,45,46,47"
ar_l31_tp44_45_46_47,44,-1,100663296,100.663296,all_reduce,107.42433005598612,110.2419925969848,2.817662540998689,tp_all_reduce,31,3,-1,2,-1,"44,45,46,47"
ar_l24_tp60_61_62_63,60,-1,100663296,100.663296,all_reduce,84.24717582739422,87.06109123416383,2.8139154067696044,tp_all_reduce,24,3,-1,3,-1,"60,61,62,63"
ar_l25_tp60_61_62_63,60,-1,100663296,100.663296,all_reduce,87.6497418346787,90.46682055672034,2.817078722041649,tp_all_reduce,25,3,-1,3,-1,"60,61,62,63"
ar_l26_tp60_61_62_63,60,-1,100663296,100.663296,all_reduce,91.06576724743049,93.87930568234893,2.813538434918439,tp_all_reduce,26,3,-1,3,-1,"60,61,62,63"
ar_l27_tp60_61_62_63,60,-1,100663296,100.663296,all_reduce,94.39030027546576,97.20879952366316,2.818499248197395,tp_all_reduce,27,3,-1,3,-1,"60,61,62,63"
ar_l28_tp60_61_62_63,60,-1,100663296,100.663296,all_reduce,97.81786306144197,100.63625572968193,2.8183926682399663,tp_all_reduce,28,3,-1,3,-1,"60,61,62,63"
ar_l29_tp60_61_62_63,60,-1,100663296,100.663296,all_reduce,101.21521315022407,104.03300933101093,2.817796180786869,tp_all_reduce,29,3,-1,3,-1,"60,61,62,63"
ar_l30_tp60_61_62_63,60,-1,100663296,100.663296,all_reduce,104.67782326731422,107.49303496113592,2.8152116938216927,tp_all_reduce,30,3,-1,3,-1,"60,61,62,63"
ar_l31_tp60_61_62_63,60,-1,100663296,100.663296,all_reduce,107.94175520618592,110.75758031668337,2.8158251104974523,tp_all_reduce,31,3,-1,3,-1,"60,61,62,63"
ar_l0_tp0_1_2_3,0,-1,100663296,100.663296,all_reduce,27.97741163835288,30.79335076713108,2.8159391287782,tp_all_reduce,0,0,-1,0,-1,"0,1,2,3"
ar_l1_tp0_1_2_3,0,-1,100663296,100.663296,all_reduce,31.330544931504306,34.14619765822659,2.8156527267222815,tp_all_reduce,1,0,-1,0,-1,"0,1,2,3"
ar_l2_tp0_1_2_3,0,-1,100663296,100.663296,all_reduce,34.620166676429896,37.433060514952366,2.8128938385224704,tp_all_reduce,2,0,-1,0,-1,"0,1,2,3"
ar_l3_tp0_1_2_3,0,-1,100663296,100.663296,all_reduce,38.078076974265,40.89358734484973,2.8155103705847226,tp_all_reduce,3,0,-1,0,-1,"0,1,2,3"
ar_l4_tp0_1_2_3,0,-1,100663296,100.663296,all_reduce,41.332491977557645,44.14751226321544,2.8150202856577975,tp_all_reduce,4,0,-1,0,-1,"0,1,2,3"
ar_l5_tp0_1_2_3,0,-1,100663296,100.663296,all_reduce,44.73518416179617,47.54976497099868,2.8145808092025075,tp_all_reduce,5,0,-1,0,-1,"0,1,2,3"
ar_l6_tp0_1_2_3,0,-1,100663296,100.663296,all_reduce,48.0504409801803,50.867786263720824,2.817345283540523,tp_all_reduce,6,0,-1,0,-1,"0,1,2,3"
ar_l7_tp0_1_2_3,0,-1,100663296,100.663296,all_reduce,51.256871575640204,54.07447815386002,2.8176065782198196,tp_all_reduce,7,0,-1,0,-1,"0,1,2,3"
ar_l0_tp16_17_18_19,16,-1,100663296,100.663296,all_reduce,27.98124515151327,30.798996985788776,2.817751834275507,tp_all_reduce,0,0,-1,1,-1,"16,17,18,19"
ar_l1_tp16_17_18_19,16,-1,100663296,100.663296,all_reduce,31.44244468307797,34.25724216901134,2.814797485933371,tp_all_reduce,1,0,-1,1,-1,"16,17,18,19"
ar_l2_tp16_17_18_19,16,-1,100663296,100.663296,all_reduce,34.66383574408125,37.48008115752303,2.8162454134417896,tp_all_reduce,2,0,-1,1,-1,"16,17,18,19"
ar_l3_tp16_17_18_19,16,-1,100663296,100.663296,all_reduce,38.049680615080284,40.868012686569294,2.818332071489016,tp_all_reduce,3,0,-1,1,-1,"16,17,18,19"
ar_l4_tp16_17_18_19,16,-1,100663296,100.663296,all_reduce,41.50855086773998,44.32538255911579,2.8168316913758096,tp_all_reduce,4,0,-1,1,-1,"16,17,18,19"
ar_l5_tp16_17_18_19,16,-1,100663296,100.663296,all_reduce,44.81092559309052,47.62904916943156,2.818123576341036,tp_all_reduce,5,0,-1,1,-1,"16,17,18,19"
ar_l6_tp16_17_18_19,16,-1,100663296,100.663296,all_reduce,48.00759548611398,50.82477071850618,2.817175232392208,tp_all_reduce,6,0,-1,1,-1,"16,17,18,19"
ar_l7_tp16_17_18_19,16,-1,100663296,100.663296,all_reduce,51.34204373572866,54.15655198890546,2.814508253176806,tp_all_reduce,7,0,-1,1,-1,"16,17,18,19"
ar_l0_tp32_33_34_35,32,-1,100663296,100.663296,all_reduce,27.979229974507323,30.79445309837903,2.8152231238717067,tp_all_reduce,0,0,-1,2,-1,"32,33,34,35"
ar_l1_tp32_33_34_35,32,-1,100663296,100.663296,all_reduce,31.129977273712388,33.94440449222216,2.814427218509774,tp_all_reduce,1,0,-1,2,-1,"32,33,34,35"
ar_l2_tp32_33_34_35,32,-1,100663296,100.663296,all_reduce,34.52815071200596,37.34076650297131,2.8126157909653533,tp_all_reduce,2,0,-1,2,-1,"32,33,34,35"
ar_l3_tp32_33_34_35,32,-1,100663296,100.663296,all_reduce,37.91873875975266,40.73499313501746,2.8162543752648026,tp_all_reduce,3,0,-1,2,-1,"32,33,34,35"
ar_l4_tp32_33_34_35,32,-1,100663296,100.663296,all_reduce,41.35064055536026,44.165993250681844,2.815352695321585,tp_all_reduce,4,0,-1,2,-1,"32,33,34,35"
ar_l5_tp32_33_34_35,32,-1,100663296,100.663296,all_reduce,44.636143020034304,47.454099304276724,2.8179562842424177,tp_all_reduce,5,0,-1,2,-1,"32,33,34,35"
ar_l6_tp32_33_34_35,32,-1,100663296,100.663296,all_reduce,47.867409517528685,50.68228035734125,2.814870839812564,tp_all_reduce,6,0,-1,2,-1,"32,33,34,35"
ar_l7_tp32_33_34_35,32,-1,100663296,100.663296,all_reduce,51.25948888535668,54.07277490935545,2.8132860239987663,tp_all_reduce,7,0,-1,2,-1,"32,33,34,35"
ar_l0_tp48_49_50_51,48,-1,100663296,100.663296,all_reduce,27.980735816917953,30.79467105100509,2.8139352340871353,tp_all_reduce,0,0,-1,3,-1,"48,49,50,51"
ar_l1_tp48_49_50_51,48,-1,100663296,100.663296,all_reduce,31.382983801096852,34.19726741019027,2.8142836090934225,tp_all_reduce,1,0,-1,3,-1,"48,49,50,51"
ar_l2_tp48_49_50_51,48,-1,100663296,100.663296,all_reduce,34.57422497188875,37.39018938601612,2.8159644141273685,tp_all_reduce,2,0,-1,3,-1,"48,49,50,51"
ar_l3_tp48_49_50_51,48,-1,100663296,100.663296,all_reduce,37.87408832514487,40.68973611803939,2.8156477928945183,tp_all_reduce,3,0,-1,3,-1,"48,49,50,51"
ar_l4_tp48_49_50_51,48,-1,100663296,100.663296,all_reduce,41.09636746680009,43.91275664202075,2.816389175220667,tp_all_reduce,4,0,-1,3,-1,"48,49,50,51"
ar_l5_tp48_49_50_51,48,-1,100663296,100.663296,all_reduce,44.466789517620896,47.28333845269085,2.816548935069954,tp_all_reduce,5,0,-1,3,-1,"48,49,50,51"
ar_l6_tp48_49_50_51,48,-1,100663296,100.663296,all_reduce,47.68987484973392,50.50417953102378,2.8143046812898613,tp_all_reduce,6,0,-1,3,-1,"48,49,50,51"
ar_l7_tp48_49_50_51,48,-1,100663296,100.663296,all_reduce,50.868794546781515,53.68159084987052,2.8127963030889975,tp_all_reduce,7,0,-1,3,-1,"48,49,50,51"
p2p_fwd_mb1_s0_dp0,0,4,67108864,67.108864,p2p,54.68840044745334,55.93846867075369,1.2500682233003504,pp_forward,0,0,1,0,0,"0,4"
p2p_fwd_mb1_s0_dp1,16,20,67108864,67.108864,p2p,54.68840044745334,55.93846867075369,1.2500682233003504,pp_forward,0,0,1,1,1,"16,20"
p2p_fwd_mb1_s0_dp2,32,36,67108864,67.108864,p2p,54.68840044745334,55.93846867075369,1.2500682233003504,pp_forward,0,0,1,2,2,"32,36"
p2p_fwd_mb1_s0_dp3,48,52,67108864,67.108864,p2p,54.68840044745334,55.93846867075369,1.2500682233003504,pp_forward,0,0,1,3,3,"48,52"
ar_l8_tp4_5_6_7,4,-1,100663296,100.663296,all_reduce,55.9728955463991,58.78855861565125,2.8156630692521487,tp_all_reduce,8,1,-1,0,-1,"4,5,6,7"
ar_l9_tp4_5_6_7,4,-1,100663296,100.663296,all_reduce,59.42977795823946,62.24491019365894,2.8151322354194734,tp_all_reduce,9,1,-1,0,-1,"4,5,6,7"
ar_l10_tp4_5_6_7,4,-1,100663296,100.663296,all_reduce,62.727691283898935,65.54083501624275,2.8131437323438147,tp_all_reduce,10,1,-1,0,-1,"4,5,6,7"
ar_l11_tp4_5_6_7,4,-1,100663296,100.663296,all_reduce,65.98198903788565,68.79476288211903,2.8127738442333685,tp_all_reduce,11,1,-1,0,-1,"4,5,6,7"
ar_l12_tp4_5_6_7,4,-1,100663296,100.663296,all_reduce,69.3109138431463,72.12675291737476,2.815839074228471,tp_all_reduce,12,1,-1,0,-1,"4,5,6,7"
ar_l13_tp4_5_6_7,4,-1,100663296,100.663296,all_reduce,72.62166557932956,75.43569808132187,2.8140325019923167,tp_all_reduce,13,1,-1,0,-1,"4,5,6,7"
ar_l14_tp4_5_6_7,4,-1,100663296,100.663296,all_reduce,75.8302044746575,78.64836771943904,2.818163244781527,tp_all_reduce,14,1,-1,0,-1,"4,5,6,7"
ar_l15_tp4_5_6_7,4,-1,100663296,100.663296,all_reduce,79.05884898535615,81.87349537728632,2.814646391930173,tp_all_reduce,15,1,-1,0,-1,"4,5,6,7"
ar_l8_tp20_21_22_23,20,-1,100663296,100.663296,all_reduce,55.9728955463991,58.78611753762516,2.813221991226057,tp_all_reduce,8,1,-1,1,-1,"20,21,22,23"
ar_l9_tp20_21_22_23,20,-1,100663296,100.663296,all_reduce,59.318435815308504,62.13681090969427,2.818375094385768,tp_all_reduce,9,1,-1,1,-1,"20,21,22,23"
ar_l10_tp20_21_22_23,20,-1,100663296,100.663296,all_reduce,62.57383638691083,65.38654819263043,2.812711805719598,tp_all_reduce,10,1,-1,1,-1,"20,21,22,23"
ar_l11_tp20_21_22_23,20,-1,100663296,100.663296,all_reduce,65.92974028764951,68.747771991905,2.8180317042554996,tp_all_reduce,11,1,-1,1,-1,"20,21,22,23"
ar_l12_tp20_21_22_23,20,-1,100663296,100.663296,all_reduce,69.25180163197662,72.06521060666708,2.8134089746904567,tp_all_reduce,12,1,-1,1,-1,"20,21,22,23"
ar_l13_tp20_21_22_23,20,-1,100663296,100.663296,all_reduce,72.45403142376703,75.2690168015518,2.814985377784768,tp_all_reduce,13,1,-1,1,-1,"20,21,22,23"
ar_l14_tp20_21_22_23,20,-1,100663296,100.663296,all_reduce,75.70189083353652,78.52010784837995,2.81821701484343,tp_all_reduce,14,1,-1,1,-1,"20,21,22,23"
ar_l15_tp20_21_22_23,20,-1,100663296,100.663296,all_reduce,78.99118414305254,81.80676122133193,2.8155770782793965,tp_all_reduce,15,1,-1,1,-1,"20,21,22,23"
ar_l8_tp36_37_38_39,36,-1,100663296,100.663296,all_reduce,55.9728955463991,58.785458182867444,2.812562636468341,tp_all_reduce,8,1,-1,2,-1,"36,37,38,39"
ar_l9_tp36_37_38_39,36,-1,100663296,100.663296,all_reduce,59.37116009297086,62.18702019990587,2.815860106935006,tp_all_reduce,9,1,-1,2,-1,"36,37,38,39"
ar_l10_tp36_37_38_39,36,-1,100663296,100.663296,all_reduce,62.74773715476803,65.56522052717561,2.8174833724075867,tp_all_reduce,10,1,-1,2,-1,"36,37,38,39"
ar_l11_tp36_37_38_39,36,-1,100663296,100.663296,all_reduce,65.90897145744842,68.72710831248459,2.8181368550361796,tp_all_reduce,11,1,-1,2,-1,"36,37,38,39"
ar_l12_tp36_37_38_39,36,-1,100663296,100.663296,all_reduce,69.16167588588877,71.97846072024089,2.816784834352118,tp_all_reduce,12,1,-1,2,-1,"36,37,38,39"
ar_l13_tp36_37_38_39,36,-1,100663296,100.663296,all_reduce,72.43129260291033,75.24918826162077,2.817895658710448,tp_all_reduce,13,1,-1,2,-1,"36,37,38,39"
ar_l14_tp36_37_38_39,36,-1,100663296,100.663296,all_reduce,75.60705514167974,78.42471687574468,2.817661734064933,tp_all_reduce,14,1,-1,2,-1,"36,37,38,39"
ar_l15_tp36_37_38_39,36,-1,100663296,100.663296,all_reduce,79.0178290318151,81.8363128166998,2.8184837848847093,tp_all_reduce,15,1,-1,2,-1,"36,37,38,39"
ar_l8_tp52_53_54_55,52,-1,100663296,100.663296,all_reduce,55.9728955463991,58.78683806625926,2.813942519860155,tp_all_reduce,8,1,-1,3,-1,"52,53,54,55"
ar_l9_tp52_53_54_55,52,-1,100663296,100.663296,all_reduce,59.433865816429524,62.250349535556566,2.816483719127044,tp_all_reduce,9,1,-1,3,-1,"52,53,54,55"
ar_l10_tp52_53_54_55,52,-1,100663296,100.663296,all_reduce,62.773005237461625,65.58738822243753,2.8143829849758966,tp_all_reduce,10,1,-1,3,-1,"52,53,54,55"
ar_l11_tp52_53_54_55,52,-1,100663296,100.663296,all_reduce,66.17578118046856,68.9909059511443,2.815124770675734,tp_all_reduce,11,1,-1,3,-1,"52,53,54,55"
ar_l12_tp52_53_54_55,52,-1,100663296,100.663296,all_reduce,69.53817694112641,72.35597585927252,2.817798918146111,tp_all_reduce,12,1,-1,3,-1,"52,53,54,55"
ar_l13_tp52_53_54_55,52,-1,100663296,100.663296,all_reduce,72.8678096220356,75.68142348629999,2.8136138642643886,tp_all_reduce,13,1,-1,3,-1,"52,53,54,55"
ar_l14_tp52_53_54_55,52,-1,100663296,100.663296,all_reduce,76.31276439349764,79.13074955607254,2.817985162574907,tp_all_reduce,14,1,-1,3,-1,"52,53,54,55"
ar_l15_tp52_53_54_55,52,-1,100663296,100.663296,all_reduce,79.6934482169744,82.51084423897997,2.817396022005578,tp_all_reduce,15,1,-1,3,-1,"52,53,54,55"
p2p_fwd_mb1_s1_dp0,4,8,67108864,67.108864,p2p,83.1313952668807,84.38392216358825,1.2525268967075593,pp_forward,1,1,2,0,0,"4,8"
p2p_fwd_mb1_s1_dp1,20,24,67108864,67.108864,p2p,83.1313952668807,84.38392216358825,1.2525268967075593,pp_forward,1,1,2,1,1,"20,24"
p2p_fwd_mb1_s1_dp2,36,40,67108864,67.108864,p2p,83.1313952668807,84.38392216358825,1.2525268967075593,pp_forward,1,1,2,2,2,"36,40"
p2p_fwd_mb1_s1_dp3,52,56,67108864,67.108864,p2p,83.1313952668807,84.38392216358825,1.2525268967075593,pp_forward,1,1,2,3,3,"52,56"
ar_l16_tp8_9_10_11,8,-1,100663296,100.663296,all_reduce,84.38392216358825,87.1981370806772,2.814214917088942,tp_all_reduce,16,2,-1,0,-1,"8,9,10,11"
ar_l17_tp8_9_10_11,8,-1,100663296,100.663296,all_reduce,87.70227584484184,90.51791756052371,2.8156417156818825,tp_all_reduce,17,2,-1,0,-1,"8,9,10,11"
ar_l18_tp8_9_10_11,8,-1,100663296,100.663296,all_reduce,90.89455091644137,93.71272734303932,2.818176426597943,tp_all_reduce,18,2,-1,0,-1,"8,9,10,11"
ar_l19_tp8_9_10_11,8,-1,100663296,100.663296,all_reduce,94.30507613064245,97.11911011940653,2.814033988764092,tp_all_reduce,19,2,-1,0,-1,"8,9,10,11"
ar_l20_tp8_9_10_11,8,-1,100663296,100.663296,all_reduce,97.76123728751406,100.5796372315385,2.8183999440244274,tp_all_reduce,20,2,-1,0,-1,"8,9,10,11"
ar_l21_tp8_9_10_11,8,-1,100663296,100.663296,all_reduce,101.16866869118239,103.98605582936894,2.8173871381865503,tp_all_reduce,21,2,-1,0,-1,"8,9,10,11"
ar_l22_tp8_9_10_11,8,-1,100663296,100.663296,all_reduce,104.36571608177641,107.18378141613898,2.818065334362574,tp_all_reduce,22,2,-1,0,-1,"8,9,10,11"
ar_l23_tp8_9_10_11,8,-1,100663296,100.663296,all_reduce,107.628130501217,110.44214947058967,2.814018969372667,tp_all_reduce,23,2,-1,0,-1,"8,9,10,11"
ar_l16_tp24_25_26_27,24,-1,100663296,100.663296,all_reduce,84.38392216358825,87.20081794443806,2.8168957808498014,tp_all_reduce,16,2,-1,1,-1,"24,25,26,27"
ar_l17_tp24_25_26_27,24,-1,100663296,100.663296,all_reduce,87.85458715760171,90.66873021962796,2.8141430620262504,tp_all_reduce,17,2,-1,1,-1,"24,25,26,27"
ar_l18_tp24_25_26_27,24,-1,100663296,100.663296,all_reduce,91.0197762602537,93.83585369211694,2.8160774318632398,tp_all_reduce,18,2,-1,1,-1,"24,25,26,27"
ar_l19_tp24_25_26_27,24,-1,100663296,100.663296,all_reduce,94.21788601631108,97.0362864434096,2.818400427098522,tp_all_reduce,19,2,-1,1,-1,"24,25,26,27"
ar_l20_tp24_25_26_27,24,-1,100663296,100.663296,all_reduce,97.54526226822374,100.36077240800105,2.815510139777308,tp_all_reduce,20,2,-1,1,-1,"24,25,26,27"
ar_l21_tp24_25_26_27,24,-1,100663296,100.663296,all_reduce,100.93505282001914,103.75200241316057,2.816949593141438,tp_all_reduce,21,2,-1,1,-1,"24,25,26,27"
ar_l22_tp24_25_26_27,24,-1,100663296,100.663296,all_reduce,104.32226546738444,107.13946586826232,2.8172004008778924,tp_all_reduce,22,2,-1,1,-1,"24,25,26,27"
ar_l23_tp24_25_26_27,24,-1,100663296,100.663296,all_reduce,107.72855121155695,110.54329991230453,2.814748700747591,tp_all_reduce,23,2,-1,1,-1,"24,25,26,27"
ar_l16_tp40_41_42_43,40,-1,100663296,100.663296,all_reduce,84.38392216358825,87.20082197966562,2.81689981607737,tp_all_reduce,16,2,-1,2,-1,"40,41,42,43"
ar_l17_tp40_41_42_43,40,-1,100663296,100.663296,all_reduce,87.79254737716045,90.60978142772376,2.8172340505633193,tp_all_reduce,17,2,-1,2,-1,"40,41,42,43"
ar_l18_tp40_41_42_43,40,-1,100663296,100.663296,all_reduce,91.08629665667638,93.90080856102914,2.814511904352765,tp_all_reduce,18,2,-1,2,-1,"40,41,42,43"
ar_l19_tp40_41_42_43,40,-1,100663296,100.663296,all_reduce,94.37921425919794,97.19289810896616,2.8136838497682253,tp_all_reduce,19,2,-1,2,-1,"40,41,42,43"
ar_l20_tp40_41_42_43,40,-1,100663296,100.663296,all_reduce,97.68936820852883,100.50227629914356,2.812908090614727,tp_all_reduce,20,2,-1,2,-1,"40,41,42,43"
ar_l21_tp40_41_42_43,40,-1,100663296,100.663296,all_reduce,100.90419890613322,103.7222230487443,2.818024142611078,tp_all_reduce,21,2,-1,2,-1,"40,41,42,43"
ar_l22_tp40_41_42_43,40,-1,100663296,100.663296,all_reduce,104.27633977352873,107.09106201718241,2.814722243653672,tp_all_reduce,22,2,-1,2,-1,"40,41,42,43"
ar_l23_tp40_41_42_43,40,-1,100663296,100.663296,all_reduce,107.72560390435257,110.54053041234329,2.814926507990714,tp_all_reduce,23,2,-1,2,-1,"40,41,42,43"
ar_l16_tp56_57_58_59,56,-1,100663296,100.663296,all_reduce,84.38392216358825,87.2016078417095,2.817685678121254,tp_all_reduce,16,2,-1,3,-1,"56,57,58,59"
ar_l17_tp56_57_58_59,56,-1,100663296,100.663296,all_reduce,87.76072807551483,90.57755445589027,2.816826380375434,tp_all_reduce,17,2,-1,3,-1,"56,57,58,59"
ar_l18_tp56_57_58_59,56,-1,100663296,100.663296,all_reduce,91.12350556547727,93.93622775733795,2.81272219186067,tp_all_reduce,18,2,-1,3,-1,"56,57,58,59"
ar_l19_tp56_57_58_59,56,-1,100663296,100.663296,all_reduce,94.38858363560094,97.20443503994159,2.8158514043406524,tp_all_reduce,19,2,-1,3,-1,"56,57,58,59"
ar_l20_tp56_57_58_59,56,-1,100663296,100.663296,all_reduce,97.83453995970801,100.64803217323846,2.813492213530458,tp_all_reduce,20,2,-1,3,-1,"56,57,58,59"
ar_l21_tp56_57_58_59,56,-1,100663296,100.663296,all_reduce,101.14118946517564,103.9587815610943,2.8175920959186556,tp_all_reduce,21,2,-1,3,-1,"56,57,58,59"
ar_l22_tp56_57_58_59,56,-1,100663296,100.663296,all_reduce,104.38538691196818,107.20091757621073,2.8155306642425466,tp_all_reduce,22,2,-1,3,-1,"56,57,58,59"
ar_l23_tp56_57_58_59,56,-1,100663296,100.663296,all_reduce,107.75077089045331,110.56619622346821,2.815425333014904,tp_all_reduce,23,2,-1,3,-1,"56,57,58,59"
p2p_fwd_mb1_s2_dp0,8,12,67108864,67.108864,p2p,111.10647293458925,112.35694914753597,1.2504762129467162,pp_forward,2,2,3,0,0,"8,12"
p2p_fwd_mb1_s2_dp1,24,28,67108864,67.108864,p2p,111.10647293458925,112.35694914753597,1.2504762129467162,pp_forward,2,2,3,1,1,"24,28"
p2p_fwd_mb1_s2_dp2,40,44,67108864,67.108864,p2p,111.10647293458925,112.35694914753597,1.2504762129467162,pp_forward,2,2,3,2,2,"40,44"
p2p_fwd_mb1_s2_dp3,56,60,67108864,67.108864,p2p,111.10647293458925,112.35694914753597,1.2504762129467162,pp_forward,2,2,3,3,3,"56,60"
ar_l24_tp12_13_14_15,12,-1,100663296,100.663296,all_reduce,114.86091070626414,117.6760370240884,2.8151263178242543,tp_all_reduce,24,3,-1,0,-1,"12,13,14,15"
ar_l25_tp12_13_14_15,12,-1,100663296,100.663296,all_reduce,124.4972656336729,127.31060479373305,2.813339160060144,tp_all_reduce,25,3,-1,0,-1,"12,13,14,15"
ar_l26_tp12_13_14_15,12,-1,100663296,100.663296,all_reduce,130.98664558881066,133.8021511042412,2.815505515430555,tp_all_reduce,26,3,-1,0,-1,"12,13,14,15"
ar_l27_tp12_13_14_15,12,-1,100663296,100.663296,all_reduce,141.23072893361643,144.04702489853602,2.8162959649195853,tp_all_reduce,27,3,-1,0,-1,"12,13,14,15"
ar_l28_tp12_13_14_15,12,-1,100663296,100.663296,all_reduce,147.58844097431353,150.40207108974948,2.81363011543595,tp_all_reduce,28,3,-1,0,-1,"12,13,14,15"
ar_l29_tp12_13_14_15,12,-1,100663296,100.663296,all_reduce,157.35527819463167,160.17222150483676,2.8169433102051,tp_all_reduce,29,3,-1,0,-1,"12,13,14,15"
ar_l30_tp12_13_14_15,12,-1,100663296,100.663296,all_reduce,164.24332128328672,167.06179863868385,2.818477355397142,tp_all_reduce,30,3,-1,0,-1,"12,13,14,15"
ar_l31_tp12_13_14_15,12,-1,100663296,100.663296,all_reduce,174.03953665934685,176.85794708619764,2.8184104268507983,tp_all_reduce,31,3,-1,0,-1,"12,13,14,15"
ar_l24_tp28_29_30_31,28,-1,100663296,100.663296,all_reduce,114.86091070626414,117.67546530420479,2.8145545979406523,tp_all_reduce,24,3,-1,1,-1,"28,29,30,31"
ar_l25_tp28_29_30_31,28,-1,100663296,100.663296,all_reduce,125.07025984102386,127.88685552021236,2.816595679188516,tp_all_reduce,25,3,-1,1,-1,"28,29,30,31"
ar_l26_tp28_29_30_31,28,-1,100663296,100.663296,all_reduce,131.95318247256043,134.76710390023626,2.813921427675836,tp_all_reduce,26,3,-1,1,-1,"28,29,30,31"
ar_l27_tp28_29_30_31,28,-1,100663296,100.663296,all_reduce,141.89722297738288,144.7119218624843,2.8146988851014134,tp_all_reduce,27,3,-1,1,-1,"28,29,30,31"
ar_l28_tp28_29_30_31,28,-1,100663296,100.663296,all_reduce,148.45532794811214,151.26984473088106,2.814516782768922,tp_all_reduce,28,3,-1,1,-1,"28,29,30,31"
ar_l29_tp28_29_30_31,28,-1,100663296,100.663296,all_reduce,158.44821271237296,161.26613201548963,2.817919303116673,tp_all_reduce,29,3,-1,1,-1,"28,29,30,31"
ar_l30_tp28_29_30_31,28,-1,100663296,100.663296,all_reduce,164.9360137242532,167.75393209132113,2.817918367067934,tp_all_reduce,30,3,-1,1,-1,"28,29,30,31"
ar_l31_tp28_29_30_31,28,-1,100663296,100.663296,all_reduce,174.7491944595452,177.56714565848125,2.817951198936047,tp_all_reduce,31,3,-1,1,-1,"28,29,30,31"
ar_l24_tp44_45_46_47,44,-1,100663296,100.663296,all_reduce,114.86091070626414,117.67851465245603,2.8176039461918907,tp_all_reduce,24,3,-1,2,-1,"44,45,46,47"
ar_l25_tp44_45_46_47,44,-1,100663296,100.663296,all_reduce,124.66344908767209,127.47641653618041,2.8129674485083274,tp_all_reduce,25,3,-1,2,-1,"44,45,46,47"
ar_l26_tp44_45_46_47,44,-1,100663296,100.663296,all_reduce,131.45248179683682,134.26935631258053,2.8168745157436947,tp_all_reduce,26,3,-1,2,-1,"44,45,46,47"
ar_l27_tp44_45_46_47,44,-1,100663296,100.663296,all_reduce,141.59051204686216,144.40389278077146,2.8133807339092987,tp_all_reduce,27,3,-1,2,-1,"44,45,46,47"
ar_l28_tp44_45_46_47,44,-1,100663296,100.663296,all_reduce,148.01833907422716,150.8348886894626,2.8165496152354477,tp_all_reduce,28,3,-1,2,-1,"44,45,46,47"
ar_l29_tp44_45_46_47,44,-1,100663296,100.663296,all_reduce,157.81893972572922,160.6316172699594,2.8126775442301746,tp_all_reduce,29,3,-1,2,-1,"44,45,46,47"
ar_l30_tp44_45_46_47,44,-1,100663296,100.663296,all_reduce,164.71314009604927,167.53163276136115,2.8184926653118945,tp_all_reduce,30,3,-1,2,-1,"44,45,46,47"
ar_l31_tp44_45_46_47,44,-1,100663296,100.663296,all_reduce,174.46097577489323,177.27471847820047,2.8137427033072537,tp_all_reduce,31,3,-1,2,-1,"44,45,46,47"
ar_l24_tp60_61_62_63,60,-1,100663296,100.663296,all_reduce,114.86091070626414,117.67591209578937,2.815001389525229,tp_all_reduce,24,3,-1,3,-1,"60,61,62,63"
ar_l25_tp60_61_62_63,60,-1,100663296,100.663296,all_reduce,125.26667424584004,128.08244044912814,2.815766203288106,tp_all_reduce,25,3,-1,3,-1,"60,61,62,63"
ar_l26_tp60_61_62_63,60,-1,100663296,100.663296,all_reduce,131.68262473883408,134.49693411588382,2.8143093770497396,tp_all_reduce,26,3,-1,3,-1,"60,61,62,63"
ar_l27_tp60_61_62_63,60,-1,100663296,100.663296,all_reduce,141.62774713910156,144.44166857994068,2.8139214408391124,tp_all_reduce,27,3,-1,3,-1,"60,61,62,63"
ar_l28_tp60_61_62_63,60,-1,100663296,100.663296,all_reduce,148.40183324089378,151.2175083412667,2.815675100372894,tp_all_reduce,28,3,-1,3,-1,"60,61,62,63"
ar_l29_tp60_61_62_63,60,-1,100663296,100.663296,all_reduce,158.0501237952304,160.8663107211489,2.816186925918507,tp_all_reduce,29,3,-1,3,-1,"60,61,62,63"
ar_l30_tp60_61_62_63,60,-1,100663296,100.663296,all_reduce,164.53570487602934,167.349960764107,2.8142558880776827,tp_all_reduce,30,3,-1,3,-1,"60,61,62,63"
ar_l31_tp60_61_62_63,60,-1,100663296,100.663296,all_reduce,174.51397366464053,177.33128864903586,2.8173149843953302,tp_all_reduce,31,3,-1,3,-1,"60,61,62,63"
p2p_bwd_mb0_s3_dp0,12,8,67108864,67.108864,p2p,187.96476713646646,189.21513625721707,1.2503691207506051,pp_backward,3,3,2,0,0,"12,8"
p2p_bwd_mb0_s3_dp1,28,24,67108864,67.108864,p2p,187.96476713646646,189.21513625721707,1.2503691207506051,pp_backward,3,3,2,1,1,"28,24"
p2p_bwd_mb0_s3_dp2,44,40,67108864,67.108864,p2p,187.96476713646646,189.21513625721707,1.2503691207506051,pp_backward,3,3,2,2,2,"44,40"
p2p_bwd_mb0_s3_dp3,60,56,67108864,67.108864,p2p,187.96476713646646,189.21513625721707,1.2503691207506051,pp_backward,3,3,2,3,3,"60,56"
ar_l0_tp0_1_2_3,0,-1,100663296,100.663296,all_reduce,56.008530727306855,58.82266321098508,2.8141324836782196,tp_all_reduce,0,0,-1,0,-1,"0,1,2,3"
ar_l1_tp0_1_2_3,0,-1,100663296,100.663296,all_reduce,59.44602989157951,62.26183685792289,2.8158069663433776,tp_all_reduce,1,0,-1,0,-1,"0,1,2,3"
ar_l2_tp0_1_2_3,0,-1,100663296,100.663296,all_reduce,62.700290470987156,65.51878269076829,2.8184922197811297,tp_all_reduce,2,0,-1,0,-1,"0,1,2,3"
ar_l3_tp0_1_2_3,0,-1,100663296,100.663296,all_reduce,65.8899683321963,68.70797925497591,2.8180109227795986,tp_all_reduce,3,0,-1,0,-1,"0,1,2,3"
ar_l4_tp0_1_2_3,0,-1,100663296,100.663296,all_reduce,69.2784178139146,72.09481173468558,2.8163939207709876,tp_all_reduce,4,0,-1,0,-1,"0,1,2,3"
ar_l5_tp0_1_2_3,0,-1,100663296,100.663296,all_reduce,72.68327186236824,75.49803635716795,2.8147644947997126,tp_all_reduce,5,0,-1,0,-1,"0,1,2,3"
ar_l6_tp0_1_2_3,0,-1,100663296,100.663296,all_reduce,75.85621324581378,78.67407162267155,2.8178583768577736,tp_all_reduce,6,0,-1,0,-1,"0,1,2,3"
ar_l7_tp0_1_2_3,0,-1,100663296,100.663296,all_reduce,79.13869282038812,81.9562841504697,2.8175913300815814,tp_all_reduce,7,0,-1,0,-1,"0,1,2,3"
ar_l0_tp16_17_18_19,16,-1,100663296,100.663296,all_reduce,56.003122320902555,58.81879483247032,2.8156725115677586,tp_all_reduce,0,0,-1,1,-1,"16,17,18,19"
ar_l1_tp16_17_18_19,16,-1,100663296,100.663296,all_reduce,59.297405669817785,62.11444207098708,2.817036401169301,tp_all_reduce,1,0,-1,1,-1,"16,17,18,19"
ar_l2_tp16_17_18_19,16,-1,100663296,100.663296,all_reduce,62.630028229069154,65.44711510138632,2.8170868723171596,tp_all_reduce,2,0,-1,1,-1,"16,17,18,19"
ar_l3_tp16_17_18_19,16,-1,100663296,100.663296,all_reduce,65.89426619875115,68.70991164953564,2.8156454507844986,tp_all_reduce,3,0,-1,1,-1,"16,17,18,19"
ar_l4_tp16_17_18_19,16,-1,100663296,100.663296,all_reduce,69.16784439588602,71.98206644645633,2.814222050570303,tp_all_reduce,4,0,-1,1,-1,"16,17,18,19"
ar_l5_tp16_17_18_19,16,-1,100663296,100.663296,all_reduce,72.45662793006473,75.27393167458942,2.8173037445246853,tp_all_reduce,5,0,-1,1,-1,"16,17,18,19"
ar_l6_tp16_17_18_19,16,-1,100663296,100.663296,all_reduce,75.73650279194918,78.54911450750245,2.812611715553262,tp_all_reduce,6,0,-1,1,-1,"16,17,18,19"
ar_l7_tp16_17_18_19,16,-1,100663296,100.663296,all_reduce,79.10938807374612,81.92379836708682,2.8144102933406883,tp_all_reduce,7,0,-1,1,-1,"16,17,18,19"
ar_l0_tp32_33_34_35,32,-1,100663296,100.663296,all_reduce,56.00862536649638,58.82519378856133,2.8165684220649507,tp_all_reduce,0,0,-1,2,-1,"32,33,34,35"
ar_l1_tp32_33_34_35,32,-1,100663296,100.663296,all_reduce,59.45832767588225,62.27135144058178,2.8130237646995306,tp_all_reduce,1,0,-1,2,-1,"32,33,34,35"
ar_l2_tp32_33_34_35,32,-1,100663296,100.663296,all_reduce,62.63708359358931,65.45314702691083,2.8160634333215113,tp_all_reduce,2,0,-1,2,-1,"32,33,34,35"
ar_l3_tp32_33_34_35,32,-1,100663296,100.663296,all_reduce,65.99284689174122,68.80893588927304,2.8160889975318293,tp_all_reduce,3,0,-1,2,-1,"32,33,34,35"
ar_l4_tp32_33_34_35,32,-1,100663296,100.663296,all_reduce,69.42294828882798,72.23896848370197,2.8160201948739805,tp_all_reduce,4,0,-1,2,-1,"32,33,34,35"
ar_l5_tp32_33_34_35,32,-1,100663296,100.663296,all_reduce,72.58252496631493,75.40060601349656,2.81808104718162,tp_all_reduce,5,0,-1,2,-1,"32,33,34,35"
ar_l6_tp32_33_34_35,32,-1,100663296,100.663296,all_reduce,75.95999003123704,78.77362292362703,2.813632892389992,tp_all_reduce,6,0,-1,2,-1,"32,33,34,35"
ar_l7_tp32_33_34_35,32,-1,100663296,100.663296,all_reduce,79.38980652460742,82.20696245864212,2.8171559340346986,tp_all_reduce,7,0,-1,2,-1,"32,33,34,35"
ar_l0_tp48_49_50_51,48,-1,100663296,100.663296,all_reduce,56.00790552378748,58.825516346662624,2.817610822875148,tp_all_reduce,0,0,-1,3,-1,"48,49,50,51"
ar_l1_tp48_49_50_51,48,-1,100663296,100.663296,all_reduce,59.360700504018205,62.1781361219285,2.8174356179102995,tp_all_reduce,1,0,-1,3,-1,"48,49,50,51"
ar_l2_tp48_49_50_51,48,-1,100663296,100.663296,all_reduce,62.69276537363633,65.50720072083111,2.814435347194777,tp_all_reduce,2,0,-1,3,-1,"48,49,50,51"
ar_l3_tp48_49_50_51,48,-1,100663296,100.663296,all_reduce,66.1011353697569,68.91853679598309,2.8174014262261906,tp_all_reduce,3,0,-1,3,-1,"48,49,50,51"
ar_l4_tp48_49_50_51,48,-1,100663296,100.663296,all_reduce,69.36037239308921,72.17323912982792,2.812866736738723,tp_all_reduce,4,0,-1,3,-1,"48,49,50,51"
ar_l5_tp48_49_50_51,48,-1,100663296,100.663296,all_reduce,72.59046760302695,75.40317201744404,2.812704414417083,tp_all_reduce,5,0,-1,3,-1,"48,49,50,51"
ar_l6_tp48_49_50_51,48,-1,100663296,100.663296,all_reduce,75.88123475638662,78.69687219539206,2.815637439005453,tp_all_reduce,6,0,-1,3,-1,"48,49,50,51"
ar_l7_tp48_49_50_51,48,-1,100663296,100.663296,all_reduce,79.05117794709389,81.86402817153906,2.8128502244451763,tp_all_reduce,7,0,-1,3,-1,"48,49,50,51"
p2p_fwd_mb2_s0_dp0,0,4,67108864,67.108864,p2p,82.63547632239195,83.88550241527436,1.2500260928824114,pp_forward,0,0,1,0,0,"0,4"
p2p_fwd_mb2_s0_dp1,16,20,67108864,67.108864,p2p,82.63547632239195,83.88550241527436,1.2500260928824114,pp_forward,0,0,1,1,1,"16,20"
p2p_fwd_mb2_s0_dp2,32,36,67108864,67.108864,p2p,82.63547632239195,83.88550241527436,1.2500260928824114,pp_forward,0,0,1,2,2,"32,36"
p2p_fwd_mb2_s0_dp3,48,52,67108864,67.108864,p2p,82.63547632239195,83.88550241527436,1.2500260928824114,pp_forward,0,0,1,3,3,"48,52"
ar_l8_tp4_5_6_7,4,-1,100663296,100.663296,all_reduce,84.38392216358825,87.20131702502287,2.817394861434619,tp_all_reduce,8,1,-1,0,-1,"4,5,6,7"
ar_l9_tp4_5_6_7,4,-1,100663296,100.663296,all_reduce,87.58485249318889,90.39774840133805,2.8128959081491627,tp_all_reduce,9,1,-1,0,-1,"4,5,6,7"
ar_l10_tp4_5_6_7,4,-1,100663296,100.663296,all_reduce,90.90104579867428,93.71488938720269,2.813843588528403,tp_all_reduce,10,1,-1,0,-1,"4,5,6,7"
ar_l11_tp4_5_6_7,4,-1,100663296,100.663296,all_reduce,94.32320407167933,97.13610728652858,2.812903214849255,tp_all_reduce,11,1,-1,0,-1,"4,5,6,7"
ar_l12_tp4_5_6_7,4,-1,100663296,100.663296,all_reduce,97.56858311613186,100.3871189605624,2.8185358444305364,tp_all_reduce,12,1,-1,0,-1,"4,5,6,7"
ar_l13_tp4_5_6_7,4,-1,100663296,100.663296,all_reduce,100.78011951356854,103.595466511142,2.8153469975734646,tp_all_reduce,13,1,-1,0,-1,"4,5,6,7"
ar_l14_tp4_5_6_7,4,-1,100663296,100.663296,all_reduce,104.24106861987266,107.05484992887133,2.813781308998675,tp_all_reduce,14,1,-1,0,-1,"4,5,6,7"
ar_l15_tp4_5_6_7,4,-1,100663296,100.663296,all_reduce,107.53548384920498,110.35077677446475,2.8152929252597687,tp_all_reduce,15,1,-1,0,-1,"4,5,6,7"
ar_l8_tp20_21_22_23,20,-1,100663296,100.663296,all_reduce,84.38392216358825,87.19876515300928,2.814842989421029,tp_all_reduce,8,1,-1,1,-1,"20,21,22,23"
ar_l9_tp20_21_22_23,20,-1,100663296,100.663296,all_reduce,87.65149331894108,90.46553624158875,2.814042922647669,tp_all_reduce,9,1,-1,1,-1,"20,21,22,23"
ar_l10_tp20_21_22_23,20,-1,100663296,100.663296,all_reduce,91.0436942274378,93.86037651734755,2.8166822899097497,tp_all_reduce,10,1,-1,1,-1,"20,21,22,23"
ar_l11_tp20_21_22_23,20,-1,100663296,100.663296,all_reduce,94.19996580513681,97.01638603547072,2.8164202303339048,tp_all_reduce,11,1,-1,1,-1,"20,21,22,23"
ar_l12_tp20_21_22_23,20,-1,100663296,100.663296,all_reduce,97.65758955725772,100.47513688166381,2.817547324406089,tp_all_reduce,12,1,-1,1,-1,"20,21,22,23"
ar_l13_tp20_21_22_23,20,-1,100663296,100.663296,all_reduce,101.01922770593318,103.83297549435362,2.8137477884204456,tp_all_reduce,13,1,-1,1,-1,"20,21,22,23"
ar_l14_tp20_21_22_23,20,-1,100663296,100.663296,all_reduce,104.42317855275469,107.23763203302833,2.814453480273635,tp_all_reduce,14,1,-1,1,-1,"20,21,22,23"
ar_l15_tp20_21_22_23,20,-1,100663296,100.663296,all_reduce,107.84635424871486,110.66182693227967,2.8154726835648014,tp_all_reduce,15,1,-1,1,-1,"20,21,22,23"
ar_l8_tp36_37_38_39,36,-1,100663296,100.663296,all_reduce,84.38392216358825,87.19807223848619,2.8141500748979364,tp_all_reduce,8,1,-1,2,-1,"36,37,38,39"
ar_l9_tp36_37_38_39,36,-1,100663296,100.663296,all_reduce,87.75496613685468,90.57060627994589,2.8156401430912275,tp_all_reduce,9,1,-1,2,-1,"36,37,38,39"
ar_l10_tp36_37_38_39,36,-1,100663296,100.663296,all_reduce,91.19365193802786,94.00980346861617,2.8161515305883125,tp_all_reduce,10,1,-1,2,-1,"36,37,38,39"
ar_l11_tp36_37_38_39,36,-1,100663296,100.663296,all_reduce,94.46372926010267,97.28151521568677,2.8177859555841014,tp_all_reduce,11,1,-1,2,-1,"36,37,38,39"
ar_l12_tp36_37_38_39,36,-1,100663296,100.663296,all_reduce,97.73608276179183,100.54880703046662,2.8127242686747795,tp_all_reduce,12,1,-1,2,-1,"36,37,38,39"
ar_l13_tp36_37_38_39,36,-1,100663296,100.663296,all_reduce,101.20392386261385,104.01928745951096,2.8153635968971162,tp_all_reduce,13,1,-1,2,-1,"36,37,38,39"
ar_l14_tp36_37_38_39,36,-1,100663296,100.663296,all_reduce,104.4149519693468,107.23053473326316,2.8155827639163578,tp_all_reduce,14,1,-1,2,-1,"36,37,38,39"
ar_l15_tp36_37_38_39,36,-1,100663296,100.663296,all_reduce,107.71322808267291,110.5277450432933,2.814516960620378,tp_all_reduce,15,1,-1,2,-1,"36,37,38,39"
ar_l8_tp52_53_54_55,52,-1,100663296,100.663296,all_reduce,84.38392216358825,87.20107553784018,2.817153374251924,tp_all_reduce,8,1,-1,3,-1,"52,53,54,55"
ar_l9_tp52_53_54_55,52,-1,100663296,100.663296,all_reduce,87.71565765357659,90.53356201596894,2.8179043623923623,tp_all_reduce,9,1,-1,3,-1,"52,53,54,55"
ar_l10_tp52_53_54_55,52,-1,100663296,100.663296,all_reduce,90.9002549477974,93.71837877034682,2.818123822549423,tp_all_reduce,10,1,-1,3,-1,"52,53,54,55"
ar_l11_tp52_53_54_55,52,-1,100663296,100.663296,all_reduce,94.21319290887584,97.0312897019729,2.8180967930970526,tp_all_reduce,11,1,-1,3,-1,"52,53,54,55"
ar_l12_tp52_53_54_55,52,-1,100663296,100.663296,all_reduce,97.55762464271925,100.37241695702043,2.8147923143011786,tp_all_reduce,12,1,-1,3,-1,"52,53,54,55"
ar_l13_tp52_53_54_55,52,-1,100663296,100.663296,all_reduce,100.75577218590608,103.5741304697251,2.818358283819031,tp_all_reduce,13,1,-1,3,-1,"52,53,54,55"
ar_l14_tp52_53_54_55,52,-1,100663296,100.663296,all_reduce,103.94769245415726,106.76460790461665,2.816915450459395,tp_all_reduce,14,1,-1,3,-1,"52,53,54,55"
ar_l15_tp52_53_54_55,52,-1,100663296,100.663296,all_reduce,107.40168736594514,110.21789239373354,2.8162050277883988,tp_all_reduce,15,1,-1,3,-1,"52,53,54,55"
p2p_fwd_mb2_s1_dp0,4,8,67108864,67.108864,p2p,111.14009311844717,112.39264404573774,1.2525509272905688,pp_forward,1,1,2,0,0,"4,8"
p2p_fwd_mb2_s1_dp1,20,24,67108864,67.108864,p2p,111.14009311844717,112.39264404573774,1.2525509272905688,pp_forward,1,1,2,1,1,"20,24"
p2p_fwd_mb2_s1_dp2,36,40,67108864,67.108864,p2p,111.14009311844717,112.39264404573774,1.2525509272905688,pp_forward,1,1,2,2,2,"36,40"
p2p_fwd_mb2_s1_dp3,52,56,67108864,67.108864,p2p,111.14009311844717,112.39264404573774,1.2525509272905688,pp_forward,1,1,2,3,3,"52,56"
ar_l16_tp8_9_10_11,8,-1,100663296,100.663296,all_reduce,189.21513625721707,192.029297133895,2.814160876677935,tp_all_reduce,16,2,-1,0,-1,"8,9,10,11"
ar_l17_tp8_9_10_11,8,-1,100663296,100.663296,all_reduce,198.86454995647125,201.6821515596844,2.817601603213121,tp_all_reduce,17,2,-1,0,-1,"8,9,10,11"
ar_l18_tp8_9_10_11,8,-1,100663296,100.663296,all_reduce,205.1611961089588,207.97613301341318,2.8149369044543904,tp_all_reduce,18,2,-1,0,-1,"8,9,10,11"
ar_l19_tp8_9_10_11,8,-1,100663296,100.663296,all_reduce,215.12983010304492,217.94605651406584,2.8162264110209168,tp_all_reduce,19,2,-1,0,-1,"8,9,10,11"
ar_l20_tp8_9_10_11,8,-1,100663296,100.663296,all_reduce,221.73453805651346,224.55149716355086,2.8169591070373867,tp_all_reduce,20,2,-1,0,-1,"8,9,10,11"
ar_l21_tp8_9_10_11,8,-1,100663296,100.663296,all_reduce,231.7832961227999,234.6003158594615,2.8170197366615692,tp_all_reduce,21,2,-1,0,-1,"8,9,10,11"
ar_l22_tp8_9_10_11,8,-1,100663296,100.663296,all_reduce,238.211370539602,241.02682198225443,2.815451442652439,tp_all_reduce,22,2,-1,0,-1,"8,9,10,11"
ar_l23_tp8_9_10_11,8,-1,100663296,100.663296,all_reduce,247.73533312878104,250.55384681190912,2.8185136831280766,tp_all_reduce,23,2,-1,0,-1,"8,9,10,11"
ar_l16_tp24_25_26_27,24,-1,100663296,100.663296,all_reduce,189.21513625721707,192.02769325682536,2.8125569996083066,tp_all_reduce,16,2,-1,1,-1,"24,25,26,27"
ar_l17_tp24_25_26_27,24,-1,100663296,100.663296,all_reduce,199.31936119873217,202.13733182033022,2.817970621598054,tp_all_reduce,17,2,-1,1,-1,"24,25,26,27"
ar_l18_tp24_25_26_27,24,-1,100663296,100.663296,all_reduce,205.75088837110042,208.56659088277792,2.8157025116774816,tp_all_reduce,18,2,-1,1,-1,"24,25,26,27"
ar_l19_tp24_25_26_27,24,-1,100663296,100.663296,all_reduce,215.88611863574005,218.7008511052816,2.8147324695415312,tp_all_reduce,19,2,-1,1,-1,"24,25,26,27"
ar_l20_tp24_25_26_27,24,-1,100663296,100.663296,all_reduce,222.43636310834384,225.2511702646756,2.814807156331783,tp_all_reduce,20,2,-1,1,-1,"24,25,26,27"
ar_l21_tp24_25_26_27,24,-1,100663296,100.663296,all_reduce,232.59141398108628,235.40835508924349,2.8169411081572227,tp_all_reduce,21,2,-1,1,-1,"24,25,26,27"
ar_l22_tp24_25_26_27,24,-1,100663296,100.663296,all_reduce,239.52091477632078,242.33351699601857,2.8126022196977853,tp_all_reduce,22,2,-1,1,-1,"24,25,26,27"
ar_l23_tp24_25_26_27,24,-1,100663296,100.663296,all_reduce,249.71164437234677,252.52629198720743,2.814647614860666,tp_all_reduce,23,2,-1,1,-1,"24,25,26,27"
ar_l16_tp40_41_42_43,40,-1,100663296,100.663296,all_reduce,189.21513625721707,192.03005157785753,2.8149153206404876,tp_all_reduce,16,2,-1,2,-1,"40,41,42,43"
ar_l17_tp40_41_42_43,40,-1,100663296,100.663296,all_reduce,199.15179920039765,201.96994049771317,2.818141297315502,tp_all_reduce,17,2,-1,2,-1,"40,41,42,43"
ar_l18_tp40_41_42_43,40,-1,100663296,100.663296,all_reduce,205.8087183628325,208.62307244815906,2.8143540853265425,tp_all_reduce,18,2,-1,2,-1,"40,41,42,43"
ar_l19_tp40_41_42_43,40,-1,100663296,100.663296,all_reduce,215.96997925941747,218.78490750679674,2.814928247379278,tp_all_reduce,19,2,-1,2,-1,"40,41,42,43"
ar_l20_tp40_41_42_43,40,-1,100663296,100.663296,all_reduce,222.46272588396715,225.27635982143465,2.813633937467502,tp_all_reduce,20,2,-1,2,-1,"40,41,42,43"
ar_l21_tp40_41_42_43,40,-1,100663296,100.663296,all_reduce,232.4051696740309,235.22282435142768,2.8176546773967526,tp_all_reduce,21,2,-1,2,-1,"40,41,42,43"
ar_l22_tp40_41_42_43,40,-1,100663296,100.663296,all_reduce,239.10833787459168,241.92363325360296,2.81529537901129,tp_all_reduce,22,2,-1,2,-1,"40,41,42,43"
ar_l23_tp40_41_42_43,40,-1,100663296,100.663296,all_reduce,248.75963230834878,251.57312316830422,2.813490859955442,tp_all_reduce,23,2,-1,2,-1,"40,41,42,43"
ar_l16_tp56_57_58_59,56,-1,100663296,100.663296,all_reduce,189.21513625721707,192.0319460640271,2.816809806810039,tp_all_reduce,16,2,-1,3,-1,"56,57,58,59"
ar_l17_tp56_57_58_59,56,-1,100663296,100.663296,all_reduce,199.21925726516787,202.03344317404117,2.8141859088733066,tp_all_reduce,17,2,-1,3,-1,"56,57,58,59"
ar_l18_tp56_57_58_59,56,-1,100663296,100.663296,all_reduce,206.06243941034617,208.87516566090306,2.812726250556896,tp_all_reduce,18,2,-1,3,-1,"56,57,58,59"
ar_l19_tp56_57_58_59,56,-1,100663296,100.663296,all_reduce,215.95160100326711,218.76533181136028,2.81373080809319,tp_all_reduce,19,2,-1,3,-1,"56,57,58,59"
ar_l20_tp56_57_58_59,56,-1,100663296,100.663296,all_reduce,222.8654551584634,225.68378266051502,2.818327502051632,tp_all_reduce,20,2,-1,3,-1,"56,57,58,59"
ar_l21_tp56_57_58_59,56,-1,100663296,100.663296,all_reduce,232.66341635750928,235.47938643432775,2.815970076818469,tp_all_reduce,21,2,-1,3,-1,"56,57,58,59"
ar_l22_tp56_57_58_59,56,-1,100663296,100.663296,all_reduce,239.20153256875082,242.0143279382538,2.8127953695029904,tp_all_reduce,22,2,-1,3,-1,"56,57,58,59"
ar_l23_tp56_57_58_59,56,-1,100663296,100.663296,all_reduce,249.15852250117715,251.97462915503294,2.8161066538557877,tp_all_reduce,23,2,-1,3,-1,"56,57,58,59"
p2p_bwd_mb0_s2_dp0,8,4,67108864,67.108864,p2p,256.07474048867874,257.32691865058814,1.252178161909423,pp_backward,2,2,1,0,0,"8,4"
p2p_bwd_mb0_s2_dp1,24,20,67108864,67.108864,p2p,256.07474048867874,257.32691865058814,1.252178161909423,pp_backward,2,2,1,1,1,"24,20"
p2p_bwd_mb0_s2_dp2,40,36,67108864,67.108864,p2p,256.07474048867874,257.32691865058814,1.252178161909423,pp_backward,2,2,1,2,2,"40,36"
p2p_bwd_mb0_s2_dp3,56,52,67108864,67.108864,p2p,256.07474048867874,257.32691865058814,1.252178161909423,pp_backward,2,2,1,3,3,"56,52"
ar_l24_tp12_13_14_15,12,-1,100663296,100.663296,all_reduce,189.21513625721707,192.03274398949762,2.8176077322805693,tp_all_reduce,24,3,-1,0,-1,"12,13,14,15"
ar_l25_tp12_13_14_15,12,-1,100663296,100.663296,all_reduce,192.38837880037133,195.20131468065483,2.8129358802835016,tp_all_reduce,25,3,-1,0,-1,"12,13,14,15"
ar_l26_tp12_13_14_15,12,-1,100663296,100.663296,all_reduce,195.8160624622507,198.63180030372231,2.815737841471627,tp_all_reduce,26,3,-1,0,-1,"12,13,14,15"
ar_l27_tp12_13_14_15,12,-1,100663296,100.663296,all_reduce,199.16264387865323,201.97693236305344,2.8142884844002127,tp_all_reduce,27,3,-1,0,-1,"12,13,14,15"
ar_l28_tp12_13_14_15,12,-1,100663296,100.663296,all_reduce,202.3891259175053,205.20661368350787,2.8174877660025466,tp_all_reduce,28,3,-1,0,-1,"12,13,14,15"
ar_l29_tp12_13_14_15,12,-1,100663296,100.663296,all_reduce,205.6997338461473,208.5181273953224,2.8183935491751244,tp_all_reduce,29,3,-1,0,-1,"12,13,14,15"
ar_l30_tp12_13_14_15,12,-1,100663296,100.663296,all_reduce,209.11753766895453,211.9349250752192,2.817387406264693,tp_all_reduce,30,3,-1,0,-1,"12,13,14,15"
ar_l31_tp12_13_14_15,12,-1,100663296,100.663296,all_reduce,212.49712063819334,215.3149365830756,2.8178159448822573,tp_all_reduce,31,3,-1,0,-1,"12,13,14,15"
ar_l24_tp28_29_30_31,28,-1,100663296,100.663296,all_reduce,189.21513625721707,192.02952709226696,2.81439083504989,tp_all_reduce,24,3,-1,1,-1,"28,29,30,31"
ar_l25_tp28_29_30_31,28,-1,100663296,100.663296,all_reduce,192.61820127044953,195.43449071318153,2.8162894427319896,tp_all_reduce,25,3,-1,1,-1,"28,29,30,31"
ar_l26_tp28_29_30_31,28,-1,100663296,100.663296,all_reduce,196.0694690893518,198.88514857087324,2.815679481521449,tp_all_reduce,26,3,-1,1,-1,"28,29,30,31"
ar_l27_tp28_29_30_31,28,-1,100663296,100.663296,all_reduce,199.46736753669293,202.28455099018026,2.817183453487332,tp_all_reduce,27,3,-1,1,-1,"28,29,30,31"
ar_l28_tp28_29_30_31,28,-1,100663296,100.663296,all_reduce,202.90632307279787,205.72405869735707,2.817735624559198,tp_all_reduce,28,3,-1,1,-1,"28,29,30,31"
ar_l29_tp28_29_30_31,28,-1,100663296,100.663296,all_reduce,206.20111235743897,209.01546704105164,2.8143546836126854,tp_all_reduce,29,3,-1,1,-1,"28,29,30,31"
ar_l30_tp28_29_30_31,28,-1,100663296,100.663296,all_reduce,209.56640641303952,212.38084475501884,2.8144383419793084,tp_all_reduce,30,3,-1,1,-1,"28,29,30,31"
ar_l31_tp28_29_30_31,28,-1,100663296,100.663296,all_reduce,213.00155567765177,215.81898743193233,2.817431754280564,tp_all_reduce,31,3,-1,1,-1,"28,29,30,31"
ar_l24_tp44_45_46_47,44,-1,100663296,100.663296,all_reduce,189.21513625721707,192.0335155349233,2.8183792777062564,tp_all_reduce,24,3,-1,2,-1,"44,45,46,47"
ar_l25_tp44_45_46_47,44,-1,100663296,100.663296,all_reduce,192.4093636532461,195.22353368510957,2.8141700318634886,tp_all_reduce,25,3,-1,2,-1,"44,45,46,47"
ar_l26_tp44_45_46_47,44,-1,100663296,100.663296,all_reduce,195.8549940850663,198.67244821561877,2.8174541305524823,tp_all_reduce,26,3,-1,2,-1,"44,45,46,47"
ar_l27_tp44_45_46_47,44,-1,100663296,100.663296,all_reduce,199.26548020788587,202.08396567284606,2.818485464960191,tp_all_reduce,27,3,-1,2,-1,"44,45,46,47"
ar_l28_tp44_45_46_47,44,-1,100663296,100.663296,all_reduce,202.5828506972541,205.39663001543227,2.8137793181781667,tp_all_reduce,28,3,-1,2,-1,"44,45,46,47"
ar_l29_tp44_45_46_47,44,-1,100663296,100.663296,all_reduce,205.88675739980852,208.7052189319807,2.8184615321721895,tp_all_reduce,29,3,-1,2,-1,"44,45,46,47"
ar_l30_tp44_45_46_47,44,-1,100663296,100.663296,all_reduce,209.09788469750268,211.91450398763232,2.816619290129635,tp_all_reduce,30,3,-1,2,-1,"44,45,46,47"
ar_l31_tp44_45_46_47,44,-1,100663296,100.663296,all_reduce,212.39118948719167,215.20816416758038,2.8169746803887175,tp_all_reduce,31,3,-1,2,-1,"44,45,46,47"
ar_l24_tp60_61_62_63,60,-1,100663296,100.663296,all_reduce,189.21513625721707,192.03155755111246,2.8164212938953934,tp_all_reduce,24,3,-1,3,-1,"60,61,62,63"
ar_l25_tp60_61_62_63,60,-1,100663296,100.663296,all_reduce,192.62675523607996,195.4419664266146,2.8152111905346278,tp_all_reduce,25,3,-1,3,-1,"60,61,62,63"
ar_l26_tp60_61_62_63,60,-1,100663296,100.663296,all_reduce,196.02585535026705,198.8397685586983,2.813913208431246,tp_all_reduce,26,3,-1,3,-1,"60,61,62,63"
ar_l27_tp60_61_62_63,60,-1,100663296,100.663296,all_reduce,199.1880549886861,202.00173259704792,2.81367760836182,tp_all_reduce,27,3,-1,3,-1,"60,61,62,63"
ar_l28_tp60_61_62_63,60,-1,100663296,100.663296,all_reduce,202.59246123519821,205.41062303598864,2.8181618007904197,tp_all_reduce,28,3,-1,3,-1,"60,61,62,63"
ar_l29_tp60_61_62_63,60,-1,100663296,100.663296,all_reduce,206.0587221117689,208.87524406636282,2.81652195459392,tp_all_reduce,29,3,-1,3,-1,"60,61,62,63"
ar_l30_tp60_61_62_63,60,-1,100663296,100.663296,all_reduce,209.21131103416673,212.02754550932664,2.816234475159912,tp_all_reduce,30,3,-1,3,-1,"60,61,62,63"
ar_l31_tp60_61_62_63,60,-1,100663296,100.663296,all_reduce,212.5927062131717,215.40981688894206,2.81711067577034,tp_all_reduce,31,3,-1,3,-1,"60,61,62,63"
ar_l0_tp0_1_2_3,0,-1,100663296,100.663296,all_reduce,83.95463892822657,86.77310969887834,2.818470770651768,tp_all_reduce,0,0,-1,0,-1,"0,1,2,3"
ar_l1_tp0_1_2_3,0,-1,100663296,100.663296,all_reduce,87.15744499656716,89.97100614066595,2.813561144098781,tp_all_reduce,1,0,-1,0,-1,"0,1,2,3"
ar_l2_tp0_1_2_3,0,-1,100663296,100.663296,all_reduce,90.4350459988246,93.25061916404525,2.8155731652206306,tp_all_reduce,2,0,-1,0,-1,"0,1,2,3"
ar_l3_tp0_1_2_3,0,-1,100663296,100.663296,all_reduce,93.74795536584111,96.56333257841564,2.815377212574535,tp_all_reduce,3,0,-1,0,-1,"0,1,2,3"
ar_l4_tp0_1_2_3,0,-1,100663296,100.663296,all_reduce,96.96491427315306,99.78269933133569,2.8177850581826425,tp_all_reduce,4,0,-1,0,-1,"0,1,2,3"
ar_l5_tp0_1_2_3,0,-1,100663296,100.663296,all_reduce,100.21434500574344,103.03134980309315,2.817004797349712,tp_all_reduce,5,0,-1,0,-1,"0,1,2,3"
ar_l6_tp0_1_2_3,0,-1,100663296,100.663296,all_reduce,103.68857154845918,106.50534592085204,2.8167743723928607,tp_all_reduce,6,0,-1,0,-1,"0,1,2,3"
ar_l7_tp0_1_2_3,0,-1,100663296,100.663296,all_reduce,106.92823273971568,109.74176182338005,2.8135290836643763,tp_all_reduce,7,0,-1,0,-1,"0,1,2,3"
ar_l0_tp16_17_18_19,16,-1,100663296,100.663296,all_reduce,83.95191439305864,86.76847075273787,2.816556359679229,tp_all_reduce,0,0,-1,1,-1,"16,17,18,19"
ar_l1_tp16_17_18_19,16,-1,100663296,100.663296,all_reduce,87.18563044362958,90.00044849633456,2.814818052704976,tp_all_reduce,1,0,-1,1,-1,"16,17,18,19"
ar_l2_tp16_17_18_19,16,-1,100663296,100.663296,all_reduce,90.40135952518624,93.21519905054663,2.8138395253603927,tp_all_reduce,2,0,-1,1,-1,"16,17,18,19"
ar_l3_tp16_17_18_19,16,-1,100663296,100.663296,all_reduce,93.82794841066867,96.64372824697502,2.8157798363063478,tp_all_reduce,3,0,-1,1,-1,"16,17,18,19"
ar_l4_tp16_17_18_19,16,-1,100663296,100.663296,all_reduce,97.30541391907329,100.11979712134253,2.8143832022692465,tp_all_reduce,4,0,-1,1,-1,"16,17,18,19"
ar_l5_tp16_17_18_19,16,-1,100663296,100.663296,all_reduce,100.63524103149899,103.45192018901902,2.8166791575200274,tp_all_reduce,5,0,-1,1,-1,"16,17,18,19"
ar_l6_tp16_17_18_19,16,-1,100663296,100.663296,all_reduce,104.06223615992155,106.87527349261009,2.813037332688548,tp_all_reduce,6,0,-1,1,-1,"16,17,18,19"
ar_l7_tp16_17_18_19,16,-1,100663296,100.663296,all_reduce,107.2536800080447,110.06691546878297,2.8132354607382783,tp_all_reduce,7,0,-1,1,-1,"16,17,18,19"
ar_l0_tp32_33_34_35,32,-1,100663296,100.663296,all_reduce,83.95412463300804,86.7714580468651,2.8173334138570647,tp_all_reduce,0,0,-1,2,-1,"32,33,34,35"
ar_l1_tp32_33_34_35,32,-1,100663296,100.663296,all_reduce,87.15752923009207,89.97396407549796,2.8164348454058907,tp_all_reduce,1,0,-1,2,-1,"32,33,34,35"
ar_l2_tp32_33_34_35,32,-1,100663296,100.663296,all_reduce,90.48169741152716,93.2987506723929,2.8170532608657455,tp_all_reduce,2,0,-1,2,-1,"32,33,34,35"
ar_l3_tp32_33_34_35,32,-1,100663296,100.663296,all_reduce,93.68113801520515,96.49959496971813,2.8184569545129796,tp_all_reduce,3,0,-1,2,-1,"32,33,34,35"
ar_l4_tp32_33_34_35,32,-1,100663296,100.663296,all_reduce,96.90935840130577,99.72715064767269,2.8177922463669125,tp_all_reduce,4,0,-1,2,-1,"32,33,34,35"
ar_l5_tp32_33_34_35,32,-1,100663296,100.663296,all_reduce,100.10616990560148,102.92169161983763,2.8155217142361577,tp_all_reduce,5,0,-1,2,-1,"32,33,34,35"
ar_l6_tp32_33_34_35,32,-1,100663296,100.663296,all_reduce,103.30753621535337,106.12583246968248,2.8182962543291112,tp_all_reduce,6,0,-1,2,-1,"32,33,34,35"
ar_l7_tp32_33_34_35,32,-1,100663296,100.663296,all_reduce,106.77066218804877,109.58677772485149,2.8161155368027075,tp_all_reduce,7,0,-1,2,-1,"32,33,34,35"
ar_l0_tp48_49_50_51,48,-1,100663296,100.663296,all_reduce,83.9534733109147,86.7701396526121,2.816666341697402,tp_all_reduce,0,0,-1,3,-1,"48,49,50,51"
ar_l1_tp48_49_50_51,48,-1,100663296,100.663296,all_reduce,87.27629871244093,90.09351483657105,2.81721612413012,tp_all_reduce,1,0,-1,3,-1,"48,49,50,51"
ar_l2_tp48_49_50_51,48,-1,100663296,100.663296,all_reduce,90.70954580804627,93.52493776294514,2.815391954898869,tp_all_reduce,2,0,-1,3,-1,"48,49,50,51"
ar_l3_tp48_49_50_51,48,-1,100663296,100.663296,all_reduce,93.96836157101843,96.78410447865335,2.815742907634908,tp_all_reduce,3,0,-1,3,-1,"48,49,50,51"
ar_l4_tp48_49_50_51,48,-1,100663296,100.663296,all_reduce,97.35455082827403,100.16916689806973,2.814616069795703,tp_all_reduce,4,0,-1,3,-1,"48,49,50,51"
ar_l5_tp48_49_50_51,48,-1,100663296,100.663296,all_reduce,100.82790555898326,103.6443195096145,2.8164139506312442,tp_all_reduce,5,0,-1,3,-1,"48,49,50,51"
ar_l6_tp48_49_50_51,48,-1,100663296,100.663296,all_reduce,103.9746691756402,106.78751017749931,2.8128410018591063,tp_all_reduce,6,0,-1,3,-1,"48,49,50,51"
ar_l7_tp48_49_50_51,48,-1,100663296,100.663296,all_reduce,107.1977064832978,110.01150624347326,2.81379976017547,tp_all_reduce,7,0,-1,3,-1,"48,49,50,51"
p2p_fwd_mb3_s0_dp0,0,4,67108864,67.108864,p2p,110.5629258341464,111.81367466273959,1.25074882859319,pp_forward,0,0,1,0,0,"0,4"
p2p_fwd_mb3_s0_dp1,16,20,67108864,67.108864,p2p,110.5629258341464,111.81367466273959,1.25074882859319,pp_forward,0,0,1,1,1,"16,20"
p2p_fwd_mb3_s0_dp2,32,36,67108864,67.108864,p2p,110.5629258341464,111.81367466273959,1.25074882859319,pp_forward,0,0,1,2,2,"32,36"
p2p_fwd_mb3_s0_dp3,48,52,67108864,67.108864,p2p,110.5629258341464,111.81367466273959,1.25074882859319,pp_forward,0,0,1,3,3,"48,52"
ar_l8_tp4_5_6_7,4,-1,100663296,100.663296,all_reduce,257.32691865058814,260.14162531487034,2.814706664282185,tp_all_reduce,8,1,-1,0,-1,"4,5,6,7"
ar_l9_tp4_5_6_7,4,-1,100663296,100.663296,all_reduce,267.44183340052274,270.25972910879744,2.817895708274676,tp_all_reduce,9,1,-1,0,-1,"4,5,6,7"
ar_l10_tp4_5_6_7,4,-1,100663296,100.663296,all_reduce,273.79978572572026,276.6131057316543,2.8133200059339836,tp_all_reduce,10,1,-1,0,-1,"4,5,6,7"
ar_l11_tp4_5_6_7,4,-1,100663296,100.663296,all_reduce,283.5106734697098,286.3290559973306,2.818382527620844,tp_all_reduce,11,1,-1,0,-1,"4,5,6,7"
ar_l12_tp4_5_6_7,4,-1,100663296,100.663296,all_reduce,290.0238132511937,292.83695493923193,2.8131416880382565,tp_all_reduce,12,1,-1,0,-1,"4,5,6,7"
ar_l13_tp4_5_6_7,4,-1,100663296,100.663296,all_reduce,299.8385015353083,302.6528375352321,2.8143359999238116,tp_all_reduce,13,1,-1,0,-1,"4,5,6,7"
ar_l14_tp4_5_6_7,4,-1,100663296,100.663296,all_reduce,306.69839366583153,309.5130361807312,2.8146425148997123,tp_all_reduce,14,1,-1,0,-1,"4,5,6,7"
ar_l15_tp4_5_6_7,4,-1,100663296,100.663296,all_reduce,316.59895246075666,319.4161383705365,2.8171859097798624,tp_all_reduce,15,1,-1,0,-1,"4,5,6,7"
ar_l8_tp20_21_22_23,20,-1,100663296,100.663296,all_reduce,257.32691865058814,260.14407832304255,2.8171596724543835,tp_all_reduce,8,1,-1,1,-1,"20,21,22,23"
ar_l9_tp20_21_22_23,20,-1,100663296,100.663296,all_reduce,267.0631728374226,269.8812575771709,2.8180847397483166,tp_all_reduce,9,1,-1,1,-1,"20,21,22,23"
ar_l10_tp20_21_22_23,20,-1,100663296,100.663296,all_reduce,273.6902925134741,276.5082647219558,2.817972208481734,tp_all_reduce,10,1,-1,1,-1,"20,21,22,23"
ar_l11_tp20_21_22_23,20,-1,100663296,100.663296,all_reduce,283.22138830936746,286.03628996747983,2.8149016581123787,tp_all_reduce,11,1,-1,1,-1,"20,21,22,23"
ar_l12_tp20_21_22_23,20,-1,100663296,100.663296,all_reduce,289.8472067821578,292.66149215518107,2.814285373023251,tp_all_reduce,12,1,-1,1,-1,"20,21,22,23"
ar_l13_tp20_21_22_23,20,-1,100663296,100.663296,all_reduce,299.69292157550416,302.509078723374,2.816157147869869,tp_all_reduce,13,1,-1,1,-1,"20,21,22,23"
ar_l14_tp20_21_22_23,20,-1,100663296,100.663296,all_reduce,306.4286713617115,309.2450966446476,2.8164252829360747,tp_all_reduce,14,1,-1,1,-1,"20,21,22,23"
ar_l15_tp20_21_22_23,20,-1,100663296,100.663296,all_reduce,316.2673575973587,319.0851762020089,2.8178186046501907,tp_all_reduce,15,1,-1,1,-1,"20,21,22,23"
ar_l8_tp36_37_38_39,36,-1,100663296,100.663296,all_reduce,257.32691865058814,260.14356456901913,2.8166459184310044,tp_all_reduce,8,1,-1,2,-1,"36,37,38,39"
ar_l9_tp36_37_38_39,36,-1,100663296,100.663296,all_reduce,267.32020631191153,270.13370991324774,2.813503601336198,tp_all_reduce,9,1,-1,2,-1,"36,37,38,39"
ar_l10_tp36_37_38_39,36,-1,100663296,100.663296,all_reduce,273.621734248573,276.435701826602,2.8139675780289863,tp_all_reduce,10,1,-1,2,-1,"36,37,38,39"
ar_l11_tp36_37_38_39,36,-1,100663296,100.663296,all_reduce,283.3567221572328,286.17220598534215,2.8154838281093664,tp_all_reduce,11,1,-1,2,-1,"36,37,38,39"
ar_l12_tp36_37_38_39,36,-1,100663296,100.663296,all_reduce,290.2356372859038,293.05407547428325,2.8184381883794574,tp_all_reduce,12,1,-1,2,-1,"36,37,38,39"
ar_l13_tp36_37_38_39,36,-1,100663296,100.663296,all_reduce,300.41279630194106,303.22751470856116,2.8147184066201203,tp_all_reduce,13,1,-1,2,-1,"36,37,38,39"
ar_l14_tp36_37_38_39,36,-1,100663296,100.663296,all_reduce,307.0695606131937,309.8877271961545,2.818166582960857,tp_all_reduce,14,1,-1,2,-1,"36,37,38,39"
ar_l15_tp36_37_38_39,36,-1,100663296,100.663296,all_reduce,317.27385595060247,320.0901471415619,2.8162911909593857,tp_all_reduce,15,1,-1,2,-1,"36,37,38,39"
ar_l8_tp52_53_54_55,52,-1,100663296,100.663296,all_reduce,257.32691865058814,260.1441638606147,2.81724521002652,tp_all_reduce,8,1,-1,3,-1,"52,53,54,55"
ar_l9_tp52_53_54_55,52,-1,100663296,100.663296,all_reduce,267.36798606890017,270.1860035581899,2.818017489289726,tp_all_reduce,9,1,-1,3,-1,"52,53,54,55"
ar_l10_tp52_53_54_55,52,-1,100663296,100.663296,all_reduce,273.98849596310293,276.80518158770667,2.816685624603743,tp_all_reduce,10,1,-1,3,-1,"52,53,54,55"
ar_l11_tp52_53_54_55,52,-1,100663296,100.663296,all_reduce,284.10952735077376,286.9269550661736,2.817427715399834,tp_all_reduce,11,1,-1,3,-1,"52,53,54,55"
ar_l12_tp52_53_54_55,52,-1,100663296,100.663296,all_reduce,290.8933214839043,293.70750217444305,2.8141806905387368,tp_all_reduce,12,1,-1,3,-1,"52,53,54,55"
ar_l13_tp52_53_54_55,52,-1,100663296,100.663296,all_reduce,301.0656336988926,303.8823753393788,2.816741640486231,tp_all_reduce,13,1,-1,3,-1,"52,53,54,55"
ar_l14_tp52_53_54_55,52,-1,100663296,100.663296,all_reduce,307.49897746787957,310.31235840018184,2.8133809323022674,tp_all_reduce,14,1,-1,3,-1,"52,53,54,55"
ar_l15_tp52_53_54_55,52,-1,100663296,100.663296,all_reduce,317.23212356173383,320.0454433003474,2.8133197386135955,tp_all_reduce,15,1,-1,3,-1,"52,53,54,55"
p2p_bwd_mb0_s1_dp0,4,0,67108864,67.108864,p2p,324.1507920244643,325.4010975350494,1.2503055105851368,pp_backward,1,1,0,0,0,"4,0"
p2p_bwd_mb0_s1_dp1,20,16,67108864,67.108864,p2p,324.1507920244643,325.4010975350494,1.2503055105851368,pp_backward,1,1,0,1,1,"20,16"
p2p_bwd_mb0_s1_dp2,36,32,67108864,67.108864,p2p,324.1507920244643,325.4010975350494,1.2503055105851368,pp_backward,1,1,0,2,2,"36,32"
p2p_bwd_mb0_s1_dp3,52,48,67108864,67.108864,p2p,324.1507920244643,325.4010975350494,1.2503055105851368,pp_backward,1,1,0,3,3,"52,48"
ar_l16_tp8_9_10_11,8,-1,100663296,100.663296,all_reduce,257.32691865058814,260.14153555064956,2.8146169000614063,tp_all_reduce,16,2,-1,0,-1,"8,9,10,11"
ar_l17_tp8_9_10_11,8,-1,100663296,100.663296,all_reduce,260.6589354281028,263.476874584486,2.8179391563832312,tp_all_reduce,17,2,-1,0,-1,"8,9,10,11"
ar_l18_tp8_9_10_11,8,-1,100663296,100.663296,all_reduce,264.03741031951836,266.8507614523075,2.8133511327891325,tp_all_reduce,18,2,-1,0,-1,"8,9,10,11"
ar_l19_tp8_9_10_11,8,-1,100663296,100.663296,all_reduce,267.4201687965108,270.2384181209626,2.818249324451849,tp_all_reduce,19,2,-1,0,-1,"8,9,10,11"
ar_l20_tp8_9_10_11,8,-1,100663296,100.663296,all_reduce,270.73236033598016,273.5478746323944,2.8155142964142454,tp_all_reduce,20,2,-1,0,-1,"8,9,10,11"
ar_l21_tp8_9_10_11,8,-1,100663296,100.663296,all_reduce,274.0388479708622,276.8546193838794,2.8157714130171985,tp_all_reduce,21,2,-1,0,-1,"8,9,10,11"
ar_l22_tp8_9_10_11,8,-1,100663296,100.663296,all_reduce,277.2153316096996,280.0316857970472,2.816354187347603,tp_all_reduce,22,2,-1,0,-1,"8,9,10,11"
ar_l23_tp8_9_10_11,8,-1,100663296,100.663296,all_reduce,280.3832550899654,283.20168234470015,2.8184272547347455,tp_all_reduce,23,2,-1,0,-1,"8,9,10,11"
ar_l16_tp24_25_26_27,24,-1,100663296,100.663296,all_reduce,257.32691865058814,260.1453267844403,2.8184081338520905,tp_all_reduce,16,2,-1,1,-1,"24,25,26,27"
ar_l17_tp24_25_26_27,24,-1,100663296,100.663296,all_reduce,260.5057925619034,263.3188438318428,2.813051269939415,tp_all_reduce,17,2,-1,1,-1,"24,25,26,27"
ar_l18_tp24_25_26_27,24,-1,100663296,100.663296,all_reduce,263.7401189371786,266.55370617385034,2.813587236671744,tp_all_reduce,18,2,-1,1,-1,"24,25,26,27"
ar_l19_tp24_25_26_27,24,-1,100663296,100.663296,all_reduce,267.212666970488,270.0301807783425,2.8175138078544992,tp_all_reduce,19,2,-1,1,-1,"24,25,26,27"
ar_l20_tp24_25_26_27,24,-1,100663296,100.663296,all_reduce,270.477928875155,273.2961523662873,2.81822349113231,tp_all_reduce,20,2,-1,1,-1,"24,25,26,27"
ar_l21_tp24_25_26_27,24,-1,100663296,100.663296,all_reduce,273.93821457802323,276.75615470433917,2.817940126315921,tp_all_reduce,21,2,-1,1,-1,"24,25,26,27"
ar_l22_tp24_25_26_27,24,-1,100663296,100.663296,all_reduce,277.3997097598505,280.2140839409321,2.8143741810816025,tp_all_reduce,22,2,-1,1,-1,"24,25,26,27"
ar_l23_tp24_25_26_27,24,-1,100663296,100.663296,all_reduce,280.8067043383103,283.62247646076446,2.815772122454152,tp_all_reduce,23,2,-1,1,-1,"24,25,26,27"
ar_l16_tp40_41_42_43,40,-1,100663296,100.663296,all_reduce,257.32691865058814,260.1448763051389,2.817957654550729,tp_all_reduce,16,2,-1,2,-1,"40,41,42,43"
ar_l17_tp40_41_42_43,40,-1,100663296,100.663296,all_reduce,260.71082313714743,263.5263296921116,2.8155065549641534,tp_all_reduce,17,2,-1,2,-1,"40,41,42,43"
ar_l18_tp40_41_42_43,40,-1,100663296,100.663296,all_reduce,264.0359596313169,266.8513702741931,2.8154106428761594,tp_all_reduce,18,2,-1,2,-1,"40,41,42,43"
ar_l19_tp40_41_42_43,40,-1,100663296,100.663296,all_reduce,267.30825233670004,270.1211971379836,2.812944801283579,tp_all_reduce,19,2,-1,2,-1,"40,41,42,43"
ar_l20_tp40_41_42_43,40,-1,100663296,100.663296,all_reduce,270.74491082911345,273.56110496553526,2.8161941364218124,tp_all_reduce,20,2,-1,2,-1,"40,41,42,43"
ar_l21_tp40_41_42_43,40,-1,100663296,100.663296,all_reduce,273.99481908568794,276.81161037328883,2.8167912876008727,tp_all_reduce,21,2,-1,2,-1,"40,41,42,43"
ar_l22_tp40_41_42_43,40,-1,100663296,100.663296,all_reduce,277.22880413090394,280.04619751187386,2.8173933809699236,tp_all_reduce,22,2,-1,2,-1,"40,41,42,43"
ar_l23_tp40_41_42_43,40,-1,100663296,100.663296,all_reduce,280.6641581424285,283.47902550232254,2.8148673598940577,tp_all_reduce,23,2,-1,2,-1,"40,41,42,43"
ar_l16_tp56_57_58_59,56,-1,100663296,100.663296,all_reduce,257.32691865058814,260.13975319946735,2.812834548879206,tp_all_reduce,16,2,-1,3,-1,"56,57,58,59"
ar_l17_tp56_57_58_59,56,-1,100663296,100.663296,all_reduce,260.6750475516499,263.4905701127312,2.8155225610812518,tp_all_reduce,17,2,-1,3,-1,"56,57,58,59"
ar_l18_tp56_57_58_59,56,-1,100663296,100.663296,all_reduce,263.91658047712764,266.73093575666553,2.8143552795378834,tp_all_reduce,18,2,-1,3,-1,"56,57,58,59"
ar_l19_tp56_57_58_59,56,-1,100663296,100.663296,all_reduce,267.1163883550707,269.9326103752162,2.8162220201455312,tp_all_reduce,19,2,-1,3,-1,"56,57,58,59"
ar_l20_tp56_57_58_59,56,-1,100663296,100.663296,all_reduce,270.5878547780303,273.40552747138184,2.817672693351536,tp_all_reduce,20,2,-1,3,-1,"56,57,58,59"
ar_l21_tp56_57_58_59,56,-1,100663296,100.663296,all_reduce,274.0476757401667,276.86599101208935,2.8183152719226667,tp_all_reduce,21,2,-1,3,-1,"56,57,58,59"
ar_l22_tp56_57_58_59,56,-1,100663296,100.663296,all_reduce,277.32685179947435,280.1420866267311,2.815234827256763,tp_all_reduce,22,2,-1,3,-1,"56,57,58,59"
ar_l23_tp56_57_58_59,56,-1,100663296,100.663296,all_reduce,280.4793933238048,283.2928253798609,2.813432056056109,tp_all_reduce,23,2,-1,3,-1,"56,57,58,59"
p2p_fwd_mb2_s2_dp0,8,12,67108864,67.108864,p2p,284.0419188510658,285.2923069109173,1.2503880598515038,pp_forward,2,2,3,0,0,"8,12"
p2p_fwd_mb2_s2_dp1,24,28,67108864,67.108864,p2p,284.0419188510658,285.2923069109173,1.2503880598515038,pp_forward,2,2,3,1,1,"24,28"
p2p_fwd_mb2_s2_dp2,40,44,67108864,67.108864,p2p,284.0419188510658,285.2923069109173,1.2503880598515038,pp_forward,2,2,3,2,2,"40,44"
p2p_fwd_mb2_s2_dp3,56,60,67108864,67.108864,p2p,284.0419188510658,285.2923069109173,1.2503880598515038,pp_forward,2,2,3,3,3,"56,60"
ar_l24_tp12_13_14_15,12,-1,100663296,100.663296,all_reduce,220.00448382384258,222.822285012264,2.8178011884213983,tp_all_reduce,24,3,-1,0,-1,"12,13,14,15"
ar_l25_tp12_13_14_15,12,-1,100663296,100.663296,all_reduce,230.24877793562362,233.06510739226295,2.816329456639316,tp_all_reduce,25,3,-1,0,-1,"12,13,14,15"
ar_l26_tp12_13_14_15,12,-1,100663296,100.663296,all_reduce,236.75590687004293,239.56920367445736,2.813296804414417,tp_all_reduce,26,3,-1,0,-1,"12,13,14,15"
ar_l27_tp12_13_14_15,12,-1,100663296,100.663296,all_reduce,246.79899295322906,249.61401321799787,2.8150202647688194,tp_all_reduce,27,3,-1,0,-1,"12,13,14,15"
ar_l28_tp12_13_14_15,12,-1,100663296,100.663296,all_reduce,253.7143671819632,256.5283641523568,2.813996970393584,tp_all_reduce,28,3,-1,0,-1,"12,13,14,15"
ar_l29_tp12_13_14_15,12,-1,100663296,100.663296,all_reduce,263.61466725693435,266.42887438262926,2.814207125694912,tp_all_reduce,29,3,-1,0,-1,"12,13,14,15"
ar_l30_tp12_13_14_15,12,-1,100663296,100.663296,all_reduce,270.07525137553125,272.8936295649244,2.818378189393178,tp_all_reduce,30,3,-1,0,-1,"12,13,14,15"
ar_l31_tp12_13_14_15,12,-1,100663296,100.663296,all_reduce,280.0641883190458,282.87849998912077,2.8143116700750093,tp_all_reduce,31,3,-1,0,-1,"12,13,14,15"
ar_l24_tp28_29_30_31,28,-1,100663296,100.663296,all_reduce,220.00448382384258,222.81734538916785,2.8128615653252864,tp_all_reduce,24,3,-1,1,-1,"28,29,30,31"
ar_l25_tp28_29_30_31,28,-1,100663296,100.663296,all_reduce,229.6882190929008,232.50271372143007,2.814494628529285,tp_all_reduce,25,3,-1,1,-1,"28,29,30,31"
ar_l26_tp28_29_30_31,28,-1,100663296,100.663296,all_reduce,236.26603094153205,239.08199576961906,2.815964828086992,tp_all_reduce,26,3,-1,1,-1,"28,29,30,31"
ar_l27_tp28_29_30_31,28,-1,100663296,100.663296,all_reduce,246.4318316367882,249.24828376570107,2.8164521289128777,tp_all_reduce,27,3,-1,1,-1,"28,29,30,31"
ar_l28_tp28_29_30_31,28,-1,100663296,100.663296,all_reduce,252.8222228348267,255.63895775404367,2.8167349192169677,tp_all_reduce,28,3,-1,1,-1,"28,29,30,31"
ar_l29_tp28_29_30_31,28,-1,100663296,100.663296,all_reduce,263.23335805009833,266.0467945963312,2.8134365462328392,tp_all_reduce,29,3,-1,1,-1,"28,29,30,31"
ar_l30_tp28_29_30_31,28,-1,100663296,100.663296,all_reduce,269.6700113459835,272.4828512776929,2.8128399317093877,tp_all_reduce,30,3,-1,1,-1,"28,29,30,31"
ar_l31_tp28_29_30_31,28,-1,100663296,100.663296,all_reduce,279.45296840299625,282.265932227175,2.8129638241787824,tp_all_reduce,31,3,-1,1,-1,"28,29,30,31"
ar_l24_tp44_45_46_47,44,-1,100663296,100.663296,all_reduce,220.00448382384258,222.82251449571356,2.8180306718709747,tp_all_reduce,24,3,-1,2,-1,"44,45,46,47"
ar_l25_tp44_45_46_47,44,-1,100663296,100.663296,all_reduce,230.03731519007638,232.85575774443862,2.8184425543622273,tp_all_reduce,25,3,-1,2,-1,"44,45,46,47"
ar_l26_tp44_45_46_47,44,-1,100663296,100.663296,all_reduce,236.44448056923517,239.2596047017708,2.8151241325356233,tp_all_reduce,26,3,-1,2,-1,"44,45,46,47"
ar_l27_tp44_45_46_47,44,-1,100663296,100.663296,all_reduce,246.48522557681983,249.3013818040095,2.8161562271896976,tp_all_reduce,27,3,-1,2,-1,"44,45,46,47"
ar_l28_tp44_45_46_47,44,-1,100663296,100.663296,all_reduce,252.79589274123825,255.60915671654976,2.8132639753115085,tp_all_reduce,28,3,-1,2,-1,"44,45,46,47"
ar_l29_tp44_45_46_47,44,-1,100663296,100.663296,all_reduce,262.7299122779359,265.54562647943237,2.8157142014964553,tp_all_reduce,29,3,-1,2,-1,"44,45,46,47"
ar_l30_tp44_45_46_47,44,-1,100663296,100.663296,all_reduce,269.36577171446436,272.1817492276262,2.8159775131618714,tp_all_reduce,30,3,-1,2,-1,"44,45,46,47"
ar_l31_tp44_45_46_47,44,-1,100663296,100.663296,all_reduce,279.14692886963894,281.9654680650956,2.8185391954566597,tp_all_reduce,31,3,-1,2,-1,"44,45,46,47"
ar_l24_tp60_61_62_63,60,-1,100663296,100.663296,all_reduce,220.00448382384258,222.81747257885007,2.8129887550074892,tp_all_reduce,24,3,-1,3,-1,"60,61,62,63"
ar_l25_tp60_61_62_63,60,-1,100663296,100.663296,all_reduce,230.15532295598436,232.96824978311787,2.812926827133494,tp_all_reduce,25,3,-1,3,-1,"60,61,62,63"
ar_l26_tp60_61_62_63,60,-1,100663296,100.663296,all_reduce,236.7248668178428,239.53858647469963,2.813719656856839,tp_all_reduce,26,3,-1,3,-1,"60,61,62,63"
ar_l27_tp60_61_62_63,60,-1,100663296,100.663296,all_reduce,246.4124985804515,249.2292524780061,2.8167538975545914,tp_all_reduce,27,3,-1,3,-1,"60,61,62,63"
ar_l28_tp60_61_62_63,60,-1,100663296,100.663296,all_reduce,253.32275800398418,256.1367482231906,2.8139902192064192,tp_all_reduce,28,3,-1,3,-1,"60,61,62,63"
ar_l29_tp60_61_62_63,60,-1,100663296,100.663296,all_reduce,263.01647678911564,265.8344774282547,2.8180006391390067,tp_all_reduce,29,3,-1,3,-1,"60,61,62,63"
ar_l30_tp60_61_62_63,60,-1,100663296,100.663296,all_reduce,269.685618218852,272.5004597147207,2.814841495868692,tp_all_reduce,30,3,-1,3,-1,"60,61,62,63"
ar_l31_tp60_61_62_63,60,-1,100663296,100.663296,all_reduce,279.72571539771536,282.5419577268042,2.816242329088836,tp_all_reduce,31,3,-1,3,-1,"60,61,62,63"
p2p_bwd_mb1_s3_dp0,12,8,67108864,67.108864,p2p,293.3273830509665,294.57815526046517,1.2507722094986518,pp_backward,3,3,2,0,0,"12,8"
p2p_bwd_mb1_s3_dp1,28,24,67108864,67.108864,p2p,293.3273830509665,294.57815526046517,1.2507722094986518,pp_backward,3,3,2,1,1,"28,24"
p2p_bwd_mb1_s3_dp2,44,40,67108864,67.108864,p2p,293.3273830509665,294.57815526046517,1.2507722094986518,pp_backward,3,3,2,2,2,"44,40"
p2p_bwd_mb1_s3_dp3,60,56,67108864,67.108864,p2p,293.3273830509665,294.57815526046517,1.2507722094986518,pp_backward,3,3,2,3,3,"60,56"
ar_l0_tp0_1_2_3,0,-1,100663296,100.663296,all_reduce,325.4971139957567,328.31158856950515,2.814474573748449,tp_all_reduce,0,0,-1,0,-1,"0,1,2,3"
ar_l1_tp0_1_2_3,0,-1,100663296,100.663296,all_reduce,335.2158750508657,338.0319832000277,2.816108149162,tp_all_reduce,1,0,-1,0,-1,"0,1,2,3"
ar_l2_tp0_1_2_3,0,-1,100663296,100.663296,all_reduce,341.58318360847954,344.4008864899397,2.81770288146016,tp_all_reduce,2,0,-1,0,-1,"0,1,2,3"
ar_l3_tp0_1_2_3,0,-1,100663296,100.663296,all_reduce,351.6237659208087,354.4364732455014,2.8127073246927425,tp_all_reduce,3,0,-1,0,-1,"0,1,2,3"
ar_l4_tp0_1_2_3,0,-1,100663296,100.663296,all_reduce,358.48154282774,361.29940919845404,2.8178663707140728,tp_all_reduce,4,0,-1,0,-1,"0,1,2,3"
ar_l5_tp0_1_2_3,0,-1,100663296,100.663296,all_reduce,368.62504446314983,371.43949738442296,2.814452921273136,tp_all_reduce,5,0,-1,0,-1,"0,1,2,3"
ar_l6_tp0_1_2_3,0,-1,100663296,100.663296,all_reduce,375.41386268306036,378.23138686125617,2.817524178195807,tp_all_reduce,6,0,-1,0,-1,"0,1,2,3"
ar_l7_tp0_1_2_3,0,-1,100663296,100.663296,all_reduce,385.1190944371934,387.9364750476924,2.8173806104990207,tp_all_reduce,7,0,-1,0,-1,"0,1,2,3"
ar_l0_tp16_17_18_19,16,-1,100663296,100.663296,all_reduce,325.49995477822404,328.31821954855786,2.818264770333867,tp_all_reduce,0,0,-1,1,-1,"16,17,18,19"
ar_l1_tp16_17_18_19,16,-1,100663296,100.663296,all_reduce,335.2681534994012,338.0864281807822,2.8182746813810167,tp_all_reduce,1,0,-1,1,-1,"16,17,18,19"
ar_l2_tp16_17_18_19,16,-1,100663296,100.663296,all_reduce,341.5680275235935,344.3830329221498,2.815005398556336,tp_all_reduce,2,0,-1,1,-1,"16,17,18,19"
ar_l3_tp16_17_18_19,16,-1,100663296,100.663296,all_reduce,351.723318388733,354.53941968378194,2.816101295048945,tp_all_reduce,3,0,-1,1,-1,"16,17,18,19"
ar_l4_tp16_17_18_19,16,-1,100663296,100.663296,all_reduce,358.542470223314,361.36091590332467,2.818445680010606,tp_all_reduce,4,0,-1,1,-1,"16,17,18,19"
ar_l5_tp16_17_18_19,16,-1,100663296,100.663296,all_reduce,368.26402069495754,371.08050201325136,2.8164813182938175,tp_all_reduce,5,0,-1,1,-1,"16,17,18,19"
ar_l6_tp16_17_18_19,16,-1,100663296,100.663296,all_reduce,374.950980158441,377.7688056153082,2.8178254568672623,tp_all_reduce,6,0,-1,1,-1,"16,17,18,19"
ar_l7_tp16_17_18_19,16,-1,100663296,100.663296,all_reduce,384.795937698525,387.61422005372395,2.8182823551989866,tp_all_reduce,7,0,-1,1,-1,"16,17,18,19"
ar_l0_tp32_33_34_35,32,-1,100663296,100.663296,all_reduce,325.50307711327105,328.3211664716387,2.8180893583676925,tp_all_reduce,0,0,-1,2,-1,"32,33,34,35"
ar_l1_tp32_33_34_35,32,-1,100663296,100.663296,all_reduce,335.22459824853036,338.04028834588155,2.81569009735122,tp_all_reduce,1,0,-1,2,-1,"32,33,34,35"
ar_l2_tp32_33_34_35,32,-1,100663296,100.663296,all_reduce,341.5590031181105,344.37328078756155,2.8142776694510263,tp_all_reduce,2,0,-1,2,-1,"32,33,34,35"
ar_l3_tp32_33_34_35,32,-1,100663296,100.663296,all_reduce,351.45981398248847,354.27315755316187,2.8133435706733656,tp_all_reduce,3,0,-1,2,-1,"32,33,34,35"
ar_l4_tp32_33_34_35,32,-1,100663296,100.663296,all_reduce,357.9361606969525,360.75092249609634,2.8147617991438056,tp_all_reduce,4,0,-1,2,-1,"32,33,34,35"
ar_l5_tp32_33_34_35,32,-1,100663296,100.663296,all_reduce,367.9243128076851,370.7388713595551,2.814558551869961,tp_all_reduce,5,0,-1,2,-1,"32,33,34,35"
ar_l6_tp32_33_34_35,32,-1,100663296,100.663296,all_reduce,374.83879610181583,377.6560215988416,2.817225497025788,tp_all_reduce,6,0,-1,2,-1,"32,33,34,35"
ar_l7_tp32_33_34_35,32,-1,100663296,100.663296,all_reduce,384.77469950511517,387.5920116115034,2.8173121063881923,tp_all_reduce,7,0,-1,2,-1,"32,33,34,35"
ar_l0_tp48_49_50_51,48,-1,100663296,100.663296,all_reduce,325.5046206598129,328.3213552526807,2.816734592867798,tp_all_reduce,0,0,-1,3,-1,"48,49,50,51"
ar_l1_tp48_49_50_51,48,-1,100663296,100.663296,all_reduce,335.5567650167331,338.3712876296871,2.814522612954007,tp_all_reduce,1,0,-1,3,-1,"48,49,50,51"
ar_l2_tp48_49_50_51,48,-1,100663296,100.663296,all_reduce,341.85590476038004,344.67155856952814,2.815653809148111,tp_all_reduce,2,0,-1,3,-1,"48,49,50,51"
ar_l3_tp48_49_50_51,48,-1,100663296,100.663296,all_reduce,351.6568109640026,354.4752065251882,2.8183955611855716,tp_all_reduce,3,0,-1,3,-1,"48,49,50,51"
ar_l4_tp48_49_50_51,48,-1,100663296,100.663296,all_reduce,358.2078967150642,361.020453380011,2.8125566649468414,tp_all_reduce,4,0,-1,3,-1,"48,49,50,51"
ar_l5_tp48_49_50_51,48,-1,100663296,100.663296,all_reduce,368.01272563466574,370.8303772253365,2.8176515906707666,tp_all_reduce,5,0,-1,3,-1,"48,49,50,51"
ar_l6_tp48_49_50_51,48,-1,100663296,100.663296,all_reduce,374.7665795561743,377.58325590151844,2.8166763453441046,tp_all_reduce,6,0,-1,3,-1,"48,49,50,51"
ar_l7_tp48_49_50_51,48,-1,100663296,100.663296,all_reduce,384.43846854635274,387.2511038292813,2.8126352829285772,tp_all_reduce,7,0,-1,3,-1,"48,49,50,51"
ar_l8_tp4_5_6_7,4,-1,100663296,100.663296,all_reduce,325.4010975350494,328.2184829810915,2.817385446042042,tp_all_reduce,8,1,-1,0,-1,"4,5,6,7"
ar_l9_tp4_5_6_7,4,-1,100663296,100.663296,all_reduce,328.6605959644828,331.47849278398587,2.817896819503063,tp_all_reduce,9,1,-1,0,-1,"4,5,6,7"
ar_l10_tp4_5_6_7,4,-1,100663296,100.663296,all_reduce,332.003310009268,334.8175633819808,2.814253372712794,tp_all_reduce,10,1,-1,0,-1,"4,5,6,7"
ar_l11_tp4_5_6_7,4,-1,100663296,100.663296,all_reduce,335.43493791703173,338.24752957273535,2.8125916557036335,tp_all_reduce,11,1,-1,0,-1,"4,5,6,7"
ar_l12_tp4_5_6_7,4,-1,100663296,100.663296,all_reduce,338.8002883268779,341.6157969414981,2.8155086146202657,tp_all_reduce,12,1,-1,0,-1,"4,5,6,7"
ar_l13_tp4_5_6_7,4,-1,100663296,100.663296,all_reduce,342.2169004340014,345.03298927813154,2.816088844130149,tp_all_reduce,13,1,-1,0,-1,"4,5,6,7"
ar_l14_tp4_5_6_7,4,-1,100663296,100.663296,all_reduce,345.6611325083228,348.4772140805689,2.8160815722461097,tp_all_reduce,14,1,-1,0,-1,"4,5,6,7"
ar_l15_tp4_5_6_7,4,-1,100663296,100.663296,all_reduce,348.9597713264972,351.7766336245362,2.8168622980390134,tp_all_reduce,15,1,-1,0,-1,"4,5,6,7"
ar_l8_tp20_21_22_23,20,-1,100663296,100.663296,all_reduce,325.4010975350494,328.21698548718905,2.8158879521396063,tp_all_reduce,8,1,-1,1,-1,"20,21,22,23"
ar_l9_tp20_21_22_23,20,-1,100663296,100.663296,all_reduce,328.637800002451,331.4512843057335,2.8134843032824874,tp_all_reduce,9,1,-1,1,-1,"20,21,22,23"
ar_l10_tp20_21_22_23,20,-1,100663296,100.663296,all_reduce,331.80363901759773,334.62198355486214,2.8183445372643723,tp_all_reduce,10,1,-1,1,-1,"20,21,22,23"
ar_l11_tp20_21_22_23,20,-1,100663296,100.663296,all_reduce,335.0833000165882,337.8999470814122,2.8166470648240405,tp_all_reduce,11,1,-1,1,-1,"20,21,22,23"
ar_l12_tp20_21_22_23,20,-1,100663296,100.663296,all_reduce,338.4790525323119,341.29257065231246,2.8135181200005244,tp_all_reduce,12,1,-1,1,-1,"20,21,22,23"
ar_l13_tp20_21_22_23,20,-1,100663296,100.663296,all_reduce,341.7204862945093,344.53571663487577,2.8152303403664036,tp_all_reduce,13,1,-1,1,-1,"20,21,22,23"
ar_l14_tp20_21_22_23,20,-1,100663296,100.663296,all_reduce,345.0263969687684,347.8447935544712,2.818396585702876,tp_all_reduce,14,1,-1,1,-1,"20,21,22,23"
ar_l15_tp20_21_22_23,20,-1,100663296,100.663296,all_reduce,348.50377138000755,351.3177672584244,2.813995878416853,tp_all_reduce,15,1,-1,1,-1,"20,21,22,23"
ar_l8_tp36_37_38_39,36,-1,100663296,100.663296,all_reduce,325.4010975350494,328.2175324584445,2.8164349233950614,tp_all_reduce,8,1,-1,2,-1,"36,37,38,39"
ar_l9_tp36_37_38_39,36,-1,100663296,100.663296,all_reduce,328.58198019616736,331.397586000797,2.8156058046296395,tp_all_reduce,9,1,-1,2,-1,"36,37,38,39"
ar_l10_tp36_37_38_39,36,-1,100663296,100.663296,all_reduce,332.05936020194406,334.8766422169427,2.8172820149986455,tp_all_reduce,10,1,-1,2,-1,"36,37,38,39"
ar_l11_tp36_37_38_39,36,-1,100663296,100.663296,all_reduce,335.4609935166568,338.2760100425806,2.815016525923808,tp_all_reduce,11,1,-1,2,-1,"36,37,38,39"
ar_l12_tp36_37_38_39,36,-1,100663296,100.663296,all_reduce,338.80875052323137,341.62615853142347,2.8174080081920794,tp_all_reduce,12,1,-1,2,-1,"36,37,38,39"
ar_l13_tp36_37_38_39,36,-1,100663296,100.663296,all_reduce,342.18267376278965,344.99693773983824,2.814263977048592,tp_all_reduce,13,1,-1,2,-1,"36,37,38,39"
ar_l14_tp36_37_38_39,36,-1,100663296,100.663296,all_reduce,345.46226284433897,348.27638222367375,2.8141193793347896,tp_all_reduce,14,1,-1,2,-1,"36,37,38,39"
ar_l15_tp36_37_38_39,36,-1,100663296,100.663296,all_reduce,348.8289337410603,351.6435364271883,2.8146026861279316,tp_all_reduce,15,1,-1,2,-1,"36,37,38,39"
ar_l8_tp52_53_54_55,52,-1,100663296,100.663296,all_reduce,325.4010975350494,328.217199651265,2.8161021162155797,tp_all_reduce,8,1,-1,3,-1,"52,53,54,55"
ar_l9_tp52_53_54_55,52,-1,100663296,100.663296,all_reduce,328.5620434767126,331.37463369570344,2.812590218990829,tp_all_reduce,9,1,-1,3,-1,"52,53,54,55"
ar_l10_tp52_53_54_55,52,-1,100663296,100.663296,all_reduce,331.8450036781312,334.6584796461958,2.813475968064638,tp_all_reduce,10,1,-1,3,-1,"52,53,54,55"
ar_l11_tp52_53_54_55,52,-1,100663296,100.663296,all_reduce,335.1436575744498,337.95640801783077,2.812750443381029,tp_all_reduce,11,1,-1,3,-1,"52,53,54,55"
ar_l12_tp52_53_54_55,52,-1,100663296,100.663296,all_reduce,338.4610663876313,341.27748447542695,2.816418087795647,tp_all_reduce,12,1,-1,3,-1,"52,53,54,55"
ar_l13_tp52_53_54_55,52,-1,100663296,100.663296,all_reduce,341.6532554694385,344.4679903195327,2.8147348500942027,tp_all_reduce,13,1,-1,3,-1,"52,53,54,55"
ar_l14_tp52_53_54_55,52,-1,100663296,100.663296,all_reduce,344.9079363473337,347.72227702645245,2.814340679118732,tp_all_reduce,14,1,-1,3,-1,"52,53,54,55"
ar_l15_tp52_53_54_55,52,-1,100663296,100.663296,all_reduce,348.05649362654566,350.8706148053605,2.8141211788148546,tp_all_reduce,15,1,-1,3,-1,"52,53,54,55"
p2p_fwd_mb3_s1_dp0,4,8,67108864,67.108864,p2p,352.4251378063278,353.677282836563,1.25214503023513,pp_forward,1,1,2,0,0,"4,8"
p2p_fwd_mb3_s1_dp1,20,24,67108864,67.108864,p2p,352.4251378063278,353.677282836563,1.25214503023513,pp_forward,1,1,2,1,1,"20,24"
p2p_fwd_mb3_s1_dp2,36,40,67108864,67.108864,p2p,352.4251378063278,353.677282836563,1.25214503023513,pp_forward,1,1,2,2,2,"36,40"
p2p_fwd_mb3_s1_dp3,52,56,67108864,67.108864,p2p,352.4251378063278,353.677282836563,1.25214503023513,pp_forward,1,1,2,3,3,"52,56"
ar_l16_tp8_9_10_11,8,-1,100663296,100.663296,all_reduce,294.57815526046517,297.3922029037025,2.814047643237394,tp_all_reduce,16,2,-1,0,-1,"8,9,10,11"
ar_l17_tp8_9_10_11,8,-1,100663296,100.663296,all_reduce,304.72395812297066,307.53986547449637,2.815907351525704,tp_all_reduce,17,2,-1,0,-1,"8,9,10,11"
ar_l18_tp8_9_10_11,8,-1,100663296,100.663296,all_reduce,311.5468728091646,314.3617481633729,2.814875354208324,tp_all_reduce,18,2,-1,0,-1,"8,9,10,11"
ar_l19_tp8_9_10_11,8,-1,100663296,100.663296,all_reduce,321.59554760905735,324.41331117881873,2.817763569761378,tp_all_reduce,19,2,-1,0,-1,"8,9,10,11"
ar_l20_tp8_9_10_11,8,-1,100663296,100.663296,all_reduce,328.49388945032507,331.3095408392575,2.8156513889324164,tp_all_reduce,20,2,-1,0,-1,"8,9,10,11"
ar_l21_tp8_9_10_11,8,-1,100663296,100.663296,all_reduce,338.2259818960953,341.0386607103917,2.812678814296421,tp_all_reduce,21,2,-1,0,-1,"8,9,10,11"
ar_l22_tp8_9_10_11,8,-1,100663296,100.663296,all_reduce,344.58837962242035,347.4035866727805,2.8152070503601467,tp_all_reduce,22,2,-1,0,-1,"8,9,10,11"
ar_l23_tp8_9_10_11,8,-1,100663296,100.663296,all_reduce,354.67747402983355,357.49283114079833,2.8153571109647557,tp_all_reduce,23,2,-1,0,-1,"8,9,10,11"
ar_l16_tp24_25_26_27,24,-1,100663296,100.663296,all_reduce,294.57815526046517,297.3911591433169,2.8130038828517168,tp_all_reduce,16,2,-1,1,-1,"24,25,26,27"
ar_l17_tp24_25_26_27,24,-1,100663296,100.663296,all_reduce,304.3612625971724,307.17554531268337,2.814282715510985,tp_all_reduce,17,2,-1,1,-1,"24,25,26,27"
ar_l18_tp24_25_26_27,24,-1,100663296,100.663296,all_reduce,311.12108325004647,313.9340195204277,2.8129362703812055,tp_all_reduce,18,2,-1,1,-1,"24,25,26,27"
ar_l19_tp24_25_26_27,24,-1,100663296,100.663296,all_reduce,320.96108759808214,323.7736972229534,2.812609624871232,tp_all_reduce,19,2,-1,1,-1,"24,25,26,27"
ar_l20_tp24_25_26_27,24,-1,100663296,100.663296,all_reduce,327.2785516717554,330.09661467554264,2.81806300378723,tp_all_reduce,20,2,-1,1,-1,"24,25,26,27"
ar_l21_tp24_25_26_27,24,-1,100663296,100.663296,all_reduce,336.8529320563721,339.66954190717234,2.816609850800289,tp_all_reduce,21,2,-1,1,-1,"24,25,26,27"
ar_l22_tp24_25_26_27,24,-1,100663296,100.663296,all_reduce,343.7500233719177,346.5684420772169,2.818418705299197,tp_all_reduce,22,2,-1,1,-1,"24,25,26,27"
ar_l23_tp24_25_26_27,24,-1,100663296,100.663296,all_reduce,353.62913425472624,356.44177960161363,2.8126453468873547,tp_all_reduce,23,2,-1,1,-1,"24,25,26,27"
ar_l16_tp40_41_42_43,40,-1,100663296,100.663296,all_reduce,294.57815526046517,297.3925374002975,2.8143821398323166,tp_all_reduce,16,2,-1,2,-1,"40,41,42,43"
ar_l17_tp40_41_42_43,40,-1,100663296,100.663296,all_reduce,304.70714024450353,307.52198130028313,2.8148410557796155,tp_all_reduce,17,2,-1,2,-1,"40,41,42,43"
ar_l18_tp40_41_42_43,40,-1,100663296,100.663296,all_reduce,311.13381128667703,313.95226065012804,2.818449363450992,tp_all_reduce,18,2,-1,2,-1,"40,41,42,43"
ar_l19_tp40_41_42_43,40,-1,100663296,100.663296,all_reduce,320.80146356631195,323.6193110231219,2.817847456809963,tp_all_reduce,19,2,-1,2,-1,"40,41,42,43"
ar_l20_tp40_41_42_43,40,-1,100663296,100.663296,all_reduce,327.3923242941909,330.2088572521659,2.8165329579750153,tp_all_reduce,20,2,-1,2,-1,"40,41,42,43"
ar_l21_tp40_41_42_43,40,-1,100663296,100.663296,all_reduce,337.1602325286115,339.97753496499325,2.8173024363817856,tp_all_reduce,21,2,-1,2,-1,"40,41,42,43"
ar_l22_tp40_41_42_43,40,-1,100663296,100.663296,all_reduce,343.8284718827305,346.64401314511593,2.8155412623854237,tp_all_reduce,22,2,-1,2,-1,"40,41,42,43"
ar_l23_tp40_41_42_43,40,-1,100663296,100.663296,all_reduce,353.90257011372836,356.7190642823026,2.8164941685742684,tp_all_reduce,23,2,-1,2,-1,"40,41,42,43"
ar_l16_tp56_57_58_59,56,-1,100663296,100.663296,all_reduce,294.57815526046517,297.3945309777822,2.8163757173170767,tp_all_reduce,16,2,-1,3,-1,"56,57,58,59"
ar_l17_tp56_57_58_59,56,-1,100663296,100.663296,all_reduce,304.5407743101246,307.3551863975612,2.814412087436602,tp_all_reduce,17,2,-1,3,-1,"56,57,58,59"
ar_l18_tp56_57_58_59,56,-1,100663296,100.663296,all_reduce,311.1403657299498,313.95359566833395,2.8132299383841763,tp_all_reduce,18,2,-1,3,-1,"56,57,58,59"
ar_l19_tp56_57_58_59,56,-1,100663296,100.663296,all_reduce,321.0420742818667,323.8598762373231,2.8178019554563893,tp_all_reduce,19,2,-1,3,-1,"56,57,58,59"
ar_l20_tp56_57_58_59,56,-1,100663296,100.663296,all_reduce,327.78415548132443,330.5984769497778,2.8143214684533957,tp_all_reduce,20,2,-1,3,-1,"56,57,58,59"
ar_l21_tp56_57_58_59,56,-1,100663296,100.663296,all_reduce,337.99367218197705,340.8109661526406,2.817293970663548,tp_all_reduce,21,2,-1,3,-1,"56,57,58,59"
ar_l22_tp56_57_58_59,56,-1,100663296,100.663296,all_reduce,344.6564042691316,347.4711888588389,2.8147845897072976,tp_all_reduce,22,2,-1,3,-1,"56,57,58,59"
ar_l23_tp56_57_58_59,56,-1,100663296,100.663296,all_reduce,354.68691773402315,357.50036948487326,2.813451750850071,tp_all_reduce,23,2,-1,3,-1,"56,57,58,59"
p2p_bwd_mb1_s2_dp0,8,4,67108864,67.108864,p2p,361.3986819258984,362.65052966512576,1.2518477392273741,pp_backward,2,2,1,0,0,"8,4"
p2p_bwd_mb1_s2_dp1,24,20,67108864,67.108864,p2p,361.3986819258984,362.65052966512576,1.2518477392273741,pp_backward,2,2,1,1,1,"24,20"
p2p_bwd_mb1_s2_dp2,40,36,67108864,67.108864,p2p,361.3986819258984,362.65052966512576,1.2518477392273741,pp_backward,2,2,1,2,2,"40,36"
p2p_bwd_mb1_s2_dp3,56,52,67108864,67.108864,p2p,361.3986819258984,362.65052966512576,1.2518477392273741,pp_backward,2,2,1,3,3,"56,52"
ar_l24_tp12_13_14_15,12,-1,100663296,100.663296,all_reduce,294.57815526046517,297.39141889128916,2.8132636308240144,tp_all_reduce,24,3,-1,0,-1,"12,13,14,15"
ar_l25_tp12_13_14_15,12,-1,100663296,100.663296,all_reduce,297.8840694678537,300.69921582453446,2.8151463566807866,tp_all_reduce,25,3,-1,0,-1,"12,13,14,15"
ar_l26_tp12_13_14_15,12,-1,100663296,100.663296,all_reduce,301.30031350353653,304.1156179608468,2.8153044573102637,tp_all_reduce,26,3,-1,0,-1,"12,13,14,15"
ar_l27_tp12_13_14_15,12,-1,100663296,100.663296,all_reduce,304.58191276049814,307.39898015431464,2.8170673938165414,tp_all_reduce,27,3,-1,0,-1,"12,13,14,15"
ar_l28_tp12_13_14_15,12,-1,100663296,100.663296,all_reduce,307.7504816629506,310.5648231230242,2.8143414600735883,tp_all_reduce,28,3,-1,0,-1,"12,13,14,15"
ar_l29_tp12_13_14_15,12,-1,100663296,100.663296,all_reduce,311.0335056907201,313.8480882244503,2.814582533730181,tp_all_reduce,29,3,-1,0,-1,"12,13,14,15"
ar_l30_tp12_13_14_15,12,-1,100663296,100.663296,all_reduce,314.4511109117337,317.26777913502434,2.816668223290686,tp_all_reduce,30,3,-1,0,-1,"12,13,14,15"
ar_l31_tp12_13_14_15,12,-1,100663296,100.663296,all_reduce,317.69783816025785,320.51563998388036,2.817801823622512,tp_all_reduce,31,3,-1,0,-1,"12,13,14,15"
ar_l24_tp28_29_30_31,28,-1,100663296,100.663296,all_reduce,294.57815526046517,297.39504702938257,2.8168917689174178,tp_all_reduce,24,3,-1,1,-1,"28,29,30,31"
ar_l25_tp28_29_30_31,28,-1,100663296,100.663296,all_reduce,298.0291797396571,300.84685982406273,2.817680084405638,tp_all_reduce,25,3,-1,1,-1,"28,29,30,31"
ar_l26_tp28_29_30_31,28,-1,100663296,100.663296,all_reduce,301.36934510223534,304.18735821022335,2.8180131079880155,tp_all_reduce,26,3,-1,1,-1,"28,29,30,31"
ar_l27_tp28_29_30_31,28,-1,100663296,100.663296,all_reduce,304.78363160448623,307.5987628303695,2.8151312258832273,tp_all_reduce,27,3,-1,1,-1,"28,29,30,31"
ar_l28_tp28_29_30_31,28,-1,100663296,100.663296,all_reduce,308.0011847134592,310.81922629259185,2.818041579132624,tp_all_reduce,28,3,-1,1,-1,"28,29,30,31"
ar_l29_tp28_29_30_31,28,-1,100663296,100.663296,all_reduce,311.35958574026245,314.1768485118731,2.8172627716106513,tp_all_reduce,29,3,-1,1,-1,"28,29,30,31"
ar_l30_tp28_29_30_31,28,-1,100663296,100.663296,all_reduce,314.6858428292713,317.49891955424056,2.8130767249692767,tp_all_reduce,30,3,-1,1,-1,"28,29,30,31"
ar_l31_tp28_29_30_31,28,-1,100663296,100.663296,all_reduce,318.0091833853282,320.82772154741554,2.818538162087325,tp_all_reduce,31,3,-1,1,-1,"28,29,30,31"
ar_l24_tp44_45_46_47,44,-1,100663296,100.663296,all_reduce,294.57815526046517,297.39320108854974,2.8150458280845614,tp_all_reduce,24,3,-1,2,-1,"44,45,46,47"
ar_l25_tp44_45_46_47,44,-1,100663296,100.663296,all_reduce,297.77599185462657,300.59126310876405,2.815271254137497,tp_all_reduce,25,3,-1,2,-1,"44,45,46,47"
ar_l26_tp44_45_46_47,44,-1,100663296,100.663296,all_reduce,301.09660060591557,303.91391493004625,2.817314324130682,tp_all_reduce,26,3,-1,2,-1,"44,45,46,47"
ar_l27_tp44_45_46_47,44,-1,100663296,100.663296,all_reduce,304.45271019522164,307.2695353502195,2.8168251549978707,tp_all_reduce,27,3,-1,2,-1,"44,45,46,47"
ar_l28_tp44_45_46_47,44,-1,100663296,100.663296,all_reduce,307.77113520223884,310.58829308349095,2.817157881252086,tp_all_reduce,28,3,-1,2,-1,"44,45,46,47"
ar_l29_tp44_45_46_47,44,-1,100663296,100.663296,all_reduce,310.97038432874217,313.7882391902398,2.817854861497604,tp_all_reduce,29,3,-1,2,-1,"44,45,46,47"
ar_l30_tp44_45_46_47,44,-1,100663296,100.663296,all_reduce,314.1979335437329,317.01054057021594,2.812607026483005,tp_all_reduce,30,3,-1,2,-1,"44,45,46,47"
ar_l31_tp44_45_46_47,44,-1,100663296,100.663296,all_reduce,317.57079713242763,320.38827958930744,2.817482456879794,tp_all_reduce,31,3,-1,2,-1,"44,45,46,47"
ar_l24_tp60_61_62_63,60,-1,100663296,100.663296,all_reduce,294.57815526046517,297.3950000417632,2.8168447812980113,tp_all_reduce,24,3,-1,3,-1,"60,61,62,63"
ar_l25_tp60_61_62_63,60,-1,100663296,100.663296,all_reduce,297.7289033100474,300.5435061075548,2.814602797507393,tp_all_reduce,25,3,-1,3,-1,"60,61,62,63"
ar_l26_tp60_61_62_63,60,-1,100663296,100.663296,all_reduce,301.0255288074189,303.8414040528869,2.8158752454680025,tp_all_reduce,26,3,-1,3,-1,"60,61,62,63"
ar_l27_tp60_61_62_63,60,-1,100663296,100.663296,all_reduce,304.4326635697779,307.24715195400796,2.814488384230096,tp_all_reduce,27,3,-1,3,-1,"60,61,62,63"
ar_l28_tp60_61_62_63,60,-1,100663296,100.663296,all_reduce,307.6960338796248,310.51312033973534,2.8170864601105294,tp_all_reduce,28,3,-1,3,-1,"60,61,62,63"
ar_l29_tp60_61_62_63,60,-1,100663296,100.663296,all_reduce,310.99972785649004,313.81506013643343,2.8153322799434055,tp_all_reduce,29,3,-1,3,-1,"60,61,62,63"
ar_l30_tp60_61_62_63,60,-1,100663296,100.663296,all_reduce,314.3002912952796,317.1179171404523,2.8176258451727,tp_all_reduce,30,3,-1,3,-1,"60,61,62,63"
ar_l31_tp60_61_62_63,60,-1,100663296,100.663296,all_reduce,317.60320711119965,320.4216091082861,2.8184019970864393,tp_all_reduce,31,3,-1,3,-1,"60,61,62,63"
ar_l0_tp0_1_2_3,0,-1,100663296,100.663296,all_reduce,392.1214761296036,394.93846072095147,2.816984591347882,tp_all_reduce,0,0,-1,0,-1,"0,1,2,3"
ar_l1_tp0_1_2_3,0,-1,100663296,100.663296,all_reduce,395.35054498457265,398.1686390399061,2.8180940553334533,tp_all_reduce,1,0,-1,0,-1,"0,1,2,3"
ar_l2_tp0_1_2_3,0,-1,100663296,100.663296,all_reduce,398.692758819083,401.50797190962845,2.815213090545443,tp_all_reduce,2,0,-1,0,-1,"0,1,2,3"
ar_l3_tp0_1_2_3,0,-1,100663296,100.663296,all_reduce,402.1299518868351,404.9432108607766,2.8132589739415237,tp_all_reduce,3,0,-1,0,-1,"0,1,2,3"
ar_l4_tp0_1_2_3,0,-1,100663296,100.663296,all_reduce,405.4260264311095,408.24129616997,2.8152697388604264,tp_all_reduce,4,0,-1,0,-1,"0,1,2,3"
ar_l5_tp0_1_2_3,0,-1,100663296,100.663296,all_reduce,408.5904585228255,411.40897871129835,2.8185201884728395,tp_all_reduce,5,0,-1,0,-1,"0,1,2,3"
ar_l6_tp0_1_2_3,0,-1,100663296,100.663296,all_reduce,411.80101340269704,414.6158094950875,2.814796092390437,tp_all_reduce,6,0,-1,0,-1,"0,1,2,3"
ar_l7_tp0_1_2_3,0,-1,100663296,100.663296,all_reduce,415.2107590648102,418.0266520666286,2.815893001818448,tp_all_reduce,7,0,-1,0,-1,"0,1,2,3"
ar_l0_tp16_17_18_19,16,-1,100663296,100.663296,all_reduce,392.12440361574176,394.93968384911415,2.815280233372408,tp_all_reduce,0,0,-1,1,-1,"16,17,18,19"
ar_l1_tp16_17_18_19,16,-1,100663296,100.663296,all_reduce,395.38025870531646,398.19824675108197,2.817988045765496,tp_all_reduce,1,0,-1,1,-1,"16,17,18,19"
ar_l2_tp16_17_18_19,16,-1,100663296,100.663296,all_reduce,398.52860770741023,401.34192139942434,2.8133136920140966,tp_all_reduce,2,0,-1,1,-1,"16,17,18,19"
ar_l3_tp16_17_18_19,16,-1,100663296,100.663296,all_reduce,401.89501335561636,404.7091198104128,2.814106454796461,tp_all_reduce,3,0,-1,1,-1,"16,17,18,19"
ar_l4_tp16_17_18_19,16,-1,100663296,100.663296,all_reduce,405.2369364023729,408.0546729145837,2.817736512210789,tp_all_reduce,4,0,-1,1,-1,"16,17,18,19"
ar_l5_tp16_17_18_19,16,-1,100663296,100.663296,all_reduce,408.4324656894217,411.24963530383803,2.817169614416304,tp_all_reduce,5,0,-1,1,-1,"16,17,18,19"
ar_l6_tp16_17_18_19,16,-1,100663296,100.663296,all_reduce,411.87622626779324,414.6922742502855,2.8160479824922424,tp_all_reduce,6,0,-1,1,-1,"16,17,18,19"
ar_l7_tp16_17_18_19,16,-1,100663296,100.663296,all_reduce,415.2300742266924,418.04385597301615,2.8137817463237402,tp_all_reduce,7,0,-1,1,-1,"16,17,18,19"
ar_l0_tp32_33_34_35,32,-1,100663296,100.663296,all_reduce,392.12315581077075,394.93857340545827,2.8154175946875637,tp_all_reduce,0,0,-1,2,-1,"32,33,34,35"
ar_l1_tp32_33_34_35,32,-1,100663296,100.663296,all_reduce,395.43836388219916,398.2545161442408,2.8161522620416823,tp_all_reduce,1,0,-1,2,-1,"32,33,34,35"
ar_l2_tp32_33_34_35,32,-1,100663296,100.663296,all_reduce,398.840734724989,401.6583277843642,2.8175930593751786,tp_all_reduce,2,0,-1,2,-1,"32,33,34,35"
ar_l3_tp32_33_34_35,32,-1,100663296,100.663296,all_reduce,402.13480977399666,404.9476393973116,2.8128296233149164,tp_all_reduce,3,0,-1,2,-1,"32,33,34,35"
ar_l4_tp32_33_34_35,32,-1,100663296,100.663296,all_reduce,405.4600369068772,408.27448856311815,2.8144516562410016,tp_all_reduce,4,0,-1,2,-1,"32,33,34,35"
ar_l5_tp32_33_34_35,32,-1,100663296,100.663296,all_reduce,408.66624107538433,411.483353910326,2.8171128349416263,tp_all_reduce,5,0,-1,2,-1,"32,33,34,35"
ar_l6_tp32_33_34_35,32,-1,100663296,100.663296,all_reduce,411.9306443250779,414.7455095299801,2.814865204902206,tp_all_reduce,6,0,-1,2,-1,"32,33,34,35"
ar_l7_tp32_33_34_35,32,-1,100663296,100.663296,all_reduce,415.1828148289367,417.9996723673001,2.81685753836336,tp_all_reduce,7,0,-1,2,-1,"32,33,34,35"
ar_l0_tp48_49_50_51,48,-1,100663296,100.663296,all_reduce,392.1193358832411,394.93271362815625,2.8133777449151354,tp_all_reduce,0,0,-1,3,-1,"48,49,50,51"
ar_l1_tp48_49_50_51,48,-1,100663296,100.663296,all_reduce,395.42036712984356,398.23828135605737,2.8179142262138024,tp_all_reduce,1,0,-1,3,-1,"48,49,50,51"
ar_l2_tp48_49_50_51,48,-1,100663296,100.663296,all_reduce,398.7504961680221,401.5685858755121,2.818089707489979,tp_all_reduce,2,0,-1,3,-1,"48,49,50,51"
ar_l3_tp48_49_50_51,48,-1,100663296,100.663296,all_reduce,401.99862866664165,404.813707047078,2.8150783804363755,tp_all_reduce,3,0,-1,3,-1,"48,49,50,51"
ar_l4_tp48_49_50_51,48,-1,100663296,100.663296,all_reduce,405.3656869792701,408.17877472299097,2.8130877437208546,tp_all_reduce,4,0,-1,3,-1,"48,49,50,51"
ar_l5_tp48_49_50_51,48,-1,100663296,100.663296,all_reduce,408.7947233933694,411.6115365628501,2.816813169480681,tp_all_reduce,5,0,-1,3,-1,"48,49,50,51"
ar_l6_tp48_49_50_51,48,-1,100663296,100.663296,all_reduce,412.0820854477211,414.89577342571584,2.8136879779946944,tp_all_reduce,6,0,-1,3,-1,"48,49,50,51"
ar_l7_tp48_49_50_51,48,-1,100663296,100.663296,all_reduce,415.3673555738133,418.1858853439782,2.8185297701648904,tp_all_reduce,7,0,-1,3,-1,"48,49,50,51"
p2p_fwd_mb4_s0_dp0,0,4,67108864,67.108864,p2p,418.65594537718925,419.9061151459139,1.2501697687246072,pp_forward,0,0,1,0,0,"0,4"
p2p_fwd_mb4_s0_dp1,16,20,67108864,67.108864,p2p,418.65594537718925,419.9061151459139,1.2501697687246072,pp_forward,0,0,1,1,1,"16,20"
p2p_fwd_mb4_s0_dp2,32,36,67108864,67.108864,p2p,418.65594537718925,419.9061151459139,1.2501697687246072,pp_forward,0,0,1,2,2,"32,36"
p2p_fwd_mb4_s0_dp3,48,52,67108864,67.108864,p2p,418.65594537718925,419.9061151459139,1.2501697687246072,pp_forward,0,0,1,3,3,"48,52"
ar_l8_tp4_5_6_7,4,-1,100663296,100.663296,all_reduce,362.65052966512576,365.46451039402734,2.813980728901544,tp_all_reduce,8,1,-1,0,-1,"4,5,6,7"
ar_l9_tp4_5_6_7,4,-1,100663296,100.663296,all_reduce,372.54100017109744,375.3576346800745,2.8166345089770672,tp_all_reduce,9,1,-1,0,-1,"4,5,6,7"
ar_l10_tp4_5_6_7,4,-1,100663296,100.663296,all_reduce,378.9515843385844,381.76755929250385,2.8159749539194423,tp_all_reduce,10,1,-1,0,-1,"4,5,6,7"
ar_l11_tp4_5_6_7,4,-1,100663296,100.663296,all_reduce,389.1270503271461,391.940062284571,2.8130119574248935,tp_all_reduce,11,1,-1,0,-1,"4,5,6,7"
ar_l12_tp4_5_6_7,4,-1,100663296,100.663296,all_reduce,395.71624310343213,398.5307019675399,2.814458864107805,tp_all_reduce,12,1,-1,0,-1,"4,5,6,7"
ar_l13_tp4_5_6_7,4,-1,100663296,100.663296,all_reduce,405.96888324482563,408.7834397043563,2.8145564595306594,tp_all_reduce,13,1,-1,0,-1,"4,5,6,7"
ar_l14_tp4_5_6_7,4,-1,100663296,100.663296,all_reduce,412.4288874030471,415.24255617054405,2.8136687674969463,tp_all_reduce,14,1,-1,0,-1,"4,5,6,7"
ar_l15_tp4_5_6_7,4,-1,100663296,100.663296,all_reduce,422.13367686483264,424.9499837896331,2.816306924800449,tp_all_reduce,15,1,-1,0,-1,"4,5,6,7"
ar_l8_tp20_21_22_23,20,-1,100663296,100.663296,all_reduce,362.65052966512576,365.46482881568795,2.8142991505621384,tp_all_reduce,8,1,-1,1,-1,"20,21,22,23"
ar_l9_tp20_21_22_23,20,-1,100663296,100.663296,all_reduce,372.414731517619,375.22878641236565,2.8140548947466204,tp_all_reduce,9,1,-1,1,-1,"20,21,22,23"
ar_l10_tp20_21_22_23,20,-1,100663296,100.663296,all_reduce,379.0341223497237,381.84883679604343,2.8147144463196994,tp_all_reduce,10,1,-1,1,-1,"20,21,22,23"
ar_l11_tp20_21_22_23,20,-1,100663296,100.663296,all_reduce,389.41164216204646,392.2278284815802,2.816186319533731,tp_all_reduce,11,1,-1,1,-1,"20,21,22,23"
ar_l12_tp20_21_22_23,20,-1,100663296,100.663296,all_reduce,395.892813981123,398.7068427357996,2.814028754676623,tp_all_reduce,12,1,-1,1,-1,"20,21,22,23"
ar_l13_tp20_21_22_23,20,-1,100663296,100.663296,all_reduce,405.82698005293827,408.6421238177518,2.8151437648135103,tp_all_reduce,13,1,-1,1,-1,"20,21,22,23"
ar_l14_tp20_21_22_23,20,-1,100663296,100.663296,all_reduce,412.5669426543709,415.38230963453196,2.8153669801611048,tp_all_reduce,14,1,-1,1,-1,"20,21,22,23"
ar_l15_tp20_21_22_23,20,-1,100663296,100.663296,all_reduce,422.4601217946847,425.27436752407976,2.8142457293950374,tp_all_reduce,15,1,-1,1,-1,"20,21,22,23"
ar_l8_tp36_37_38_39,36,-1,100663296,100.663296,all_reduce,362.65052966512576,365.46415534682217,2.8136256816963523,tp_all_reduce,8,1,-1,2,-1,"36,37,38,39"
ar_l9_tp36_37_38_39,36,-1,100663296,100.663296,all_reduce,372.4664286985866,375.2824024751127,2.815973776526093,tp_all_reduce,9,1,-1,2,-1,"36,37,38,39"
ar_l10_tp36_37_38_39,36,-1,100663296,100.663296,all_reduce,379.09272326125955,381.91023061455223,2.8175073532927253,tp_all_reduce,10,1,-1,2,-1,"36,37,38,39"
ar_l11_tp36_37_38_39,36,-1,100663296,100.663296,all_reduce,389.2105571495049,392.0279947889892,2.8174376394843326,tp_all_reduce,11,1,-1,2,-1,"36,37,38,39"
ar_l12_tp36_37_38_39,36,-1,100663296,100.663296,all_reduce,395.8678930801969,398.68196718678945,2.814074106592568,tp_all_reduce,12,1,-1,2,-1,"36,37,38,39"
ar_l13_tp36_37_38_39,36,-1,100663296,100.663296,all_reduce,405.77568635087636,408.59184952876524,2.8161631778889085,tp_all_reduce,13,1,-1,2,-1,"36,37,38,39"
ar_l14_tp36_37_38_39,36,-1,100663296,100.663296,all_reduce,412.30828228386974,415.12273744456854,2.8144551606988366,tp_all_reduce,14,1,-1,2,-1,"36,37,38,39"
ar_l15_tp36_37_38_39,36,-1,100663296,100.663296,all_reduce,422.40772563770787,425.22478019341594,2.817054555708076,tp_all_reduce,15,1,-1,2,-1,"36,37,38,39"
ar_l8_tp52_53_54_55,52,-1,100663296,100.663296,all_reduce,362.65052966512576,365.46671846572576,2.8161888005999725,tp_all_reduce,8,1,-1,3,-1,"52,53,54,55"
ar_l9_tp52_53_54_55,52,-1,100663296,100.663296,all_reduce,372.65747103005094,375.4707854941269,2.813314464076011,tp_all_reduce,9,1,-1,3,-1,"52,53,54,55"
ar_l10_tp52_53_54_55,52,-1,100663296,100.663296,all_reduce,379.4686093666196,382.28166869981555,2.8130593331959775,tp_all_reduce,10,1,-1,3,-1,"52,53,54,55"
ar_l11_tp52_53_54_55,52,-1,100663296,100.663296,all_reduce,389.627708960969,392.44623049674004,2.818521535771057,tp_all_reduce,11,1,-1,3,-1,"52,53,54,55"
ar_l12_tp52_53_54_55,52,-1,100663296,100.663296,all_reduce,396.3974009351296,399.210256536051,2.8128556009214267,tp_all_reduce,12,1,-1,3,-1,"52,53,54,55"
ar_l13_tp52_53_54_55,52,-1,100663296,100.663296,all_reduce,406.2650531763028,409.07767481687773,2.8126216405749416,tp_all_reduce,13,1,-1,3,-1,"52,53,54,55"
ar_l14_tp52_53_54_55,52,-1,100663296,100.663296,all_reduce,412.69755877273263,415.5141025370312,2.8165437642985736,tp_all_reduce,14,1,-1,3,-1,"52,53,54,55"
ar_l15_tp52_53_54_55,52,-1,100663296,100.663296,all_reduce,422.62634061432846,425.4444838202711,2.818143205942647,tp_all_reduce,15,1,-1,3,-1,"52,53,54,55"
p2p_bwd_mb1_s1_dp0,4,0,67108864,67.108864,p2p,429.36107153131417,430.61135947520904,1.2502879438949233,pp_backward,1,1,0,0,0,"4,0"
p2p_bwd_mb1_s1_dp1,20,16,67108864,67.108864,p2p,429.36107153131417,430.61135947520904,1.2502879438949233,pp_backward,1,1,0,1,1,"20,16"
p2p_bwd_mb1_s1_dp2,36,32,67108864,67.108864,p2p,429.36107153131417,430.61135947520904,1.2502879438949233,pp_backward,1,1,0,2,2,"36,32"
p2p_bwd_mb1_s1_dp3,52,48,67108864,67.108864,p2p,429.36107153131417,430.61135947520904,1.2502879438949233,pp_backward,1,1,0,3,3,"52,48"
ar_l16_tp8_9_10_11,8,-1,100663296,100.663296,all_reduce,362.65052966512576,365.46878290237265,2.8182532372468816,tp_all_reduce,16,2,-1,0,-1,"8,9,10,11"
ar_l17_tp8_9_10_11,8,-1,100663296,100.663296,all_reduce,365.82479787149447,368.6424488467222,2.8176509752276813,tp_all_reduce,17,2,-1,0,-1,"8,9,10,11"
ar_l18_tp8_9_10_11,8,-1,100663296,100.663296,all_reduce,369.10052044619874,371.9139265347588,2.8134060885600665,tp_all_reduce,18,2,-1,0,-1,"8,9,10,11"
ar_l19_tp8_9_10_11,8,-1,100663296,100.663296,all_reduce,372.4124725142262,375.22989795386354,2.8174254396373666,tp_all_reduce,19,2,-1,0,-1,"8,9,10,11"
ar_l20_tp8_9_10_11,8,-1,100663296,100.663296,all_reduce,375.6772018933926,378.49179594798716,2.8145940545945547,tp_all_reduce,20,2,-1,0,-1,"8,9,10,11"
ar_l21_tp8_9_10_11,8,-1,100663296,100.663296,all_reduce,378.9917676451551,381.8083475097143,2.8165798645591322,tp_all_reduce,21,2,-1,0,-1,"8,9,10,11"
ar_l22_tp8_9_10_11,8,-1,100663296,100.663296,all_reduce,382.20804538317077,385.025028033923,2.816982650752198,tp_all_reduce,22,2,-1,0,-1,"8,9,10,11"
ar_l23_tp8_9_10_11,8,-1,100663296,100.663296,all_reduce,385.66220036868754,388.4790968539787,2.8168964852911538,tp_all_reduce,23,2,-1,0,-1,"8,9,10,11"
ar_l16_tp24_25_26_27,24,-1,100663296,100.663296,all_reduce,362.65052966512576,365.4647261041377,2.814196439011929,tp_all_reduce,16,2,-1,1,-1,"24,25,26,27"
ar_l17_tp24_25_26_27,24,-1,100663296,100.663296,all_reduce,365.80593980402597,368.624357011778,2.8184172077519998,tp_all_reduce,17,2,-1,1,-1,"24,25,26,27"
ar_l18_tp24_25_26_27,24,-1,100663296,100.663296,all_reduce,369.05879315051135,371.8735493181459,2.8147561676345467,tp_all_reduce,18,2,-1,1,-1,"24,25,26,27"
ar_l19_tp24_25_26_27,24,-1,100663296,100.663296,all_reduce,372.4086055257934,375.226713891613,2.8181083658195827,tp_all_reduce,19,2,-1,1,-1,"24,25,26,27"
ar_l20_tp24_25_26_27,24,-1,100663296,100.663296,all_reduce,375.70722210696556,378.52274672641045,2.815524619444898,tp_all_reduce,20,2,-1,1,-1,"24,25,26,27"
ar_l21_tp24_25_26_27,24,-1,100663296,100.663296,all_reduce,379.0932081887071,381.9061649211025,2.812956732395455,tp_all_reduce,21,2,-1,1,-1,"24,25,26,27"
ar_l22_tp24_25_26_27,24,-1,100663296,100.663296,all_reduce,382.38583393660906,385.19955792965726,2.8137239930481894,tp_all_reduce,22,2,-1,1,-1,"24,25,26,27"
ar_l23_tp24_25_26_27,24,-1,100663296,100.663296,all_reduce,385.8439802411316,388.6608768496938,2.816896608562214,tp_all_reduce,23,2,-1,1,-1,"24,25,26,27"
ar_l16_tp40_41_42_43,40,-1,100663296,100.663296,all_reduce,362.65052966512576,365.4651277393999,2.814598074274144,tp_all_reduce,16,2,-1,2,-1,"40,41,42,43"
ar_l17_tp40_41_42_43,40,-1,100663296,100.663296,all_reduce,366.1118844990417,368.92463439268727,2.8127498936455497,tp_all_reduce,17,2,-1,2,-1,"40,41,42,43"
ar_l18_tp40_41_42_43,40,-1,100663296,100.663296,all_reduce,369.4635083714095,372.27875980421453,2.8152514328050326,tp_all_reduce,18,2,-1,2,-1,"40,41,42,43"
ar_l19_tp40_41_42_43,40,-1,100663296,100.663296,all_reduce,372.6264304490518,375.44407097258437,2.817640523532561,tp_all_reduce,19,2,-1,2,-1,"40,41,42,43"
ar_l20_tp40_41_42_43,40,-1,100663296,100.663296,all_reduce,375.8387700248785,378.65277902668726,2.8140090018087816,tp_all_reduce,20,2,-1,2,-1,"40,41,42,43"
ar_l21_tp40_41_42_43,40,-1,100663296,100.663296,all_reduce,379.25588883260275,382.06874745152663,2.812858618923886,tp_all_reduce,21,2,-1,2,-1,"40,41,42,43"
ar_l22_tp40_41_42_43,40,-1,100663296,100.663296,all_reduce,382.58336277680337,385.3990142838238,2.8156515070204557,tp_all_reduce,22,2,-1,2,-1,"40,41,42,43"
ar_l23_tp40_41_42_43,40,-1,100663296,100.663296,all_reduce,385.7815815120865,388.59592843797986,2.8143469258933296,tp_all_reduce,23,2,-1,2,-1,"40,41,42,43"
ar_l16_tp56_57_58_59,56,-1,100663296,100.663296,all_reduce,362.65052966512576,365.4664459120716,2.8159162469458265,tp_all_reduce,16,2,-1,3,-1,"56,57,58,59"
ar_l17_tp56_57_58_59,56,-1,100663296,100.663296,all_reduce,366.0384142046468,368.8531734420034,2.814759237356579,tp_all_reduce,17,2,-1,3,-1,"56,57,58,59"
ar_l18_tp56_57_58_59,56,-1,100663296,100.663296,all_reduce,369.3464110613013,372.16460978317684,2.8181987218755533,tp_all_reduce,18,2,-1,3,-1,"56,57,58,59"
ar_l19_tp56_57_58_59,56,-1,100663296,100.663296,all_reduce,372.61937264784,375.43203306512703,2.812660417287005,tp_all_reduce,19,2,-1,3,-1,"56,57,58,59"
ar_l20_tp56_57_58_59,56,-1,100663296,100.663296,all_reduce,376.07244807414116,378.8905934452925,2.818145371151326,tp_all_reduce,20,2,-1,3,-1,"56,57,58,59"
ar_l21_tp56_57_58_59,56,-1,100663296,100.663296,all_reduce,379.4457204489028,382.26155511802256,2.815834669119721,tp_all_reduce,21,2,-1,3,-1,"56,57,58,59"
ar_l22_tp56_57_58_59,56,-1,100663296,100.663296,all_reduce,382.7047528665858,385.5193334227565,2.8145805561707316,tp_all_reduce,22,2,-1,3,-1,"56,57,58,59"
ar_l23_tp56_57_58_59,56,-1,100663296,100.663296,all_reduce,385.9950567845674,388.8095118810881,2.814455096520674,tp_all_reduce,23,2,-1,3,-1,"56,57,58,59"
p2p_fwd_mb3_s2_dp0,8,12,67108864,67.108864,p2p,389.26208038428103,390.51289129321765,1.2508109089365838,pp_forward,2,2,3,0,0,"8,12"
p2p_fwd_mb3_s2_dp1,24,28,67108864,67.108864,p2p,389.26208038428103,390.51289129321765,1.2508109089365838,pp_forward,2,2,3,1,1,"24,28"
p2p_fwd_mb3_s2_dp2,40,44,67108864,67.108864,p2p,389.26208038428103,390.51289129321765,1.2508109089365838,pp_forward,2,2,3,2,2,"40,44"
p2p_fwd_mb3_s2_dp3,56,60,67108864,67.108864,p2p,389.26208038428103,390.51289129321765,1.2508109089365838,pp_forward,2,2,3,3,3,"56,60"
ar_l24_tp12_13_14_15,12,-1,100663296,100.663296,all_reduce,324.5019449654187,327.3155100594044,2.8135650939856705,tp_all_reduce,24,3,-1,0,-1,"12,13,14,15"
ar_l25_tp12_13_14_15,12,-1,100663296,100.663296,all_reduce,334.77286418745683,337.5901456794676,2.8172814920107703,tp_all_reduce,25,3,-1,0,-1,"12,13,14,15"
ar_l26_tp12_13_14_15,12,-1,100663296,100.663296,all_reduce,341.6322025981688,344.44829354980175,2.816090951632877,tp_all_reduce,26,3,-1,0,-1,"12,13,14,15"
ar_l27_tp12_13_14_15,12,-1,100663296,100.663296,all_reduce,351.48154662117867,354.2968639475869,2.815317326408273,tp_all_reduce,27,3,-1,0,-1,"12,13,14,15"
ar_l28_tp12_13_14_15,12,-1,100663296,100.663296,all_reduce,357.7954439389091,360.61174267459137,2.8162987356822877,tp_all_reduce,28,3,-1,0,-1,"12,13,14,15"
ar_l29_tp12_13_14_15,12,-1,100663296,100.663296,all_reduce,367.7313811427133,370.5490182574015,2.8176371146881873,tp_all_reduce,29,3,-1,0,-1,"12,13,14,15"
ar_l30_tp12_13_14_15,12,-1,100663296,100.663296,all_reduce,374.0250275834058,376.84289422244166,2.817866639035882,tp_all_reduce,30,3,-1,0,-1,"12,13,14,15"
ar_l31_tp12_13_14_15,12,-1,100663296,100.663296,all_reduce,383.9638370722472,386.78154463866963,2.817707566422467,tp_all_reduce,31,3,-1,0,-1,"12,13,14,15"
ar_l24_tp28_29_30_31,28,-1,100663296,100.663296,all_reduce,324.5019449654187,327.31839557194337,2.816450606524634,tp_all_reduce,24,3,-1,1,-1,"28,29,30,31"
ar_l25_tp28_29_30_31,28,-1,100663296,100.663296,all_reduce,334.05979824533813,336.8741156070427,2.8143173617046213,tp_all_reduce,25,3,-1,1,-1,"28,29,30,31"
ar_l26_tp28_29_30_31,28,-1,100663296,100.663296,all_reduce,340.7346707534654,343.5528853114087,2.8182145579432882,tp_all_reduce,26,3,-1,1,-1,"28,29,30,31"
ar_l27_tp28_29_30_31,28,-1,100663296,100.663296,all_reduce,350.70189853069877,353.5192286656552,2.8173301349564417,tp_all_reduce,27,3,-1,1,-1,"28,29,30,31"
ar_l28_tp28_29_30_31,28,-1,100663296,100.663296,all_reduce,357.25964468474234,360.0734754357169,2.813830750974522,tp_all_reduce,28,3,-1,1,-1,"28,29,30,31"
ar_l29_tp28_29_30_31,28,-1,100663296,100.663296,all_reduce,366.92808620892333,369.74261423303454,2.8145280241112514,tp_all_reduce,29,3,-1,1,-1,"28,29,30,31"
ar_l30_tp28_29_30_31,28,-1,100663296,100.663296,all_reduce,373.5931045432522,376.4081513328067,2.8150467895545206,tp_all_reduce,30,3,-1,1,-1,"28,29,30,31"
ar_l31_tp28_29_30_31,28,-1,100663296,100.663296,all_reduce,383.3239425152809,386.14035919469296,2.8164166794120704,tp_all_reduce,31,3,-1,1,-1,"28,29,30,31"
ar_l24_tp44_45_46_47,44,-1,100663296,100.663296,all_reduce,324.5019449654187,327.31819014946956,2.816245184050825,tp_all_reduce,24,3,-1,2,-1,"44,45,46,47"
ar_l25_tp44_45_46_47,44,-1,100663296,100.663296,all_reduce,334.3241960815658,337.1377392229583,2.8135431413925382,tp_all_reduce,25,3,-1,2,-1,"44,45,46,47"
ar_l26_tp44_45_46_47,44,-1,100663296,100.663296,all_reduce,340.96575369623207,343.78320532547065,2.8174516292385765,tp_all_reduce,26,3,-1,2,-1,"44,45,46,47"
ar_l27_tp44_45_46_47,44,-1,100663296,100.663296,all_reduce,351.1183490469517,353.93355672299134,2.8152076760395994,tp_all_reduce,27,3,-1,2,-1,"44,45,46,47"
ar_l28_tp44_45_46_47,44,-1,100663296,100.663296,all_reduce,358.00423883190126,360.8182532147433,2.814014382842067,tp_all_reduce,28,3,-1,2,-1,"44,45,46,47"
ar_l29_tp44_45_46_47,44,-1,100663296,100.663296,all_reduce,367.830097019383,370.6479816273602,2.8178846079771613,tp_all_reduce,29,3,-1,2,-1,"44,45,46,47"
ar_l30_tp44_45_46_47,44,-1,100663296,100.663296,all_reduce,374.5038422354705,377.32115230673077,2.8173100712602928,tp_all_reduce,30,3,-1,2,-1,"44,45,46,47"
ar_l31_tp44_45_46_47,44,-1,100663296,100.663296,all_reduce,384.57104096185077,387.38358710342743,2.8125461415766106,tp_all_reduce,31,3,-1,2,-1,"44,45,46,47"
ar_l24_tp60_61_62_63,60,-1,100663296,100.663296,all_reduce,324.5019449654187,327.31955387448613,2.817608909067404,tp_all_reduce,24,3,-1,3,-1,"60,61,62,63"
ar_l25_tp60_61_62_63,60,-1,100663296,100.663296,all_reduce,334.3410048193963,337.1563080940369,2.815303274640635,tp_all_reduce,25,3,-1,3,-1,"60,61,62,63"
ar_l26_tp60_61_62_63,60,-1,100663296,100.663296,all_reduce,340.63565847817546,343.4486846345071,2.813026156331666,tp_all_reduce,26,3,-1,3,-1,"60,61,62,63"
ar_l27_tp60_61_62_63,60,-1,100663296,100.663296,all_reduce,350.6086830744705,353.4213930027113,2.8127099282407864,tp_all_reduce,27,3,-1,3,-1,"60,61,62,63"
ar_l28_tp60_61_62_63,60,-1,100663296,100.663296,all_reduce,357.4079013663644,360.2234460148468,2.815544648482382,tp_all_reduce,28,3,-1,3,-1,"60,61,62,63"
ar_l29_tp60_61_62_63,60,-1,100663296,100.663296,all_reduce,367.07700935533404,369.8942078097177,2.8171984543836626,tp_all_reduce,29,3,-1,3,-1,"60,61,62,63"
ar_l30_tp60_61_62_63,60,-1,100663296,100.663296,all_reduce,373.7150374368054,376.5308506033972,2.8158131665917963,tp_all_reduce,30,3,-1,3,-1,"60,61,62,63"
ar_l31_tp60_61_62_63,60,-1,100663296,100.663296,all_reduce,383.7081971673794,386.5241790321624,2.8159818647829904,tp_all_reduce,31,3,-1,3,-1,"60,61,62,63"
p2p_bwd_mb2_s3_dp0,12,8,67108864,67.108864,p2p,398.3350063019159,399.5857891937993,1.2507828918834618,pp_backward,3,3,2,0,0,"12,8"
p2p_bwd_mb2_s3_dp1,28,24,67108864,67.108864,p2p,398.3350063019159,399.5857891937993,1.2507828918834618,pp_backward,3,3,2,1,1,"28,24"
p2p_bwd_mb2_s3_dp2,44,40,67108864,67.108864,p2p,398.3350063019159,399.5857891937993,1.2507828918834618,pp_backward,3,3,2,2,2,"44,40"
p2p_bwd_mb2_s3_dp3,60,56,67108864,67.108864,p2p,398.3350063019159,399.5857891937993,1.2507828918834618,pp_backward,3,3,2,3,3,"60,56"
ar_l0_tp0_1_2_3,0,-1,100663296,100.663296,all_reduce,430.7125854887752,433.5267017752381,2.814116286462942,tp_all_reduce,0,0,-1,0,-1,"0,1,2,3"
ar_l1_tp0_1_2_3,0,-1,100663296,100.663296,all_reduce,440.41490842749306,443.22865653149756,2.813748104004532,tp_all_reduce,1,0,-1,0,-1,"0,1,2,3"
ar_l2_tp0_1_2_3,0,-1,100663296,100.663296,all_reduce,446.9128213639866,449.7277941947958,2.8149728308091704,tp_all_reduce,2,0,-1,0,-1,"0,1,2,3"
ar_l3_tp0_1_2_3,0,-1,100663296,100.663296,all_reduce,456.72745780861635,459.5454865621348,2.8180287535184423,tp_all_reduce,3,0,-1,0,-1,"0,1,2,3"
ar_l4_tp0_1_2_3,0,-1,100663296,100.663296,all_reduce,463.45234439587057,466.26549058676756,2.8131461908969535,tp_all_reduce,4,0,-1,0,-1,"0,1,2,3"
ar_l5_tp0_1_2_3,0,-1,100663296,100.663296,all_reduce,473.43918976449424,476.253622825984,2.814433061489763,tp_all_reduce,5,0,-1,0,-1,"0,1,2,3"
ar_l6_tp0_1_2_3,0,-1,100663296,100.663296,all_reduce,479.82416402366994,482.6382252250516,2.814061201381668,tp_all_reduce,6,0,-1,0,-1,"0,1,2,3"
ar_l7_tp0_1_2_3,0,-1,100663296,100.663296,all_reduce,489.60960901622843,492.42701821688024,2.8174092006518214,tp_all_reduce,7,0,-1,0,-1,"0,1,2,3"
ar_l0_tp16_17_18_19,16,-1,100663296,100.663296,all_reduce,430.7073693258257,433.524864807944,2.817495482118293,tp_all_reduce,0,0,-1,1,-1,"16,17,18,19"
ar_l1_tp16_17_18_19,16,-1,100663296,100.663296,all_reduce,440.8432302167674,443.6601233445796,2.8168931278121923,tp_all_reduce,1,0,-1,1,-1,"16,17,18,19"
ar_l2_tp16_17_18_19,16,-1,100663296,100.663296,all_reduce,447.25555397966286,450.07250222203623,2.8169482423733294,tp_all_reduce,2,0,-1,1,-1,"16,17,18,19"
ar_l3_tp16_17_18_19,16,-1,100663296,100.663296,all_reduce,457.37339717482655,460.1892065406863,2.815809365859734,tp_all_reduce,3,0,-1,1,-1,"16,17,18,19"
ar_l4_tp16_17_18_19,16,-1,100663296,100.663296,all_reduce,463.98490242933224,466.80032075036,2.815418321027774,tp_all_reduce,4,0,-1,1,-1,"16,17,18,19"
ar_l5_tp16_17_18_19,16,-1,100663296,100.663296,all_reduce,473.98399498438573,476.80091204360554,2.8169170592198256,tp_all_reduce,5,0,-1,1,-1,"16,17,18,19"
ar_l6_tp16_17_18_19,16,-1,100663296,100.663296,all_reduce,480.764182839787,483.58004842985093,2.815865590063915,tp_all_reduce,6,0,-1,1,-1,"16,17,18,19"
ar_l7_tp16_17_18_19,16,-1,100663296,100.663296,all_reduce,490.3980256065343,493.21356158982763,2.8155359832933713,tp_all_reduce,7,0,-1,1,-1,"16,17,18,19"
ar_l0_tp32_33_34_35,32,-1,100663296,100.663296,all_reduce,430.7120524798176,433.52474159693037,2.812689117112799,tp_all_reduce,0,0,-1,2,-1,"32,33,34,35"
ar_l1_tp32_33_34_35,32,-1,100663296,100.663296,all_reduce,440.69669121535225,443.5127334416068,2.816042226254589,tp_all_reduce,1,0,-1,2,-1,"32,33,34,35"
ar_l2_tp32_33_34_35,32,-1,100663296,100.663296,all_reduce,447.55478516523914,450.3727052757837,2.8179201105445473,tp_all_reduce,2,0,-1,2,-1,"32,33,34,35"
ar_l3_tp32_33_34_35,32,-1,100663296,100.663296,all_reduce,457.2595514197196,460.07498623229316,2.815434812573514,tp_all_reduce,3,0,-1,2,-1,"32,33,34,35"
ar_l4_tp32_33_34_35,32,-1,100663296,100.663296,all_reduce,463.94587990352403,466.7591142324716,2.8132343289475337,tp_all_reduce,4,0,-1,2,-1,"32,33,34,35"
ar_l5_tp32_33_34_35,32,-1,100663296,100.663296,all_reduce,473.6787515165801,476.4944798919332,2.8157283753530993,tp_all_reduce,5,0,-1,2,-1,"32,33,34,35"
ar_l6_tp32_33_34_35,32,-1,100663296,100.663296,all_reduce,480.3139005691835,483.12988367646636,2.815983107282871,tp_all_reduce,6,0,-1,2,-1,"32,33,34,35"
ar_l7_tp32_33_34_35,32,-1,100663296,100.663296,all_reduce,490.6253650543396,493.44034751216594,2.8149824578262983,tp_all_reduce,7,0,-1,2,-1,"32,33,34,35"
ar_l0_tp48_49_50_51,48,-1,100663296,100.663296,all_reduce,430.71151324341986,433.52421104567316,2.8126978022532945,tp_all_reduce,0,0,-1,3,-1,"48,49,50,51"
ar_l1_tp48_49_50_51,48,-1,100663296,100.663296,all_reduce,440.5784261034099,443.39643889825584,2.8180127948459477,tp_all_reduce,1,0,-1,3,-1,"48,49,50,51"
ar_l2_tp48_49_50_51,48,-1,100663296,100.663296,all_reduce,446.89928608970774,449.713154764571,2.8138686748632735,tp_all_reduce,2,0,-1,3,-1,"48,49,50,51"
ar_l3_tp48_49_50_51,48,-1,100663296,100.663296,all_reduce,456.98467409784655,459.80267568003535,2.8180015821888116,tp_all_reduce,3,0,-1,3,-1,"48,49,50,51"
ar_l4_tp48_49_50_51,48,-1,100663296,100.663296,all_reduce,463.70413436380477,466.5189220562919,2.814787692487164,tp_all_reduce,4,0,-1,3,-1,"48,49,50,51"
ar_l5_tp48_49_50_51,48,-1,100663296,100.663296,all_reduce,473.4917847940151,476.3055288474961,2.8137440534810043,tp_all_reduce,5,0,-1,3,-1,"48,49,50,51"
ar_l6_tp48_49_50_51,48,-1,100663296,100.663296,all_reduce,480.02603537100913,482.8409374204291,2.814902049419976,tp_all_reduce,6,0,-1,3,-1,"48,49,50,51"
ar_l7_tp48_49_50_51,48,-1,100663296,100.663296,all_reduce,490.2516097791711,493.06484661311424,2.8132368339431335,tp_all_reduce,7,0,-1,3,-1,"48,49,50,51"
ar_l8_tp4_5_6_7,4,-1,100663296,100.663296,all_reduce,430.61135947520904,433.4268637164988,2.8155042412897346,tp_all_reduce,8,1,-1,0,-1,"4,5,6,7"
ar_l9_tp4_5_6_7,4,-1,100663296,100.663296,all_reduce,434.0093909302534,436.8224587915914,2.813067861337948,tp_all_reduce,9,1,-1,0,-1,"4,5,6,7"
ar_l10_tp4_5_6_7,4,-1,100663296,100.663296,all_reduce,437.1845776748973,440.00229036248834,2.817712687591012,tp_all_reduce,10,1,-1,0,-1,"4,5,6,7"
ar_l11_tp4_5_6_7,4,-1,100663296,100.663296,all_reduce,440.4444485133455,443.25836709045814,2.813918577112662,tp_all_reduce,11,1,-1,0,-1,"4,5,6,7"
ar_l12_tp4_5_6_7,4,-1,100663296,100.663296,all_reduce,443.8894117758492,446.7027145771547,2.813302801305484,tp_all_reduce,12,1,-1,0,-1,"4,5,6,7"
ar_l13_tp4_5_6_7,4,-1,100663296,100.663296,all_reduce,447.231691434632,450.0473230952856,2.8156316606535725,tp_all_reduce,13,1,-1,0,-1,"4,5,6,7"
ar_l14_tp4_5_6_7,4,-1,100663296,100.663296,all_reduce,450.58340278981314,453.3979263559715,2.8145235661583556,tp_all_reduce,14,1,-1,0,-1,"4,5,6,7"
ar_l15_tp4_5_6_7,4,-1,100663296,100.663296,all_reduce,453.9760814439352,456.79413447681543,2.818053032880241,tp_all_reduce,15,1,-1,0,-1,"4,5,6,7"
ar_l8_tp20_21_22_23,20,-1,100663296,100.663296,all_reduce,430.61135947520904,433.42608949633706,2.8147300211279758,tp_all_reduce,8,1,-1,1,-1,"20,21,22,23"
ar_l9_tp20_21_22_23,20,-1,100663296,100.663296,all_reduce,433.83766782658586,436.6524322888698,2.8147644622839585,tp_all_reduce,9,1,-1,1,-1,"20,21,22,23"
ar_l10_tp20_21_22_23,20,-1,100663296,100.663296,all_reduce,436.99008264325255,439.80325534360355,2.8131727003509743,tp_all_reduce,10,1,-1,1,-1,"20,21,22,23"
ar_l11_tp20_21_22_23,20,-1,100663296,100.663296,all_reduce,440.273766266258,443.0896716072909,2.815905341032876,tp_all_reduce,11,1,-1,1,-1,"20,21,22,23"
ar_l12_tp20_21_22_23,20,-1,100663296,100.663296,all_reduce,443.55484748132625,446.3677909213514,2.812943440025195,tp_all_reduce,12,1,-1,1,-1,"20,21,22,23"
ar_l13_tp20_21_22_23,20,-1,100663296,100.663296,all_reduce,446.8687064212571,449.684618852662,2.8159124314049433,tp_all_reduce,13,1,-1,1,-1,"20,21,22,23"
ar_l14_tp20_21_22_23,20,-1,100663296,100.663296,all_reduce,450.1832684414438,452.997304863576,2.814036422132238,tp_all_reduce,14,1,-1,1,-1,"20,21,22,23"
ar_l15_tp20_21_22_23,20,-1,100663296,100.663296,all_reduce,453.5239772056247,456.33850009336123,2.814522887736537,tp_all_reduce,15,1,-1,1,-1,"20,21,22,23"
ar_l8_tp36_37_38_39,36,-1,100663296,100.663296,all_reduce,430.61135947520904,433.4276762798933,2.816316804684249,tp_all_reduce,8,1,-1,2,-1,"36,37,38,39"
ar_l9_tp36_37_38_39,36,-1,100663296,100.663296,all_reduce,433.7792387715759,436.5964588768312,2.8172201052553136,tp_all_reduce,9,1,-1,2,-1,"36,37,38,39"
ar_l10_tp36_37_38_39,36,-1,100663296,100.663296,all_reduce,436.9972865761719,439.8121153204322,2.8148287442603115,tp_all_reduce,10,1,-1,2,-1,"36,37,38,39"
ar_l11_tp36_37_38_39,36,-1,100663296,100.663296,all_reduce,440.20722994655324,443.02202424146594,2.814794294912659,tp_all_reduce,11,1,-1,2,-1,"36,37,38,39"
ar_l12_tp36_37_38_39,36,-1,100663296,100.663296,all_reduce,443.5405783187928,446.355466338046,2.81488801925317,tp_all_reduce,12,1,-1,2,-1,"36,37,38,39"
ar_l13_tp36_37_38_39,36,-1,100663296,100.663296,all_reduce,446.9011623831943,449.7162833176594,2.8151209344651207,tp_all_reduce,13,1,-1,2,-1,"36,37,38,39"
ar_l14_tp36_37_38_39,36,-1,100663296,100.663296,all_reduce,450.3393597426193,453.15725637525026,2.8178966326309896,tp_all_reduce,14,1,-1,2,-1,"36,37,38,39"
ar_l15_tp36_37_38_39,36,-1,100663296,100.663296,all_reduce,453.53380824479893,456.35077441314945,2.816966168350532,tp_all_reduce,15,1,-1,2,-1,"36,37,38,39"
ar_l8_tp52_53_54_55,52,-1,100663296,100.663296,all_reduce,430.61135947520904,433.42940771961844,2.818048244409399,tp_all_reduce,8,1,-1,3,-1,"52,53,54,55"
ar_l9_tp52_53_54_55,52,-1,100663296,100.663296,all_reduce,433.8297579419905,436.6427059891094,2.8129480471189017,tp_all_reduce,9,1,-1,3,-1,"52,53,54,55"
ar_l10_tp52_53_54_55,52,-1,100663296,100.663296,all_reduce,437.25905394123646,440.076170198024,2.8171162567874886,tp_all_reduce,10,1,-1,3,-1,"52,53,54,55"
ar_l11_tp52_53_54_55,52,-1,100663296,100.663296,all_reduce,440.63836298650796,443.4551238423425,2.816760855834599,tp_all_reduce,11,1,-1,3,-1,"52,53,54,55"
ar_l12_tp52_53_54_55,52,-1,100663296,100.663296,all_reduce,444.0567707040392,446.87265891776775,2.8158882137285235,tp_all_reduce,12,1,-1,3,-1,"52,53,54,55"
ar_l13_tp52_53_54_55,52,-1,100663296,100.663296,all_reduce,447.4857425384725,450.3029762804912,2.817233742018699,tp_all_reduce,13,1,-1,3,-1,"52,53,54,55"
ar_l14_tp52_53_54_55,52,-1,100663296,100.663296,all_reduce,450.6584518408697,453.4728516651012,2.814399824231484,tp_all_reduce,14,1,-1,3,-1,"52,53,54,55"
ar_l15_tp52_53_54_55,52,-1,100663296,100.663296,all_reduce,454.0001961784399,456.81436482508514,2.814168646645243,tp_all_reduce,15,1,-1,3,-1,"52,53,54,55"
p2p_fwd_mb4_s1_dp0,4,8,67108864,67.108864,p2p,457.3985168081874,458.6512187480062,1.252701939818801,pp_forward,1,1,2,0,0,"4,8"
p2p_fwd_mb4_s1_dp1,20,24,67108864,67.108864,p2p,457.3985168081874,458.6512187480062,1.252701939818801,pp_forward,1,1,2,1,1,"20,24"
p2p_fwd_mb4_s1_dp2,36,40,67108864,67.108864,p2p,457.3985168081874,458.6512187480062,1.252701939818801,pp_forward,1,1,2,2,2,"36,40"
p2p_fwd_mb4_s1_dp3,52,56,67108864,67.108864,p2p,457.3985168081874,458.6512187480062,1.252701939818801,pp_forward,1,1,2,3,3,"52,56"
ar_l16_tp8_9_10_11,8,-1,100663296,100.663296,all_reduce,399.5857891937993,402.4018367701895,2.816047576390146,tp_all_reduce,16,2,-1,0,-1,"8,9,10,11"
ar_l17_tp8_9_10_11,8,-1,100663296,100.663296,all_reduce,409.3411370367143,412.15389299843883,2.8127559617245335,tp_all_reduce,17,2,-1,0,-1,"8,9,10,11"
ar_l18_tp8_9_10_11,8,-1,100663296,100.663296,all_reduce,415.8046280468549,418.6209107724147,2.8162827255598377,tp_all_reduce,18,2,-1,0,-1,"8,9,10,11"
ar_l19_tp8_9_10_11,8,-1,100663296,100.663296,all_reduce,425.72084158338333,428.5334504859288,2.812608902545477,tp_all_reduce,19,2,-1,0,-1,"8,9,10,11"
ar_l20_tp8_9_10_11,8,-1,100663296,100.663296,all_reduce,432.2139650642316,435.0303943713502,2.8164293071186175,tp_all_reduce,20,2,-1,0,-1,"8,9,10,11"
ar_l21_tp8_9_10_11,8,-1,100663296,100.663296,all_reduce,442.3108397472702,445.1292315435484,2.818391796278241,tp_all_reduce,21,2,-1,0,-1,"8,9,10,11"
ar_l22_tp8_9_10_11,8,-1,100663296,100.663296,all_reduce,448.70030627136777,451.51294131559064,2.8126350442228554,tp_all_reduce,22,2,-1,0,-1,"8,9,10,11"
ar_l23_tp8_9_10_11,8,-1,100663296,100.663296,all_reduce,458.5333936970624,461.3473943588662,2.814000661803817,tp_all_reduce,23,2,-1,0,-1,"8,9,10,11"
ar_l16_tp24_25_26_27,24,-1,100663296,100.663296,all_reduce,399.5857891937993,402.4028704384359,2.817081244636588,tp_all_reduce,16,2,-1,1,-1,"24,25,26,27"
ar_l17_tp24_25_26_27,24,-1,100663296,100.663296,all_reduce,409.3525533854729,412.1703314191185,2.817778033645635,tp_all_reduce,17,2,-1,1,-1,"24,25,26,27"
ar_l18_tp24_25_26_27,24,-1,100663296,100.663296,all_reduce,416.24085374255054,419.0580970395303,2.8172432969797434,tp_all_reduce,18,2,-1,1,-1,"24,25,26,27"
ar_l19_tp24_25_26_27,24,-1,100663296,100.663296,all_reduce,426.05413174342624,428.8716423993535,2.8175106559272245,tp_all_reduce,19,2,-1,1,-1,"24,25,26,27"
ar_l20_tp24_25_26_27,24,-1,100663296,100.663296,all_reduce,432.9275565487368,435.7440580247759,2.816501476039124,tp_all_reduce,20,2,-1,1,-1,"24,25,26,27"
ar_l21_tp24_25_26_27,24,-1,100663296,100.663296,all_reduce,443.28779645645045,446.1014668939912,2.813670437540716,tp_all_reduce,21,2,-1,1,-1,"24,25,26,27"
ar_l22_tp24_25_26_27,24,-1,100663296,100.663296,all_reduce,449.69736949475373,452.511602606903,2.8142331121492337,tp_all_reduce,22,2,-1,1,-1,"24,25,26,27"
ar_l23_tp24_25_26_27,24,-1,100663296,100.663296,all_reduce,459.7099433154808,462.5234391537122,2.813495838231428,tp_all_reduce,23,2,-1,1,-1,"24,25,26,27"
ar_l16_tp40_41_42_43,40,-1,100663296,100.663296,all_reduce,399.5857891937993,402.40186373154074,2.8160745377414087,tp_all_reduce,16,2,-1,2,-1,"40,41,42,43"
ar_l17_tp40_41_42_43,40,-1,100663296,100.663296,all_reduce,409.7169607617608,412.531223095812,2.8142623340511874,tp_all_reduce,17,2,-1,2,-1,"40,41,42,43"
ar_l18_tp40_41_42_43,40,-1,100663296,100.663296,all_reduce,416.46770084652553,419.28386335027676,2.816162503751274,tp_all_reduce,18,2,-1,2,-1,"40,41,42,43"
ar_l19_tp40_41_42_43,40,-1,100663296,100.663296,all_reduce,426.1766592604995,428.9920581154306,2.8153988549311504,tp_all_reduce,19,2,-1,2,-1,"40,41,42,43"
ar_l20_tp40_41_42_43,40,-1,100663296,100.663296,all_reduce,432.6937108806995,435.5119364075757,2.8182255268762724,tp_all_reduce,20,2,-1,2,-1,"40,41,42,43"
ar_l21_tp40_41_42_43,40,-1,100663296,100.663296,all_reduce,442.2578277822256,445.0728215199154,2.814993737689786,tp_all_reduce,21,2,-1,2,-1,"40,41,42,43"
ar_l22_tp40_41_42_43,40,-1,100663296,100.663296,all_reduce,448.72843288738045,451.54347014618924,2.8150372588087724,tp_all_reduce,22,2,-1,2,-1,"40,41,42,43"
ar_l23_tp40_41_42_43,40,-1,100663296,100.663296,all_reduce,458.84302140892225,461.6564624064536,2.813440997531391,tp_all_reduce,23,2,-1,2,-1,"40,41,42,43"
ar_l16_tp56_57_58_59,56,-1,100663296,100.663296,all_reduce,399.5857891937993,402.4011635156469,2.8153743218475302,tp_all_reduce,16,2,-1,3,-1,"56,57,58,59"
ar_l17_tp56_57_58_59,56,-1,100663296,100.663296,all_reduce,409.72526624725555,412.54214426486413,2.816878017608604,tp_all_reduce,17,2,-1,3,-1,"56,57,58,59"
ar_l18_tp56_57_58_59,56,-1,100663296,100.663296,all_reduce,416.454335814556,419.26990635233034,2.81557053777437,tp_all_reduce,18,2,-1,3,-1,"56,57,58,59"
ar_l19_tp56_57_58_59,56,-1,100663296,100.663296,all_reduce,426.67038575664407,429.48456078834874,2.8141750317046688,tp_all_reduce,19,2,-1,3,-1,"56,57,58,59"
ar_l20_tp56_57_58_59,56,-1,100663296,100.663296,all_reduce,433.13297947780745,435.9509389764021,2.8179594985946466,tp_all_reduce,20,2,-1,3,-1,"56,57,58,59"
ar_l21_tp56_57_58_59,56,-1,100663296,100.663296,all_reduce,443.00351535191055,445.8219047717791,2.8183894198685056,tp_all_reduce,21,2,-1,3,-1,"56,57,58,59"
ar_l22_tp56_57_58_59,56,-1,100663296,100.663296,all_reduce,449.62285507142485,452.4387270245084,2.815871953083582,tp_all_reduce,22,2,-1,3,-1,"56,57,58,59"
ar_l23_tp56_57_58_59,56,-1,100663296,100.663296,all_reduce,459.7166452299076,462.53280455214696,2.816159322239331,tp_all_reduce,23,2,-1,3,-1,"56,57,58,59"
p2p_bwd_mb2_s2_dp0,8,4,67108864,67.108864,p2p,466.2475939089076,467.49972623397383,1.252132325066213,pp_backward,2,2,1,0,0,"8,4"
p2p_bwd_mb2_s2_dp1,24,20,67108864,67.108864,p2p,466.2475939089076,467.49972623397383,1.252132325066213,pp_backward,2,2,1,1,1,"24,20"
p2p_bwd_mb2_s2_dp2,40,36,67108864,67.108864,p2p,466.2475939089076,467.49972623397383,1.252132325066213,pp_backward,2,2,1,2,2,"40,36"
p2p_bwd_mb2_s2_dp3,56,52,67108864,67.108864,p2p,466.2475939089076,467.49972623397383,1.252132325066213,pp_backward,2,2,1,3,3,"56,52"
ar_l24_tp12_13_14_15,12,-1,100663296,100.663296,all_reduce,399.5857891937993,402.39988125622557,2.814092062426221,tp_all_reduce,24,3,-1,0,-1,"12,13,14,15"
ar_l25_tp12_13_14_15,12,-1,100663296,100.663296,all_reduce,402.7767914734687,405.58961558859016,2.8128241151214595,tp_all_reduce,25,3,-1,0,-1,"12,13,14,15"
ar_l26_tp12_13_14_15,12,-1,100663296,100.663296,all_reduce,406.08612993471263,408.9001277959234,2.813997861210782,tp_all_reduce,26,3,-1,0,-1,"12,13,14,15"
ar_l27_tp12_13_14_15,12,-1,100663296,100.663296,all_reduce,409.3267660245904,412.1393944580058,2.8126284334153984,tp_all_reduce,27,3,-1,0,-1,"12,13,14,15"
ar_l28_tp12_13_14_15,12,-1,100663296,100.663296,all_reduce,412.75406430149246,415.5676629929203,2.813598691427832,tp_all_reduce,28,3,-1,0,-1,"12,13,14,15"
ar_l29_tp12_13_14_15,12,-1,100663296,100.663296,all_reduce,415.90334316540486,418.71722423309,2.8138810676851533,tp_all_reduce,29,3,-1,0,-1,"12,13,14,15"
ar_l30_tp12_13_14_15,12,-1,100663296,100.663296,all_reduce,419.25426629997406,422.06701378684994,2.8127474868758773,tp_all_reduce,30,3,-1,0,-1,"12,13,14,15"
ar_l31_tp12_13_14_15,12,-1,100663296,100.663296,all_reduce,422.5461316518199,425.364663501093,2.818531849273054,tp_all_reduce,31,3,-1,0,-1,"12,13,14,15"
ar_l24_tp28_29_30_31,28,-1,100663296,100.663296,all_reduce,399.5857891937993,402.4013225923418,2.815533398542458,tp_all_reduce,24,3,-1,1,-1,"28,29,30,31"
ar_l25_tp28_29_30_31,28,-1,100663296,100.663296,all_reduce,403.03556269275936,405.8484796709448,2.81291697818542,tp_all_reduce,25,3,-1,1,-1,"28,29,30,31"
ar_l26_tp28_29_30_31,28,-1,100663296,100.663296,all_reduce,406.4459946256622,409.2625424587756,2.816547833113414,tp_all_reduce,26,3,-1,1,-1,"28,29,30,31"
ar_l27_tp28_29_30_31,28,-1,100663296,100.663296,all_reduce,409.86127533471887,412.67715642243877,2.815881087719907,tp_all_reduce,27,3,-1,1,-1,"28,29,30,31"
ar_l28_tp28_29_30_31,28,-1,100663296,100.663296,all_reduce,413.21715993395486,416.0351899464333,2.818030012478434,tp_all_reduce,28,3,-1,1,-1,"28,29,30,31"
ar_l29_tp28_29_30_31,28,-1,100663296,100.663296,all_reduce,416.6901581137075,419.5077700520217,2.8176119383142018,tp_all_reduce,29,3,-1,1,-1,"28,29,30,31"
ar_l30_tp28_29_30_31,28,-1,100663296,100.663296,all_reduce,419.94340403696646,422.7575083517168,2.8141043147503764,tp_all_reduce,30,3,-1,1,-1,"28,29,30,31"
ar_l31_tp28_29_30_31,28,-1,100663296,100.663296,all_reduce,423.12099444841226,425.93952661131425,2.8185321629019544,tp_all_reduce,31,3,-1,1,-1,"28,29,30,31"
ar_l24_tp44_45_46_47,44,-1,100663296,100.663296,all_reduce,399.5857891937993,402.4036083138922,2.8178191200928793,tp_all_reduce,24,3,-1,2,-1,"44,45,46,47"
ar_l25_tp44_45_46_47,44,-1,100663296,100.663296,all_reduce,402.7679020876014,405.58383600504465,2.8159339174432807,tp_all_reduce,25,3,-1,2,-1,"44,45,46,47"
ar_l26_tp44_45_46_47,44,-1,100663296,100.663296,all_reduce,406.12165471696113,408.9383980650209,2.816743348059758,tp_all_reduce,26,3,-1,2,-1,"44,45,46,47"
ar_l27_tp44_45_46_47,44,-1,100663296,100.663296,all_reduce,409.444059116739,412.2575050914447,2.813445974705675,tp_all_reduce,27,3,-1,2,-1,"44,45,46,47"
ar_l28_tp44_45_46_47,44,-1,100663296,100.663296,all_reduce,412.6024768516192,415.416669729838,2.814192878218824,tp_all_reduce,28,3,-1,2,-1,"44,45,46,47"
ar_l29_tp44_45_46_47,44,-1,100663296,100.663296,all_reduce,415.80308777598066,418.61966153253576,2.8165737565551408,tp_all_reduce,29,3,-1,2,-1,"44,45,46,47"
ar_l30_tp44_45_46_47,44,-1,100663296,100.663296,all_reduce,419.23978149841713,422.0567453830075,2.8169638845904066,tp_all_reduce,30,3,-1,2,-1,"44,45,46,47"
ar_l31_tp44_45_46_47,44,-1,100663296,100.663296,all_reduce,422.53825257253595,425.3536284232188,2.8153758506828663,tp_all_reduce,31,3,-1,2,-1,"44,45,46,47"
ar_l24_tp60_61_62_63,60,-1,100663296,100.663296,all_reduce,399.5857891937993,402.3989926742697,2.813203480470372,tp_all_reduce,24,3,-1,3,-1,"60,61,62,63"
ar_l25_tp60_61_62_63,60,-1,100663296,100.663296,all_reduce,402.8726468960885,405.68867618545096,2.816029289362476,tp_all_reduce,25,3,-1,3,-1,"60,61,62,63"
ar_l26_tp60_61_62_63,60,-1,100663296,100.663296,all_reduce,406.1608662597795,408.97702699043697,2.816160730657491,tp_all_reduce,26,3,-1,3,-1,"60,61,62,63"
ar_l27_tp60_61_62_63,60,-1,100663296,100.663296,all_reduce,409.39060794069843,412.2080774500939,2.817469509395487,tp_all_reduce,27,3,-1,3,-1,"60,61,62,63"
ar_l28_tp60_61_62_63,60,-1,100663296,100.663296,all_reduce,412.77969732922423,415.5953013969433,2.815604067719024,tp_all_reduce,28,3,-1,3,-1,"60,61,62,63"
ar_l29_tp60_61_62_63,60,-1,100663296,100.663296,all_reduce,416.14315774056155,418.96040975980196,2.817252019240435,tp_all_reduce,29,3,-1,3,-1,"60,61,62,63"
ar_l30_tp60_61_62_63,60,-1,100663296,100.663296,all_reduce,419.4566688547216,422.2748500939109,2.81818123918931,tp_all_reduce,30,3,-1,3,-1,"60,61,62,63"
ar_l31_tp60_61_62_63,60,-1,100663296,100.663296,all_reduce,422.9027000784682,425.72022806858627,2.817527990118085,tp_all_reduce,31,3,-1,3,-1,"60,61,62,63"
ar_l0_tp0_1_2_3,0,-1,100663296,100.663296,all_reduce,497.3008499967527,500.1149193665108,2.8140693697580876,tp_all_reduce,0,0,-1,0,-1,"0,1,2,3"
ar_l1_tp0_1_2_3,0,-1,100663296,100.663296,all_reduce,500.623871783773,503.4403919334682,2.8165201496952452,tp_all_reduce,1,0,-1,0,-1,"0,1,2,3"
ar_l2_tp0_1_2_3,0,-1,100663296,100.663296,all_reduce,504.0056176543102,506.8225079650909,2.8168903107806953,tp_all_reduce,2,0,-1,0,-1,"0,1,2,3"
ar_l3_tp0_1_2_3,0,-1,100663296,100.663296,all_reduce,507.33872808069856,510.15607314831357,2.817345067614996,tp_all_reduce,3,0,-1,0,-1,"0,1,2,3"
ar_l4_tp0_1_2_3,0,-1,100663296,100.663296,all_reduce,510.7411078789286,513.5577992135569,2.816691334628363,tp_all_reduce,4,0,-1,0,-1,"0,1,2,3"
ar_l5_tp0_1_2_3,0,-1,100663296,100.663296,all_reduce,513.9920176845623,516.8099600668687,2.817942382306482,tp_all_reduce,5,0,-1,0,-1,"0,1,2,3"
ar_l6_tp0_1_2_3,0,-1,100663296,100.663296,all_reduce,517.2698014044097,520.0844932860537,2.8146918816439603,tp_all_reduce,6,0,-1,0,-1,"0,1,2,3"
ar_l7_tp0_1_2_3,0,-1,100663296,100.663296,all_reduce,520.482350936263,523.300346908319,2.81799597205612,tp_all_reduce,7,0,-1,0,-1,"0,1,2,3"
ar_l0_tp16_17_18_19,16,-1,100663296,100.663296,all_reduce,497.3008999426774,500.11917373361246,2.8182737909350775,tp_all_reduce,0,0,-1,1,-1,"16,17,18,19"
ar_l1_tp16_17_18_19,16,-1,100663296,100.663296,all_reduce,500.5705098440344,503.3837096000711,2.813199756036666,tp_all_reduce,1,0,-1,1,-1,"16,17,18,19"
ar_l2_tp16_17_18_19,16,-1,100663296,100.663296,all_reduce,503.8098060150915,506.6270429691364,2.8172369540448994,tp_all_reduce,2,0,-1,1,-1,"16,17,18,19"
ar_l3_tp16_17_18_19,16,-1,100663296,100.663296,all_reduce,507.27644117046833,510.0911813245168,2.8147401540484784,tp_all_reduce,3,0,-1,1,-1,"16,17,18,19"
ar_l4_tp16_17_18_19,16,-1,100663296,100.663296,all_reduce,510.623199414008,513.4360979870017,2.812898572993716,tp_all_reduce,4,0,-1,1,-1,"16,17,18,19"
ar_l5_tp16_17_18_19,16,-1,100663296,100.663296,all_reduce,514.0845419902649,516.8973757484027,2.8128337581377894,tp_all_reduce,5,0,-1,1,-1,"16,17,18,19"
ar_l6_tp16_17_18_19,16,-1,100663296,100.663296,all_reduce,517.5159824098262,520.3296489388414,2.8136665290151575,tp_all_reduce,6,0,-1,1,-1,"16,17,18,19"
ar_l7_tp16_17_18_19,16,-1,100663296,100.663296,all_reduce,520.7931219666725,523.6060896457001,2.8129676790276115,tp_all_reduce,7,0,-1,1,-1,"16,17,18,19"
ar_l0_tp32_33_34_35,32,-1,100663296,100.663296,all_reduce,497.30162579438473,500.11919509105564,2.8175692966708743,tp_all_reduce,0,0,-1,2,-1,"32,33,34,35"
ar_l1_tp32_33_34_35,32,-1,100663296,100.663296,all_reduce,500.4872494622942,503.30217024959387,2.814920787299724,tp_all_reduce,1,0,-1,2,-1,"32,33,34,35"
ar_l2_tp32_33_34_35,32,-1,100663296,100.663296,all_reduce,503.8435669104586,506.65767254450986,2.814105634051267,tp_all_reduce,2,0,-1,2,-1,"32,33,34,35"
ar_l3_tp32_33_34_35,32,-1,100663296,100.663296,all_reduce,507.1362191094174,509.9514461743715,2.8152270649540734,tp_all_reduce,3,0,-1,2,-1,"32,33,34,35"
ar_l4_tp32_33_34_35,32,-1,100663296,100.663296,all_reduce,510.4181274784554,513.2334488130351,2.8153213345797345,tp_all_reduce,4,0,-1,2,-1,"32,33,34,35"
ar_l5_tp32_33_34_35,32,-1,100663296,100.663296,all_reduce,513.6055517722664,516.4235910716277,2.818039299361308,tp_all_reduce,5,0,-1,2,-1,"32,33,34,35"
ar_l6_tp32_33_34_35,32,-1,100663296,100.663296,all_reduce,516.9499942678592,519.7649004702795,2.8149062024201976,tp_all_reduce,6,0,-1,2,-1,"32,33,34,35"
ar_l7_tp32_33_34_35,32,-1,100663296,100.663296,all_reduce,520.1619119937841,522.9765928753541,2.8146808815699975,tp_all_reduce,7,0,-1,2,-1,"32,33,34,35"
ar_l0_tp48_49_50_51,48,-1,100663296,100.663296,all_reduce,497.3046701999773,500.12252314591996,2.817852945942667,tp_all_reduce,0,0,-1,3,-1,"48,49,50,51"
ar_l1_tp48_49_50_51,48,-1,100663296,100.663296,all_reduce,500.4730098603921,503.2894319310778,2.8164220706856646,tp_all_reduce,1,0,-1,3,-1,"48,49,50,51"
ar_l2_tp48_49_50_51,48,-1,100663296,100.663296,all_reduce,503.71126644812625,506.52819346443033,2.816927016304094,tp_all_reduce,2,0,-1,3,-1,"48,49,50,51"
ar_l3_tp48_49_50_51,48,-1,100663296,100.663296,all_reduce,507.01380028764186,509.82819860947035,2.814398321828504,tp_all_reduce,3,0,-1,3,-1,"48,49,50,51"
ar_l4_tp48_49_50_51,48,-1,100663296,100.663296,all_reduce,510.3307130041619,513.1437608485714,2.8130478444096108,tp_all_reduce,4,0,-1,3,-1,"48,49,50,51"
ar_l5_tp48_49_50_51,48,-1,100663296,100.663296,all_reduce,513.7800422063101,516.5956271002532,2.8155848939430683,tp_all_reduce,5,0,-1,3,-1,"48,49,50,51"
ar_l6_tp48_49_50_51,48,-1,100663296,100.663296,all_reduce,516.9331040489145,519.748981958099,2.815877909184361,tp_all_reduce,6,0,-1,3,-1,"48,49,50,51"
ar_l7_tp48_49_50_51,48,-1,100663296,100.663296,all_reduce,520.1503720501014,522.9641605849938,2.8137885348924474,tp_all_reduce,7,0,-1,3,-1,"48,49,50,51"
p2p_fwd_mb5_s0_dp0,0,4,67108864,67.108864,p2p,524.1168404810338,525.3672076933094,1.2503672122755605,pp_forward,0,0,1,0,0,"0,4"
p2p_fwd_mb5_s0_dp1,16,20,67108864,67.108864,p2p,524.1168404810338,525.3672076933094,1.2503672122755605,pp_forward,0,0,1,1,1,"16,20"
p2p_fwd_mb5_s0_dp2,32,36,67108864,67.108864,p2p,524.1168404810338,525.3672076933094,1.2503672122755605,pp_forward,0,0,1,2,2,"32,36"
p2p_fwd_mb5_s0_dp3,48,52,67108864,67.108864,p2p,524.1168404810338,525.3672076933094,1.2503672122755605,pp_forward,0,0,1,3,3,"48,52"
ar_l8_tp4_5_6_7,4,-1,100663296,100.663296,all_reduce,467.49972623397383,470.31771813552245,2.817991901548633,tp_all_reduce,8,1,-1,0,-1,"4,5,6,7"
ar_l9_tp4_5_6_7,4,-1,100663296,100.663296,all_reduce,477.41210822782097,480.22716305162794,2.8150548238069506,tp_all_reduce,9,1,-1,0,-1,"4,5,6,7"
ar_l10_tp4_5_6_7,4,-1,100663296,100.663296,all_reduce,483.8643764117576,486.67810491246036,2.8137285007027724,tp_all_reduce,10,1,-1,0,-1,"4,5,6,7"
ar_l11_tp4_5_6_7,4,-1,100663296,100.663296,all_reduce,493.9707460316278,496.7860968171136,2.8153507854857818,tp_all_reduce,11,1,-1,0,-1,"4,5,6,7"
ar_l12_tp4_5_6_7,4,-1,100663296,100.663296,all_reduce,500.3073011843904,503.1240278522261,2.816726667835723,tp_all_reduce,12,1,-1,0,-1,"4,5,6,7"
ar_l13_tp4_5_6_7,4,-1,100663296,100.663296,all_reduce,510.12497056006123,512.9391172024069,2.814146642345694,tp_all_reduce,13,1,-1,0,-1,"4,5,6,7"
ar_l14_tp4_5_6_7,4,-1,100663296,100.663296,all_reduce,516.9703134671048,519.7885751621594,2.8182616950546135,tp_all_reduce,14,1,-1,0,-1,"4,5,6,7"
ar_l15_tp4_5_6_7,4,-1,100663296,100.663296,all_reduce,526.779449119812,529.592454983734,2.813005863921969,tp_all_reduce,15,1,-1,0,-1,"4,5,6,7"
ar_l8_tp20_21_22_23,20,-1,100663296,100.663296,all_reduce,467.49972623397383,470.3123472161429,2.812620982169056,tp_all_reduce,8,1,-1,1,-1,"20,21,22,23"
ar_l9_tp20_21_22_23,20,-1,100663296,100.663296,all_reduce,477.55612380608693,480.3728724604473,2.8167486543603792,tp_all_reduce,9,1,-1,1,-1,"20,21,22,23"
ar_l10_tp20_21_22_23,20,-1,100663296,100.663296,all_reduce,484.1945848938214,487.00834926671996,2.8137643728985973,tp_all_reduce,10,1,-1,1,-1,"20,21,22,23"
ar_l11_tp20_21_22_23,20,-1,100663296,100.663296,all_reduce,493.97031644111695,496.7843490716429,2.8140326305259866,tp_all_reduce,11,1,-1,1,-1,"20,21,22,23"
ar_l12_tp20_21_22_23,20,-1,100663296,100.663296,all_reduce,500.5453760699348,503.35824467882304,2.812868608888297,tp_all_reduce,12,1,-1,1,-1,"20,21,22,23"
ar_l13_tp20_21_22_23,20,-1,100663296,100.663296,all_reduce,510.3557880472588,513.1727258219615,2.8169377747027102,tp_all_reduce,13,1,-1,1,-1,"20,21,22,23"
ar_l14_tp20_21_22_23,20,-1,100663296,100.663296,all_reduce,517.3009888273301,520.1178289533798,2.816840126049658,tp_all_reduce,14,1,-1,1,-1,"20,21,22,23"
ar_l15_tp20_21_22_23,20,-1,100663296,100.663296,all_reduce,526.8995778546679,529.7145497115616,2.814971856893722,tp_all_reduce,15,1,-1,1,-1,"20,21,22,23"
ar_l8_tp36_37_38_39,36,-1,100663296,100.663296,all_reduce,467.49972623397383,470.3140665827446,2.814340348770761,tp_all_reduce,8,1,-1,2,-1,"36,37,38,39"
ar_l9_tp36_37_38_39,36,-1,100663296,100.663296,all_reduce,477.3706008177645,480.1890723690461,2.818471551281565,tp_all_reduce,9,1,-1,2,-1,"36,37,38,39"
ar_l10_tp36_37_38_39,36,-1,100663296,100.663296,all_reduce,484.2137588267086,487.02879198914025,2.8150331624315905,tp_all_reduce,10,1,-1,2,-1,"36,37,38,39"
ar_l11_tp36_37_38_39,36,-1,100663296,100.663296,all_reduce,493.85998270717704,496.6750563720951,2.815073664918122,tp_all_reduce,11,1,-1,2,-1,"36,37,38,39"
ar_l12_tp36_37_38_39,36,-1,100663296,100.663296,all_reduce,500.7375699474629,503.5553236419867,2.8177536945238613,tp_all_reduce,12,1,-1,2,-1,"36,37,38,39"
ar_l13_tp36_37_38_39,36,-1,100663296,100.663296,all_reduce,510.8458986787785,513.6590661983286,2.813167519550075,tp_all_reduce,13,1,-1,2,-1,"36,37,38,39"
ar_l14_tp36_37_38_39,36,-1,100663296,100.663296,all_reduce,517.7048212404968,520.5193599633221,2.8145387228253327,tp_all_reduce,14,1,-1,2,-1,"36,37,38,39"
ar_l15_tp36_37_38_39,36,-1,100663296,100.663296,all_reduce,527.4302674189682,530.24317100629,2.81290358732178,tp_all_reduce,15,1,-1,2,-1,"36,37,38,39"
ar_l8_tp52_53_54_55,52,-1,100663296,100.663296,all_reduce,467.49972623397383,470.3127133389175,2.812987104943654,tp_all_reduce,8,1,-1,3,-1,"52,53,54,55"
ar_l9_tp52_53_54_55,52,-1,100663296,100.663296,all_reduce,477.06240912965944,479.8767260630493,2.814316933389849,tp_all_reduce,9,1,-1,3,-1,"52,53,54,55"
ar_l10_tp52_53_54_55,52,-1,100663296,100.663296,all_reduce,483.7640795414554,486.5771112914957,2.813031750040329,tp_all_reduce,10,1,-1,3,-1,"52,53,54,55"
ar_l11_tp52_53_54_55,52,-1,100663296,100.663296,all_reduce,493.52495785468665,496.34011070450373,2.815152849817093,tp_all_reduce,11,1,-1,3,-1,"52,53,54,55"
ar_l12_tp52_53_54_55,52,-1,100663296,100.663296,all_reduce,500.34886324930005,503.16336307271223,2.8144998234121976,tp_all_reduce,12,1,-1,3,-1,"52,53,54,55"
ar_l13_tp52_53_54_55,52,-1,100663296,100.663296,all_reduce,510.1024371423917,512.918715497381,2.816278354989321,tp_all_reduce,13,1,-1,3,-1,"52,53,54,55"
ar_l14_tp52_53_54_55,52,-1,100663296,100.663296,all_reduce,516.9662702105198,519.7796833784021,2.813413167882195,tp_all_reduce,14,1,-1,3,-1,"52,53,54,55"
ar_l15_tp52_53_54_55,52,-1,100663296,100.663296,all_reduce,526.6661837906373,529.4791819257747,2.8129981351373567,tp_all_reduce,15,1,-1,3,-1,"52,53,54,55"
p2p_bwd_mb2_s1_dp0,4,0,67108864,67.108864,p2p,534.2724324418007,535.5230773723343,1.2506449305336176,pp_backward,1,1,0,0,0,"4,0"
p2p_bwd_mb2_s1_dp1,20,16,67108864,67.108864,p2p,534.2724324418007,535.5230773723343,1.2506449305336176,pp_backward,1,1,0,1,1,"20,16"
p2p_bwd_mb2_s1_dp2,36,32,67108864,67.108864,p2p,534.2724324418007,535.5230773723343,1.2506449305336176,pp_backward,1,1,0,2,2,"36,32"
p2p_bwd_mb2_s1_dp3,52,48,67108864,67.108864,p2p,534.2724324418007,535.5230773723343,1.2506449305336176,pp_backward,1,1,0,3,3,"52,48"
ar_l16_tp8_9_10_11,8,-1,100663296,100.663296,all_reduce,467.49972623397383,470.3163676417966,2.816641407822784,tp_all_reduce,16,2,-1,0,-1,"8,9,10,11"
ar_l17_tp8_9_10_11,8,-1,100663296,100.663296,all_reduce,470.6499867200036,473.46588192954687,2.8158952095432843,tp_all_reduce,17,2,-1,0,-1,"8,9,10,11"
ar_l18_tp8_9_10_11,8,-1,100663296,100.663296,all_reduce,473.8653325943863,476.67962683969466,2.8142942453083797,tp_all_reduce,18,2,-1,0,-1,"8,9,10,11"
ar_l19_tp8_9_10_11,8,-1,100663296,100.663296,all_reduce,477.31485392604907,480.12782397704484,2.812970050995789,tp_all_reduce,19,2,-1,0,-1,"8,9,10,11"
ar_l20_tp8_9_10_11,8,-1,100663296,100.663296,all_reduce,480.6450157178665,483.4600198644999,2.815004146633382,tp_all_reduce,20,2,-1,0,-1,"8,9,10,11"
ar_l21_tp8_9_10_11,8,-1,100663296,100.663296,all_reduce,483.86355401479096,486.6806709299422,2.817116915151241,tp_all_reduce,21,2,-1,0,-1,"8,9,10,11"
ar_l22_tp8_9_10_11,8,-1,100663296,100.663296,all_reduce,487.27210107173806,490.0874251556845,2.815324083946469,tp_all_reduce,22,2,-1,0,-1,"8,9,10,11"
ar_l23_tp8_9_10_11,8,-1,100663296,100.663296,all_reduce,490.4864888498755,493.305017480327,2.818528630451511,tp_all_reduce,23,2,-1,0,-1,"8,9,10,11"
ar_l16_tp24_25_26_27,24,-1,100663296,100.663296,all_reduce,467.49972623397383,470.31279836352365,2.8130721295497874,tp_all_reduce,16,2,-1,1,-1,"24,25,26,27"
ar_l17_tp24_25_26_27,24,-1,100663296,100.663296,all_reduce,470.9362406943963,473.75020958168255,2.8139688872862445,tp_all_reduce,17,2,-1,1,-1,"24,25,26,27"
ar_l18_tp24_25_26_27,24,-1,100663296,100.663296,all_reduce,474.28606896291626,477.099937773688,2.8138688107717247,tp_all_reduce,18,2,-1,1,-1,"24,25,26,27"
ar_l19_tp24_25_26_27,24,-1,100663296,100.663296,all_reduce,477.7309386526897,480.54805223182996,2.8171135791402735,tp_all_reduce,19,2,-1,1,-1,"24,25,26,27"
ar_l20_tp24_25_26_27,24,-1,100663296,100.663296,all_reduce,481.0056976368741,483.81960438209,2.813906745215866,tp_all_reduce,20,2,-1,1,-1,"24,25,26,27"
ar_l21_tp24_25_26_27,24,-1,100663296,100.663296,all_reduce,484.3643668205724,487.1812906296495,2.81692380907711,tp_all_reduce,21,2,-1,1,-1,"24,25,26,27"
ar_l22_tp24_25_26_27,24,-1,100663296,100.663296,all_reduce,487.5379402696569,490.35121332414684,2.813273054489973,tp_all_reduce,22,2,-1,1,-1,"24,25,26,27"
ar_l23_tp24_25_26_27,24,-1,100663296,100.663296,all_reduce,490.92464362207545,493.7372415822596,2.812597960184182,tp_all_reduce,23,2,-1,1,-1,"24,25,26,27"
ar_l16_tp40_41_42_43,40,-1,100663296,100.663296,all_reduce,467.49972623397383,470.31365005457144,2.813923820597586,tp_all_reduce,16,2,-1,2,-1,"40,41,42,43"
ar_l17_tp40_41_42_43,40,-1,100663296,100.663296,all_reduce,470.8816744559904,473.69522041455764,2.813545958567254,tp_all_reduce,17,2,-1,2,-1,"40,41,42,43"
ar_l18_tp40_41_42_43,40,-1,100663296,100.663296,all_reduce,474.028995431543,476.8461765340903,2.817181102547306,tp_all_reduce,18,2,-1,2,-1,"40,41,42,43"
ar_l19_tp40_41_42_43,40,-1,100663296,100.663296,all_reduce,477.438654473234,480.25286011491767,2.8142056416836647,tp_all_reduce,19,2,-1,2,-1,"40,41,42,43"
ar_l20_tp40_41_42_43,40,-1,100663296,100.663296,all_reduce,480.623784813043,483.43661571586557,2.8128309028225273,tp_all_reduce,20,2,-1,2,-1,"40,41,42,43"
ar_l21_tp40_41_42_43,40,-1,100663296,100.663296,all_reduce,483.7751350978057,486.589971548499,2.8148364506933587,tp_all_reduce,21,2,-1,2,-1,"40,41,42,43"
ar_l22_tp40_41_42_43,40,-1,100663296,100.663296,all_reduce,487.17652724047883,489.99168107488435,2.815153834405504,tp_all_reduce,22,2,-1,2,-1,"40,41,42,43"
ar_l23_tp40_41_42_43,40,-1,100663296,100.663296,all_reduce,490.43032655844223,493.24403264622003,2.813706087777812,tp_all_reduce,23,2,-1,2,-1,"40,41,42,43"
ar_l16_tp56_57_58_59,56,-1,100663296,100.663296,all_reduce,467.49972623397383,470.31450850093364,2.8147822669598033,tp_all_reduce,16,2,-1,3,-1,"56,57,58,59"
ar_l17_tp56_57_58_59,56,-1,100663296,100.663296,all_reduce,470.9244496191843,473.73889559586974,2.814445976685398,tp_all_reduce,17,2,-1,3,-1,"56,57,58,59"
ar_l18_tp56_57_58_59,56,-1,100663296,100.663296,all_reduce,474.0985354172396,476.91601346391747,2.8174780466779237,tp_all_reduce,18,2,-1,3,-1,"56,57,58,59"
ar_l19_tp56_57_58_59,56,-1,100663296,100.663296,all_reduce,477.502575229891,480.31911047499057,2.816535245099505,tp_all_reduce,19,2,-1,3,-1,"56,57,58,59"
ar_l20_tp56_57_58_59,56,-1,100663296,100.663296,all_reduce,480.72499211760544,483.53916060468447,2.8141684870790495,tp_all_reduce,20,2,-1,3,-1,"56,57,58,59"
ar_l21_tp56_57_58_59,56,-1,100663296,100.663296,all_reduce,484.006196794764,486.819583599095,2.8133868043310195,tp_all_reduce,21,2,-1,3,-1,"56,57,58,59"
ar_l22_tp56_57_58_59,56,-1,100663296,100.663296,all_reduce,487.22611094097954,490.04175573710404,2.81564479612445,tp_all_reduce,22,2,-1,3,-1,"56,57,58,59"
ar_l23_tp56_57_58_59,56,-1,100663296,100.663296,all_reduce,490.51665695046324,493.3305885790657,2.8139316286024396,tp_all_reduce,23,2,-1,3,-1,"56,57,58,59"
p2p_fwd_mb4_s2_dp0,8,12,67108864,67.108864,p2p,494.1441282925818,495.39439446687686,1.2502661742950782,pp_forward,2,2,3,0,0,"8,12"
p2p_fwd_mb4_s2_dp1,24,28,67108864,67.108864,p2p,494.1441282925818,495.39439446687686,1.2502661742950782,pp_forward,2,2,3,1,1,"24,28"
p2p_fwd_mb4_s2_dp2,40,44,67108864,67.108864,p2p,494.1441282925818,495.39439446687686,1.2502661742950782,pp_forward,2,2,3,2,2,"40,44"
p2p_fwd_mb4_s2_dp3,56,60,67108864,67.108864,p2p,494.1441282925818,495.39439446687686,1.2502661742950782,pp_forward,2,2,3,3,3,"56,60"
ar_l24_tp12_13_14_15,12,-1,100663296,100.663296,all_reduce,429.6442169272588,432.46039928965354,2.8161823623947257,tp_all_reduce,24,3,-1,0,-1,"12,13,14,15"
ar_l25_tp12_13_14_15,12,-1,100663296,100.663296,all_reduce,439.97934983347335,442.7957085891433,2.8163587556699343,tp_all_reduce,25,3,-1,0,-1,"12,13,14,15"
ar_l26_tp12_13_14_15,12,-1,100663296,100.663296,all_reduce,446.324942147086,449.1390298880347,2.814087740948712,tp_all_reduce,26,3,-1,0,-1,"12,13,14,15"
ar_l27_tp12_13_14_15,12,-1,100663296,100.663296,all_reduce,456.2295513163932,459.0477218964186,2.81817058002537,tp_all_reduce,27,3,-1,0,-1,"12,13,14,15"
ar_l28_tp12_13_14_15,12,-1,100663296,100.663296,all_reduce,462.71432176864914,465.52686621164713,2.8125444429979995,tp_all_reduce,28,3,-1,0,-1,"12,13,14,15"
ar_l29_tp12_13_14_15,12,-1,100663296,100.663296,all_reduce,472.7461737681237,475.5611953252849,2.815021557161179,tp_all_reduce,29,3,-1,0,-1,"12,13,14,15"
ar_l30_tp12_13_14_15,12,-1,100663296,100.663296,all_reduce,479.2324024276155,482.05022610279843,2.8178236751829067,tp_all_reduce,30,3,-1,0,-1,"12,13,14,15"
ar_l31_tp12_13_14_15,12,-1,100663296,100.663296,all_reduce,489.2631749056293,492.07725634220253,2.814081436573246,tp_all_reduce,31,3,-1,0,-1,"12,13,14,15"
ar_l24_tp28_29_30_31,28,-1,100663296,100.663296,all_reduce,429.6442169272588,432.4620736420526,2.817856714793787,tp_all_reduce,24,3,-1,1,-1,"28,29,30,31"
ar_l25_tp28_29_30_31,28,-1,100663296,100.663296,all_reduce,439.61471425927857,442.43231458840364,2.8176003291250917,tp_all_reduce,25,3,-1,1,-1,"28,29,30,31"
ar_l26_tp28_29_30_31,28,-1,100663296,100.663296,all_reduce,446.15577579580554,448.9699876476942,2.814211851888626,tp_all_reduce,26,3,-1,1,-1,"28,29,30,31"
ar_l27_tp28_29_30_31,28,-1,100663296,100.663296,all_reduce,456.2301959526194,459.04461646516614,2.814420512546767,tp_all_reduce,27,3,-1,1,-1,"28,29,30,31"
ar_l28_tp28_29_30_31,28,-1,100663296,100.663296,all_reduce,462.5740990522317,465.3922860579367,2.8181870057050196,tp_all_reduce,28,3,-1,1,-1,"28,29,30,31"
ar_l29_tp28_29_30_31,28,-1,100663296,100.663296,all_reduce,472.66031266957236,475.4756374929074,2.8153248233350747,tp_all_reduce,29,3,-1,1,-1,"28,29,30,31"
ar_l30_tp28_29_30_31,28,-1,100663296,100.663296,all_reduce,479.0799276286955,481.8934386870481,2.8135110583525913,tp_all_reduce,30,3,-1,1,-1,"28,29,30,31"
ar_l31_tp28_29_30_31,28,-1,100663296,100.663296,all_reduce,489.0803641912666,491.89457553438126,2.8142113431146587,tp_all_reduce,31,3,-1,1,-1,"28,29,30,31"
ar_l24_tp44_45_46_47,44,-1,100663296,100.663296,all_reduce,429.6442169272588,432.45988024258946,2.8156633153306743,tp_all_reduce,24,3,-1,2,-1,"44,45,46,47"
ar_l25_tp44_45_46_47,44,-1,100663296,100.663296,all_reduce,439.39643720174445,442.21146977746946,2.8150325757250183,tp_all_reduce,25,3,-1,2,-1,"44,45,46,47"
ar_l26_tp44_45_46_47,44,-1,100663296,100.663296,all_reduce,446.0158873852021,448.83357128551296,2.817683900310841,tp_all_reduce,26,3,-1,2,-1,"44,45,46,47"
ar_l27_tp44_45_46_47,44,-1,100663296,100.663296,all_reduce,456.017608613105,458.8335117139839,2.815903100878925,tp_all_reduce,27,3,-1,2,-1,"44,45,46,47"
ar_l28_tp44_45_46_47,44,-1,100663296,100.663296,all_reduce,462.32506281058136,465.13844256381145,2.813379753230094,tp_all_reduce,28,3,-1,2,-1,"44,45,46,47"
ar_l29_tp44_45_46_47,44,-1,100663296,100.663296,all_reduce,472.2637138459507,475.07884454265,2.815130696699364,tp_all_reduce,29,3,-1,2,-1,"44,45,46,47"
ar_l30_tp44_45_46_47,44,-1,100663296,100.663296,all_reduce,479.0074260763274,481.8201299462593,2.8127038699319318,tp_all_reduce,30,3,-1,2,-1,"44,45,46,47"
ar_l31_tp44_45_46_47,44,-1,100663296,100.663296,all_reduce,488.8279082493241,491.64379629039314,2.8158880410690257,tp_all_reduce,31,3,-1,2,-1,"44,45,46,47"
ar_l24_tp60_61_62_63,60,-1,100663296,100.663296,all_reduce,429.6442169272588,432.4587839796327,2.8145670523739286,tp_all_reduce,24,3,-1,3,-1,"60,61,62,63"
ar_l25_tp60_61_62_63,60,-1,100663296,100.663296,all_reduce,439.5662455961461,442.3802513848651,2.814005788719043,tp_all_reduce,25,3,-1,3,-1,"60,61,62,63"
ar_l26_tp60_61_62_63,60,-1,100663296,100.663296,all_reduce,445.9093980788187,448.72746112816844,2.818063049349784,tp_all_reduce,26,3,-1,3,-1,"60,61,62,63"
ar_l27_tp60_61_62_63,60,-1,100663296,100.663296,all_reduce,456.07070228655226,458.88792457531315,2.8172222887608567,tp_all_reduce,27,3,-1,3,-1,"60,61,62,63"
ar_l28_tp60_61_62_63,60,-1,100663296,100.663296,all_reduce,462.72430609273164,465.53882508611014,2.814518993378534,tp_all_reduce,28,3,-1,3,-1,"60,61,62,63"
ar_l29_tp60_61_62_63,60,-1,100663296,100.663296,all_reduce,472.7537802799848,475.56705497525394,2.813274695269097,tp_all_reduce,29,3,-1,3,-1,"60,61,62,63"
ar_l30_tp60_61_62_63,60,-1,100663296,100.663296,all_reduce,479.1014557886845,481.9144529048188,2.812997116134308,tp_all_reduce,30,3,-1,3,-1,"60,61,62,63"
ar_l31_tp60_61_62_63,60,-1,100663296,100.663296,all_reduce,488.7834024632392,491.5994778177367,2.816075354497516,tp_all_reduce,31,3,-1,3,-1,"60,61,62,63"
p2p_bwd_mb3_s3_dp0,12,8,67108864,67.108864,p2p,502.6975449057125,503.94797860742045,1.2504337017079648,pp_backward,3,3,2,0,0,"12,8"
p2p_bwd_mb3_s3_dp1,28,24,67108864,67.108864,p2p,502.6975449057125,503.94797860742045,1.2504337017079648,pp_backward,3,3,2,1,1,"28,24"
p2p_bwd_mb3_s3_dp2,44,40,67108864,67.108864,p2p,502.6975449057125,503.94797860742045,1.2504337017079648,pp_backward,3,3,2,2,2,"44,40"
p2p_bwd_mb3_s3_dp3,60,56,67108864,67.108864,p2p,502.6975449057125,503.94797860742045,1.2504337017079648,pp_backward,3,3,2,3,3,"60,56"
ar_l0_tp0_1_2_3,0,-1,100663296,100.663296,all_reduce,535.6215021858345,538.4394979278486,2.8179957420141344,tp_all_reduce,0,0,-1,0,-1,"0,1,2,3"
ar_l1_tp0_1_2_3,0,-1,100663296,100.663296,all_reduce,545.4810232578416,548.2978267639708,2.8168035061292285,tp_all_reduce,1,0,-1,0,-1,"0,1,2,3"
ar_l2_tp0_1_2_3,0,-1,100663296,100.663296,all_reduce,551.8121582849058,554.6262401624718,2.8140818775661547,tp_all_reduce,2,0,-1,0,-1,"0,1,2,3"
ar_l3_tp0_1_2_3,0,-1,100663296,100.663296,all_reduce,561.5242490813195,564.3419128692034,2.8176637878839506,tp_all_reduce,3,0,-1,0,-1,"0,1,2,3"
ar_l4_tp0_1_2_3,0,-1,100663296,100.663296,all_reduce,568.1081408254537,570.921134041543,2.812993216089299,tp_all_reduce,4,0,-1,0,-1,"0,1,2,3"
ar_l5_tp0_1_2_3,0,-1,100663296,100.663296,all_reduce,577.8762177995959,580.6888581322469,2.8126403326510507,tp_all_reduce,5,0,-1,0,-1,"0,1,2,3"
ar_l6_tp0_1_2_3,0,-1,100663296,100.663296,all_reduce,584.444867435046,587.2604472318427,2.8155797967966967,tp_all_reduce,6,0,-1,0,-1,"0,1,2,3"
ar_l7_tp0_1_2_3,0,-1,100663296,100.663296,all_reduce,594.5477838240147,597.3605328652026,2.8127490411878897,tp_all_reduce,7,0,-1,0,-1,"0,1,2,3"
ar_l0_tp16_17_18_19,16,-1,100663296,100.663296,all_reduce,535.6202424201749,538.4339385975254,2.8136961773505,tp_all_reduce,0,0,-1,1,-1,"16,17,18,19"
ar_l1_tp16_17_18_19,16,-1,100663296,100.663296,all_reduce,545.7990559456088,548.615637779043,2.8165818334342507,tp_all_reduce,1,0,-1,1,-1,"16,17,18,19"
ar_l2_tp16_17_18_19,16,-1,100663296,100.663296,all_reduce,552.1889243806835,555.0048672087519,2.8159428280684073,tp_all_reduce,2,0,-1,1,-1,"16,17,18,19"
ar_l3_tp16_17_18_19,16,-1,100663296,100.663296,all_reduce,561.8107429656113,564.6271128514484,2.816369885837111,tp_all_reduce,3,0,-1,1,-1,"16,17,18,19"
ar_l4_tp16_17_18_19,16,-1,100663296,100.663296,all_reduce,568.7553700330766,571.571128636298,2.8157586032213633,tp_all_reduce,4,0,-1,1,-1,"16,17,18,19"
ar_l5_tp16_17_18_19,16,-1,100663296,100.663296,all_reduce,578.9484272202311,581.7660698522687,2.8176426320376535,tp_all_reduce,5,0,-1,1,-1,"16,17,18,19"
ar_l6_tp16_17_18_19,16,-1,100663296,100.663296,all_reduce,585.516369790343,588.3306113987816,2.8142416084386834,tp_all_reduce,6,0,-1,1,-1,"16,17,18,19"
ar_l7_tp16_17_18_19,16,-1,100663296,100.663296,all_reduce,595.7111045259113,598.5266406173256,2.8155360914142724,tp_all_reduce,7,0,-1,1,-1,"16,17,18,19"
ar_l0_tp32_33_34_35,32,-1,100663296,100.663296,all_reduce,535.6220271960636,538.4398881212417,2.817860925177995,tp_all_reduce,0,0,-1,2,-1,"32,33,34,35"
ar_l1_tp32_33_34_35,32,-1,100663296,100.663296,all_reduce,545.6890853126131,548.5017106555154,2.812625342902275,tp_all_reduce,1,0,-1,2,-1,"32,33,34,35"
ar_l2_tp32_33_34_35,32,-1,100663296,100.663296,all_reduce,552.2871355480072,555.1017430630326,2.81460751502538,tp_all_reduce,2,0,-1,2,-1,"32,33,34,35"
ar_l3_tp32_33_34_35,32,-1,100663296,100.663296,all_reduce,561.7831062056846,564.5990048811906,2.8158986755059123,tp_all_reduce,3,0,-1,2,-1,"32,33,34,35"
ar_l4_tp32_33_34_35,32,-1,100663296,100.663296,all_reduce,568.6624879367395,571.4764712555323,2.81398331879279,tp_all_reduce,4,0,-1,2,-1,"32,33,34,35"
ar_l5_tp32_33_34_35,32,-1,100663296,100.663296,all_reduce,578.6953794132179,581.5100095721178,2.8146301588999334,tp_all_reduce,5,0,-1,2,-1,"32,33,34,35"
ar_l6_tp32_33_34_35,32,-1,100663296,100.663296,all_reduce,585.3309230545633,588.1443582965791,2.813435242015716,tp_all_reduce,6,0,-1,2,-1,"32,33,34,35"
ar_l7_tp32_33_34_35,32,-1,100663296,100.663296,all_reduce,594.9511715570243,597.7696177217415,2.81844616471727,tp_all_reduce,7,0,-1,2,-1,"32,33,34,35"
ar_l0_tp48_49_50_51,48,-1,100663296,100.663296,all_reduce,535.6202192417646,538.433563373084,2.813344131319395,tp_all_reduce,0,0,-1,3,-1,"48,49,50,51"
ar_l1_tp48_49_50_51,48,-1,100663296,100.663296,all_reduce,545.4187049767155,548.2321051660006,2.813400189284998,tp_all_reduce,1,0,-1,3,-1,"48,49,50,51"
ar_l2_tp48_49_50_51,48,-1,100663296,100.663296,all_reduce,551.7379719910713,554.5527386696025,2.8147666785311998,tp_all_reduce,2,0,-1,3,-1,"48,49,50,51"
ar_l3_tp48_49_50_51,48,-1,100663296,100.663296,all_reduce,561.6582884011451,564.4722834170439,2.8139950158987403,tp_all_reduce,3,0,-1,3,-1,"48,49,50,51"
ar_l4_tp48_49_50_51,48,-1,100663296,100.663296,all_reduce,568.1709196966355,570.9864099699194,2.8154902732838716,tp_all_reduce,4,0,-1,3,-1,"48,49,50,51"
ar_l5_tp48_49_50_51,48,-1,100663296,100.663296,all_reduce,578.1522467159031,580.9667032258445,2.8144565099414987,tp_all_reduce,5,0,-1,3,-1,"48,49,50,51"
ar_l6_tp48_49_50_51,48,-1,100663296,100.663296,all_reduce,584.6670590796003,587.4818680261704,2.8148089465700465,tp_all_reduce,6,0,-1,3,-1,"48,49,50,51"
ar_l7_tp48_49_50_51,48,-1,100663296,100.663296,all_reduce,594.7000274180986,597.5150062862461,2.814978868147522,tp_all_reduce,7,0,-1,3,-1,"48,49,50,51"
ar_l8_tp4_5_6_7,4,-1,100663296,100.663296,all_reduce,535.5230773723343,538.3386538814193,2.815576509085038,tp_all_reduce,8,1,-1,0,-1,"4,5,6,7"
ar_l9_tp4_5_6_7,4,-1,100663296,100.663296,all_reduce,538.9090816653547,541.7224632403361,2.813381574981344,tp_all_reduce,9,1,-1,0,-1,"4,5,6,7"
ar_l10_tp4_5_6_7,4,-1,100663296,100.663296,all_reduce,542.1562893248021,544.969885371674,2.8135960468719245,tp_all_reduce,10,1,-1,0,-1,"4,5,6,7"
ar_l11_tp4_5_6_7,4,-1,100663296,100.663296,all_reduce,545.3424476123731,548.1550871267891,2.8126395144159044,tp_all_reduce,11,1,-1,0,-1,"4,5,6,7"
ar_l12_tp4_5_6_7,4,-1,100663296,100.663296,all_reduce,548.7843858854312,551.6006415460934,2.816255660662126,tp_all_reduce,12,1,-1,0,-1,"4,5,6,7"
ar_l13_tp4_5_6_7,4,-1,100663296,100.663296,all_reduce,552.2517847021451,555.0686175136017,2.8168328114566155,tp_all_reduce,13,1,-1,0,-1,"4,5,6,7"
ar_l14_tp4_5_6_7,4,-1,100663296,100.663296,all_reduce,555.7016226617653,558.5200977996323,2.818475137866927,tp_all_reduce,14,1,-1,0,-1,"4,5,6,7"
ar_l15_tp4_5_6_7,4,-1,100663296,100.663296,all_reduce,558.9593444079751,561.7759451487249,2.8166007407497418,tp_all_reduce,15,1,-1,0,-1,"4,5,6,7"
ar_l8_tp20_21_22_23,20,-1,100663296,100.663296,all_reduce,535.5230773723343,538.3357692518339,2.812691879499618,tp_all_reduce,8,1,-1,1,-1,"20,21,22,23"
ar_l9_tp20_21_22_23,20,-1,100663296,100.663296,all_reduce,538.8156741924379,541.6297089227943,2.8140347303563518,tp_all_reduce,9,1,-1,1,-1,"20,21,22,23"
ar_l10_tp20_21_22_23,20,-1,100663296,100.663296,all_reduce,542.1923393771822,545.0066924407246,2.8143530635423852,tp_all_reduce,10,1,-1,1,-1,"20,21,22,23"
ar_l11_tp20_21_22_23,20,-1,100663296,100.663296,all_reduce,545.5137158287671,548.3274024147354,2.813686585968367,tp_all_reduce,11,1,-1,1,-1,"20,21,22,23"
ar_l12_tp20_21_22_23,20,-1,100663296,100.663296,all_reduce,548.8058063407831,551.6224655275042,2.8166591867211377,tp_all_reduce,12,1,-1,1,-1,"20,21,22,23"
ar_l13_tp20_21_22_23,20,-1,100663296,100.663296,all_reduce,552.0920908049646,554.9096026650059,2.8175118600411997,tp_all_reduce,13,1,-1,1,-1,"20,21,22,23"
ar_l14_tp20_21_22_23,20,-1,100663296,100.663296,all_reduce,555.238629023543,558.0540148967368,2.815385873193743,tp_all_reduce,14,1,-1,1,-1,"20,21,22,23"
ar_l15_tp20_21_22_23,20,-1,100663296,100.663296,all_reduce,558.5454581426616,561.3604568414904,2.814998698828841,tp_all_reduce,15,1,-1,1,-1,"20,21,22,23"
ar_l8_tp36_37_38_39,36,-1,100663296,100.663296,all_reduce,535.5230773723343,538.3389914494022,2.815914077067938,tp_all_reduce,8,1,-1,2,-1,"36,37,38,39"
ar_l9_tp36_37_38_39,36,-1,100663296,100.663296,all_reduce,538.9065441482079,541.7249953211681,2.8184511729602013,tp_all_reduce,9,1,-1,2,-1,"36,37,38,39"
ar_l10_tp36_37_38_39,36,-1,100663296,100.663296,all_reduce,542.070811959725,544.887733127049,2.8169211673240158,tp_all_reduce,10,1,-1,2,-1,"36,37,38,39"
ar_l11_tp36_37_38_39,36,-1,100663296,100.663296,all_reduce,545.3933025630445,548.2069406438097,2.8136380807651795,tp_all_reduce,11,1,-1,2,-1,"36,37,38,39"
ar_l12_tp36_37_38_39,36,-1,100663296,100.663296,all_reduce,548.7463336438935,551.5622803111877,2.8159466672941225,tp_all_reduce,12,1,-1,2,-1,"36,37,38,39"
ar_l13_tp36_37_38_39,36,-1,100663296,100.663296,all_reduce,552.1682230038784,554.9826746808752,2.8144516769967876,tp_all_reduce,13,1,-1,2,-1,"36,37,38,39"
ar_l14_tp36_37_38_39,36,-1,100663296,100.663296,all_reduce,555.6006901709925,558.4141085391451,2.8134183681526315,tp_all_reduce,14,1,-1,2,-1,"36,37,38,39"
ar_l15_tp36_37_38_39,36,-1,100663296,100.663296,all_reduce,558.8192889624395,561.6372238467591,2.817934884319584,tp_all_reduce,15,1,-1,2,-1,"36,37,38,39"
ar_l8_tp52_53_54_55,52,-1,100663296,100.663296,all_reduce,535.5230773723343,538.3371595567908,2.8140821844564456,tp_all_reduce,8,1,-1,3,-1,"52,53,54,55"
ar_l9_tp52_53_54_55,52,-1,100663296,100.663296,all_reduce,538.9351142200043,541.7514874089965,2.816373188992194,tp_all_reduce,9,1,-1,3,-1,"52,53,54,55"
ar_l10_tp52_53_54_55,52,-1,100663296,100.663296,all_reduce,542.092454639011,544.9094436644976,2.8169890254867713,tp_all_reduce,10,1,-1,3,-1,"52,53,54,55"
ar_l11_tp52_53_54_55,52,-1,100663296,100.663296,all_reduce,545.3239355026453,548.1391554172988,2.8152199146533885,tp_all_reduce,11,1,-1,3,-1,"52,53,54,55"
ar_l12_tp52_53_54_55,52,-1,100663296,100.663296,all_reduce,548.5570042147947,551.3715471406861,2.814542925891339,tp_all_reduce,12,1,-1,3,-1,"52,53,54,55"
ar_l13_tp52_53_54_55,52,-1,100663296,100.663296,all_reduce,551.7449954161892,554.5626487844181,2.817653368228812,tp_all_reduce,13,1,-1,3,-1,"52,53,54,55"
ar_l14_tp52_53_54_55,52,-1,100663296,100.663296,all_reduce,554.9815616962854,557.7956896849389,2.8141279886534365,tp_all_reduce,14,1,-1,3,-1,"52,53,54,55"
ar_l15_tp52_53_54_55,52,-1,100663296,100.663296,all_reduce,558.3566744988407,561.1732704003958,2.816595901555252,tp_all_reduce,15,1,-1,3,-1,"52,53,54,55"
p2p_fwd_mb5_s1_dp0,4,8,67108864,67.108864,p2p,562.3649395478154,563.6169342753419,1.251994727526462,pp_forward,1,1,2,0,0,"4,8"
p2p_fwd_mb5_s1_dp1,20,24,67108864,67.108864,p2p,562.3649395478154,563.6169342753419,1.251994727526462,pp_forward,1,1,2,1,1,"20,24"
p2p_fwd_mb5_s1_dp2,36,40,67108864,67.108864,p2p,562.3649395478154,563.6169342753419,1.251994727526462,pp_forward,1,1,2,2,2,"36,40"
p2p_fwd_mb5_s1_dp3,52,56,67108864,67.108864,p2p,562.3649395478154,563.6169342753419,1.251994727526462,pp_forward,1,1,2,3,3,"52,56"
ar_l16_tp8_9_10_11,8,-1,100663296,100.663296,all_reduce,503.94797860742045,506.76423584726814,2.816257239847686,tp_all_reduce,16,2,-1,0,-1,"8,9,10,11"
ar_l17_tp8_9_10_11,8,-1,100663296,100.663296,all_reduce,513.9318033716138,516.7484349307867,2.8166315591728885,tp_all_reduce,17,2,-1,0,-1,"8,9,10,11"
ar_l18_tp8_9_10_11,8,-1,100663296,100.663296,all_reduce,520.7993318893397,523.6151615161109,2.8158296267711824,tp_all_reduce,18,2,-1,0,-1,"8,9,10,11"
ar_l19_tp8_9_10_11,8,-1,100663296,100.663296,all_reduce,530.5512575122417,533.3668003947544,2.8155428825126227,tp_all_reduce,19,2,-1,0,-1,"8,9,10,11"
ar_l20_tp8_9_10_11,8,-1,100663296,100.663296,all_reduce,537.4050511362728,540.222152368612,2.8171012323392475,tp_all_reduce,20,2,-1,0,-1,"8,9,10,11"
ar_l21_tp8_9_10_11,8,-1,100663296,100.663296,all_reduce,547.1708869307271,549.9843940369938,2.8135071062665995,tp_all_reduce,21,2,-1,0,-1,"8,9,10,11"
ar_l22_tp8_9_10_11,8,-1,100663296,100.663296,all_reduce,553.907632945274,556.7225912493029,2.8149583040288917,tp_all_reduce,22,2,-1,0,-1,"8,9,10,11"
ar_l23_tp8_9_10_11,8,-1,100663296,100.663296,all_reduce,563.4777470801666,566.2954296179284,2.817682537761823,tp_all_reduce,23,2,-1,0,-1,"8,9,10,11"
ar_l16_tp24_25_26_27,24,-1,100663296,100.663296,all_reduce,503.94797860742045,506.76458743928185,2.8166088318614113,tp_all_reduce,16,2,-1,1,-1,"24,25,26,27"
ar_l17_tp24_25_26_27,24,-1,100663296,100.663296,all_reduce,513.8214713243129,516.6341993721794,2.812728047866475,tp_all_reduce,17,2,-1,1,-1,"24,25,26,27"
ar_l18_tp24_25_26_27,24,-1,100663296,100.663296,all_reduce,520.208888707027,523.0220137703909,2.8131250633639526,tp_all_reduce,18,2,-1,1,-1,"24,25,26,27"
ar_l19_tp24_25_26_27,24,-1,100663296,100.663296,all_reduce,530.0424491711682,532.8580710068102,2.8156218356419904,tp_all_reduce,19,2,-1,1,-1,"24,25,26,27"
ar_l20_tp24_25_26_27,24,-1,100663296,100.663296,all_reduce,536.9930447226079,539.8106778325815,2.8176331099736274,tp_all_reduce,20,2,-1,1,-1,"24,25,26,27"
ar_l21_tp24_25_26_27,24,-1,100663296,100.663296,all_reduce,546.921983728667,549.7345912709737,2.812607542306833,tp_all_reduce,21,2,-1,1,-1,"24,25,26,27"
ar_l22_tp24_25_26_27,24,-1,100663296,100.663296,all_reduce,553.7962984670746,556.6147537434223,2.818455276347609,tp_all_reduce,22,2,-1,1,-1,"24,25,26,27"
ar_l23_tp24_25_26_27,24,-1,100663296,100.663296,all_reduce,563.9612791759475,566.7754389726489,2.81415979670141,tp_all_reduce,23,2,-1,1,-1,"24,25,26,27"
ar_l16_tp40_41_42_43,40,-1,100663296,100.663296,all_reduce,503.94797860742045,506.7656561949371,2.8176775875166093,tp_all_reduce,16,2,-1,2,-1,"40,41,42,43"
ar_l17_tp40_41_42_43,40,-1,100663296,100.663296,all_reduce,513.5750137388077,516.3930152796393,2.8180015408315606,tp_all_reduce,17,2,-1,2,-1,"40,41,42,43"
ar_l18_tp40_41_42_43,40,-1,100663296,100.663296,all_reduce,520.3886662401196,523.2025028398042,2.8138365996845938,tp_all_reduce,18,2,-1,2,-1,"40,41,42,43"
ar_l19_tp40_41_42_43,40,-1,100663296,100.663296,all_reduce,530.5136286839719,533.3293798239326,2.815751139960798,tp_all_reduce,19,2,-1,2,-1,"40,41,42,43"
ar_l20_tp40_41_42_43,40,-1,100663296,100.663296,all_reduce,537.10845500041,539.9235450668353,2.8150900664253298,tp_all_reduce,20,2,-1,2,-1,"40,41,42,43"
ar_l21_tp40_41_42_43,40,-1,100663296,100.663296,all_reduce,547.057312009825,549.870371274573,2.8130592647480634,tp_all_reduce,21,2,-1,2,-1,"40,41,42,43"
ar_l22_tp40_41_42_43,40,-1,100663296,100.663296,all_reduce,553.6033831135211,556.4175706904965,2.81418757697538,tp_all_reduce,22,2,-1,2,-1,"40,41,42,43"
ar_l23_tp40_41_42_43,40,-1,100663296,100.663296,all_reduce,563.8606583837438,566.6739493892762,2.8132910055322924,tp_all_reduce,23,2,-1,2,-1,"40,41,42,43"
ar_l16_tp56_57_58_59,56,-1,100663296,100.663296,all_reduce,503.94797860742045,506.7629589562661,2.8149803488456415,tp_all_reduce,16,2,-1,3,-1,"56,57,58,59"
ar_l17_tp56_57_58_59,56,-1,100663296,100.663296,all_reduce,514.3227867035743,517.1363698320871,2.8135831285128754,tp_all_reduce,17,2,-1,3,-1,"56,57,58,59"
ar_l18_tp56_57_58_59,56,-1,100663296,100.663296,all_reduce,520.7017627902827,523.5145167382939,2.8127539480111707,tp_all_reduce,18,2,-1,3,-1,"56,57,58,59"
ar_l19_tp56_57_58_59,56,-1,100663296,100.663296,all_reduce,530.5721024256922,533.3878782813492,2.8157758556570656,tp_all_reduce,19,2,-1,3,-1,"56,57,58,59"
ar_l20_tp56_57_58_59,56,-1,100663296,100.663296,all_reduce,537.4043660013127,540.217270102135,2.8129041008222444,tp_all_reduce,20,2,-1,3,-1,"56,57,58,59"
ar_l21_tp56_57_58_59,56,-1,100663296,100.663296,all_reduce,547.6595399636458,550.4735728175153,2.814032853869497,tp_all_reduce,21,2,-1,3,-1,"56,57,58,59"
ar_l22_tp56_57_58_59,56,-1,100663296,100.663296,all_reduce,554.1632180688213,556.9775619970603,2.8143439282389826,tp_all_reduce,22,2,-1,3,-1,"56,57,58,59"
ar_l23_tp56_57_58_59,56,-1,100663296,100.663296,all_reduce,564.3403663063863,567.1546252558504,2.814258949464077,tp_all_reduce,23,2,-1,3,-1,"56,57,58,59"
p2p_bwd_mb3_s2_dp0,8,4,67108864,67.108864,p2p,570.6630559168299,571.9152480088055,1.2521920919756901,pp_backward,2,2,1,0,0,"8,4"
p2p_bwd_mb3_s2_dp1,24,20,67108864,67.108864,p2p,570.6630559168299,571.9152480088055,1.2521920919756901,pp_backward,2,2,1,1,1,"24,20"
p2p_bwd_mb3_s2_dp2,40,36,67108864,67.108864,p2p,570.6630559168299,571.9152480088055,1.2521920919756901,pp_backward,2,2,1,2,2,"40,36"
p2p_bwd_mb3_s2_dp3,56,52,67108864,67.108864,p2p,570.6630559168299,571.9152480088055,1.2521920919756901,pp_backward,2,2,1,3,3,"56,52"
ar_l24_tp12_13_14_15,12,-1,100663296,100.663296,all_reduce,503.94797860742045,506.76344068162126,2.815462074200803,tp_all_reduce,24,3,-1,0,-1,"12,13,14,15"
ar_l25_tp12_13_14_15,12,-1,100663296,100.663296,all_reduce,507.3560753595264,510.17350130459414,2.817425945067731,tp_all_reduce,25,3,-1,0,-1,"12,13,14,15"
ar_l26_tp12_13_14_15,12,-1,100663296,100.663296,all_reduce,510.6277491431517,513.4460789386637,2.818329795512109,tp_all_reduce,26,3,-1,0,-1,"12,13,14,15"
ar_l27_tp12_13_14_15,12,-1,100663296,100.663296,all_reduce,514.0641988072284,516.878030514093,2.8138317068645557,tp_all_reduce,27,3,-1,0,-1,"12,13,14,15"
ar_l28_tp12_13_14_15,12,-1,100663296,100.663296,all_reduce,517.4673285656769,520.2829731162844,2.8156445506075656,tp_all_reduce,28,3,-1,0,-1,"12,13,14,15"
ar_l29_tp12_13_14_15,12,-1,100663296,100.663296,all_reduce,520.8968739390539,523.7103265774432,2.81345263838928,tp_all_reduce,29,3,-1,0,-1,"12,13,14,15"
ar_l30_tp12_13_14_15,12,-1,100663296,100.663296,all_reduce,524.1864311706247,527.0008243026616,2.8143931320369076,tp_all_reduce,30,3,-1,0,-1,"12,13,14,15"
ar_l31_tp12_13_14_15,12,-1,100663296,100.663296,all_reduce,527.6167317012885,530.4335223090171,2.8167906077286586,tp_all_reduce,31,3,-1,0,-1,"12,13,14,15"
ar_l24_tp28_29_30_31,28,-1,100663296,100.663296,all_reduce,503.94797860742045,506.76574813914453,2.817769531724079,tp_all_reduce,24,3,-1,1,-1,"28,29,30,31"
ar_l25_tp28_29_30_31,28,-1,100663296,100.663296,all_reduce,507.1017552841276,509.91980874797946,2.8180534638518884,tp_all_reduce,25,3,-1,1,-1,"28,29,30,31"
ar_l26_tp28_29_30_31,28,-1,100663296,100.663296,all_reduce,510.44277842963237,513.2557537800797,2.812975350447333,tp_all_reduce,26,3,-1,1,-1,"28,29,30,31"
ar_l27_tp28_29_30_31,28,-1,100663296,100.663296,all_reduce,513.8778346583316,516.6932392296769,2.8154045713453257,tp_all_reduce,27,3,-1,1,-1,"28,29,30,31"
ar_l28_tp28_29_30_31,28,-1,100663296,100.663296,all_reduce,517.1240983467262,519.9376292078357,2.81353086110947,tp_all_reduce,28,3,-1,1,-1,"28,29,30,31"
ar_l29_tp28_29_30_31,28,-1,100663296,100.663296,all_reduce,520.5654928968902,523.3812900730551,2.8157971761649803,tp_all_reduce,29,3,-1,1,-1,"28,29,30,31"
ar_l30_tp28_29_30_31,28,-1,100663296,100.663296,all_reduce,523.8870620842423,526.7018474999588,2.8147854157165586,tp_all_reduce,30,3,-1,1,-1,"28,29,30,31"
ar_l31_tp28_29_30_31,28,-1,100663296,100.663296,all_reduce,527.0561304127276,529.8690821959248,2.8129517831971818,tp_all_reduce,31,3,-1,1,-1,"28,29,30,31"
ar_l24_tp44_45_46_47,44,-1,100663296,100.663296,all_reduce,503.94797860742045,506.7631709360981,2.8151923286776626,tp_all_reduce,24,3,-1,2,-1,"44,45,46,47"
ar_l25_tp44_45_46_47,44,-1,100663296,100.663296,all_reduce,507.3822586302829,510.20030992758734,2.8180512973045024,tp_all_reduce,25,3,-1,2,-1,"44,45,46,47"
ar_l26_tp44_45_46_47,44,-1,100663296,100.663296,all_reduce,510.63197550763226,513.4489410616745,2.8169655540422056,tp_all_reduce,26,3,-1,2,-1,"44,45,46,47"
ar_l27_tp44_45_46_47,44,-1,100663296,100.663296,all_reduce,513.9440056029463,516.7575992619913,2.8135936590450994,tp_all_reduce,27,3,-1,2,-1,"44,45,46,47"
ar_l28_tp44_45_46_47,44,-1,100663296,100.663296,all_reduce,517.3824139267944,520.1952853489183,2.8128714221239415,tp_all_reduce,28,3,-1,2,-1,"44,45,46,47"
ar_l29_tp44_45_46_47,44,-1,100663296,100.663296,all_reduce,520.6946486308344,523.512435526862,2.8177868960276298,tp_all_reduce,29,3,-1,2,-1,"44,45,46,47"
ar_l30_tp44_45_46_47,44,-1,100663296,100.663296,all_reduce,523.8954481365188,526.7132665281981,2.817818391679383,tp_all_reduce,30,3,-1,2,-1,"44,45,46,47"
ar_l31_tp44_45_46_47,44,-1,100663296,100.663296,all_reduce,527.096371955576,529.9138622116336,2.8174902560575976,tp_all_reduce,31,3,-1,2,-1,"44,45,46,47"
ar_l24_tp60_61_62_63,60,-1,100663296,100.663296,all_reduce,503.94797860742045,506.7626916478464,2.814713040425909,tp_all_reduce,24,3,-1,3,-1,"60,61,62,63"
ar_l25_tp60_61_62_63,60,-1,100663296,100.663296,all_reduce,507.3159538201947,510.129723008419,2.813769188224291,tp_all_reduce,25,3,-1,3,-1,"60,61,62,63"
ar_l26_tp60_61_62_63,60,-1,100663296,100.663296,all_reduce,510.4952529952692,513.3135056856894,2.818252690420131,tp_all_reduce,26,3,-1,3,-1,"60,61,62,63"
ar_l27_tp60_61_62_63,60,-1,100663296,100.663296,all_reduce,513.7337161222171,516.5521823006824,2.818466178465262,tp_all_reduce,27,3,-1,3,-1,"60,61,62,63"
ar_l28_tp60_61_62_63,60,-1,100663296,100.663296,all_reduce,516.9960046672662,519.8125638429868,2.8165591757205455,tp_all_reduce,28,3,-1,3,-1,"60,61,62,63"
ar_l29_tp60_61_62_63,60,-1,100663296,100.663296,all_reduce,520.3284675174439,523.144911290923,2.816443773479116,tp_all_reduce,29,3,-1,3,-1,"60,61,62,63"
ar_l30_tp60_61_62_63,60,-1,100663296,100.663296,all_reduce,523.7585688397463,526.576669363306,2.8181005235596857,tp_all_reduce,30,3,-1,3,-1,"60,61,62,63"
ar_l31_tp60_61_62_63,60,-1,100663296,100.663296,all_reduce,527.1505296747263,529.9635809898605,2.8130513151342074,tp_all_reduce,31,3,-1,3,-1,"60,61,62,63"
ar_l0_tp0_1_2_3,0,-1,100663296,100.663296,all_reduce,602.1431960468542,604.9611581763955,2.8179621295413293,tp_all_reduce,0,0,-1,0,-1,"0,1,2,3"
ar_l1_tp0_1_2_3,0,-1,100663296,100.663296,all_reduce,605.5167955527588,608.3312729599096,2.814477407150795,tp_all_reduce,1,0,-1,0,-1,"0,1,2,3"
ar_l2_tp0_1_2_3,0,-1,100663296,100.663296,all_reduce,608.9777655353882,611.7948263258178,2.8170607904295375,tp_all_reduce,2,0,-1,0,-1,"0,1,2,3"
ar_l3_tp0_1_2_3,0,-1,100663296,100.663296,all_reduce,612.1690960635959,614.9864753013192,2.817379237723183,tp_all_reduce,3,0,-1,0,-1,"0,1,2,3"
ar_l4_tp0_1_2_3,0,-1,100663296,100.663296,all_reduce,615.4859749131454,618.3027184344485,2.816743521303122,tp_all_reduce,4,0,-1,0,-1,"0,1,2,3"
ar_l5_tp0_1_2_3,0,-1,100663296,100.663296,all_reduce,618.6964532618904,621.5093559460287,2.812902684138252,tp_all_reduce,5,0,-1,0,-1,"0,1,2,3"
ar_l6_tp0_1_2_3,0,-1,100663296,100.663296,all_reduce,621.9274181816935,624.7436509318868,2.8162327501932705,tp_all_reduce,6,0,-1,0,-1,"0,1,2,3"
ar_l7_tp0_1_2_3,0,-1,100663296,100.663296,all_reduce,625.2667464410318,628.0837790605727,2.8170326195409157,tp_all_reduce,7,0,-1,0,-1,"0,1,2,3"
ar_l0_tp16_17_18_19,16,-1,100663296,100.663296,all_reduce,602.14515479948,604.9581425427053,2.812987743225359,tp_all_reduce,0,0,-1,1,-1,"16,17,18,19"
ar_l1_tp16_17_18_19,16,-1,100663296,100.663296,all_reduce,605.299734142406,608.1123540453251,2.8126199029191445,tp_all_reduce,1,0,-1,1,-1,"16,17,18,19"
ar_l2_tp16_17_18_19,16,-1,100663296,100.663296,all_reduce,608.7601626090604,611.5769042219837,2.8167416129232237,tp_all_reduce,2,0,-1,1,-1,"16,17,18,19"
ar_l3_tp16_17_18_19,16,-1,100663296,100.663296,all_reduce,612.0338946073491,614.8478202245241,2.8139256171749727,tp_all_reduce,3,0,-1,1,-1,"16,17,18,19"
ar_l4_tp16_17_18_19,16,-1,100663296,100.663296,all_reduce,615.3914450650811,618.2081261887099,2.8166811236287614,tp_all_reduce,4,0,-1,1,-1,"16,17,18,19"
ar_l5_tp16_17_18_19,16,-1,100663296,100.663296,all_reduce,618.6614357873126,621.474901451709,2.8134656643964417,tp_all_reduce,5,0,-1,1,-1,"16,17,18,19"
ar_l6_tp16_17_18_19,16,-1,100663296,100.663296,all_reduce,621.9787327013624,624.7964385224567,2.8177058210941963,tp_all_reduce,6,0,-1,1,-1,"16,17,18,19"
ar_l7_tp16_17_18_19,16,-1,100663296,100.663296,all_reduce,625.4338504658353,628.2474824372892,2.8136319714539004,tp_all_reduce,7,0,-1,1,-1,"16,17,18,19"
ar_l0_tp32_33_34_35,32,-1,100663296,100.663296,all_reduce,602.1452316763073,604.9593914624995,2.8141597861922607,tp_all_reduce,0,0,-1,2,-1,"32,33,34,35"
ar_l1_tp32_33_34_35,32,-1,100663296,100.663296,all_reduce,605.5504621934044,608.3659335369645,2.815471343559972,tp_all_reduce,1,0,-1,2,-1,"32,33,34,35"
ar_l2_tp32_33_34_35,32,-1,100663296,100.663296,all_reduce,608.8379731825845,611.653094672067,2.815121489482597,tp_all_reduce,2,0,-1,2,-1,"32,33,34,35"
ar_l3_tp32_33_34_35,32,-1,100663296,100.663296,all_reduce,612.3116273998078,615.1263753551311,2.8147479553233268,tp_all_reduce,3,0,-1,2,-1,"32,33,34,35"
ar_l4_tp32_33_34_35,32,-1,100663296,100.663296,all_reduce,615.5095642171032,618.3247823686529,2.8152181515497254,tp_all_reduce,4,0,-1,2,-1,"32,33,34,35"
ar_l5_tp32_33_34_35,32,-1,100663296,100.663296,all_reduce,618.7620669699437,621.5783329339029,2.816265963959119,tp_all_reduce,5,0,-1,2,-1,"32,33,34,35"
ar_l6_tp32_33_34_35,32,-1,100663296,100.663296,all_reduce,622.1339402748474,624.9511013976102,2.817161122762646,tp_all_reduce,6,0,-1,2,-1,"32,33,34,35"
ar_l7_tp32_33_34_35,32,-1,100663296,100.663296,all_reduce,625.35925498652,628.1766057535604,2.817350767040372,tp_all_reduce,7,0,-1,2,-1,"32,33,34,35"
ar_l0_tp48_49_50_51,48,-1,100663296,100.663296,all_reduce,602.145500002253,604.9627484401722,2.8172484379191953,tp_all_reduce,0,0,-1,3,-1,"48,49,50,51"
ar_l1_tp48_49_50_51,48,-1,100663296,100.663296,all_reduce,605.3078280048417,608.1228573084211,2.815029303579464,tp_all_reduce,1,0,-1,3,-1,"48,49,50,51"
ar_l2_tp48_49_50_51,48,-1,100663296,100.663296,all_reduce,608.6841120009211,611.4982572713977,2.814145270476631,tp_all_reduce,2,0,-1,3,-1,"48,49,50,51"
ar_l3_tp48_49_50_51,48,-1,100663296,100.663296,all_reduce,612.0152880047137,614.8332507420545,2.8179627373408067,tp_all_reduce,3,0,-1,3,-1,"48,49,50,51"
ar_l4_tp48_49_50_51,48,-1,100663296,100.663296,all_reduce,615.2730448163271,618.0909998314635,2.8179550151362642,tp_all_reduce,4,0,-1,3,-1,"48,49,50,51"
ar_l5_tp48_49_50_51,48,-1,100663296,100.663296,all_reduce,618.6817847172068,621.4966602654564,2.8148755482495513,tp_all_reduce,5,0,-1,3,-1,"48,49,50,51"
ar_l6_tp48_49_50_51,48,-1,100663296,100.663296,all_reduce,621.8416206634629,624.6597059216633,2.8180852582003757,tp_all_reduce,6,0,-1,3,-1,"48,49,50,51"
ar_l7_tp48_49_50_51,48,-1,100663296,100.663296,all_reduce,625.1824613882419,627.998588072409,2.8161266841671972,tp_all_reduce,7,0,-1,3,-1,"48,49,50,51"
p2p_fwd_mb6_s0_dp0,0,4,67108864,67.108864,p2p,628.908672970104,630.1589274051677,1.250254435063658,pp_forward,0,0,1,0,0,"0,4"
p2p_fwd_mb6_s0_dp1,16,20,67108864,67.108864,p2p,628.908672970104,630.1589274051677,1.250254435063658,pp_forward,0,0,1,1,1,"16,20"
p2p_fwd_mb6_s0_dp2,32,36,67108864,67.108864,p2p,628.908672970104,630.1589274051677,1.250254435063658,pp_forward,0,0,1,2,2,"32,36"
p2p_fwd_mb6_s0_dp3,48,52,67108864,67.108864,p2p,628.908672970104,630.1589274051677,1.250254435063658,pp_forward,0,0,1,3,3,"48,52"
ar_l8_tp4_5_6_7,4,-1,100663296,100.663296,all_reduce,571.9152480088055,574.7284374059907,2.813189397185112,tp_all_reduce,8,1,-1,0,-1,"4,5,6,7"
ar_l9_tp4_5_6_7,4,-1,100663296,100.663296,all_reduce,581.6129232979033,584.428331134114,2.815407836210815,tp_all_reduce,9,1,-1,0,-1,"4,5,6,7"
ar_l10_tp4_5_6_7,4,-1,100663296,100.663296,all_reduce,588.3946364637272,591.2086879675762,2.8140515038489466,tp_all_reduce,10,1,-1,0,-1,"4,5,6,7"
ar_l11_tp4_5_6_7,4,-1,100663296,100.663296,all_reduce,598.7316284188147,601.5469788410581,2.8153504222434567,tp_all_reduce,11,1,-1,0,-1,"4,5,6,7"
ar_l12_tp4_5_6_7,4,-1,100663296,100.663296,all_reduce,605.5704286039602,608.3858389133496,2.8154103093894767,tp_all_reduce,12,1,-1,0,-1,"4,5,6,7"
ar_l13_tp4_5_6_7,4,-1,100663296,100.663296,all_reduce,615.701070808593,618.5193095372015,2.8182387286084243,tp_all_reduce,13,1,-1,0,-1,"4,5,6,7"
ar_l14_tp4_5_6_7,4,-1,100663296,100.663296,all_reduce,622.3110423852775,625.1258682641457,2.8148258788681657,tp_all_reduce,14,1,-1,0,-1,"4,5,6,7"
ar_l15_tp4_5_6_7,4,-1,100663296,100.663296,all_reduce,632.261580393576,635.077627631262,2.8160472376860257,tp_all_reduce,15,1,-1,0,-1,"4,5,6,7"
ar_l8_tp20_21_22_23,20,-1,100663296,100.663296,all_reduce,571.9152480088055,574.7296297360975,2.8143817272919813,tp_all_reduce,8,1,-1,1,-1,"20,21,22,23"
ar_l9_tp20_21_22_23,20,-1,100663296,100.663296,all_reduce,581.7610710658868,584.5768716856039,2.8158006197170904,tp_all_reduce,9,1,-1,1,-1,"20,21,22,23"
ar_l10_tp20_21_22_23,20,-1,100663296,100.663296,all_reduce,588.1525188665242,590.9658035181495,2.8132846516253363,tp_all_reduce,10,1,-1,1,-1,"20,21,22,23"
ar_l11_tp20_21_22_23,20,-1,100663296,100.663296,all_reduce,598.0428022148191,600.8555648361305,2.81276262131136,tp_all_reduce,11,1,-1,1,-1,"20,21,22,23"
ar_l12_tp20_21_22_23,20,-1,100663296,100.663296,all_reduce,604.6797177286402,607.4964951065157,2.8167773778755567,tp_all_reduce,12,1,-1,1,-1,"20,21,22,23"
ar_l13_tp20_21_22_23,20,-1,100663296,100.663296,all_reduce,614.358660886029,617.1749224031602,2.8162615171311023,tp_all_reduce,13,1,-1,1,-1,"20,21,22,23"
ar_l14_tp20_21_22_23,20,-1,100663296,100.663296,all_reduce,621.1338925842464,623.9479829605953,2.8140903763489433,tp_all_reduce,14,1,-1,1,-1,"20,21,22,23"
ar_l15_tp20_21_22_23,20,-1,100663296,100.663296,all_reduce,631.0422260252415,633.8573998506901,2.8151738254484915,tp_all_reduce,15,1,-1,1,-1,"20,21,22,23"
ar_l8_tp36_37_38_39,36,-1,100663296,100.663296,all_reduce,571.9152480088055,574.7293543704442,2.814106361638591,tp_all_reduce,8,1,-1,2,-1,"36,37,38,39"
ar_l9_tp36_37_38_39,36,-1,100663296,100.663296,all_reduce,582.2029984527308,585.0202303273028,2.817231874572057,tp_all_reduce,9,1,-1,2,-1,"36,37,38,39"
ar_l10_tp36_37_38_39,36,-1,100663296,100.663296,all_reduce,588.8375708662625,591.6527781369759,2.8152072707134934,tp_all_reduce,10,1,-1,2,-1,"36,37,38,39"
ar_l11_tp36_37_38_39,36,-1,100663296,100.663296,all_reduce,598.4479800261608,601.264148762626,2.8161687364650634,tp_all_reduce,11,1,-1,2,-1,"36,37,38,39"
ar_l12_tp36_37_38_39,36,-1,100663296,100.663296,all_reduce,605.0837905929251,607.8974986865999,2.8137080936748715,tp_all_reduce,12,1,-1,2,-1,"36,37,38,39"
ar_l13_tp36_37_38_39,36,-1,100663296,100.663296,all_reduce,615.2006862834774,618.0159974806164,2.81531119713907,tp_all_reduce,13,1,-1,2,-1,"36,37,38,39"
ar_l14_tp36_37_38_39,36,-1,100663296,100.663296,all_reduce,621.9689231527155,624.7871091966273,2.818186043911708,tp_all_reduce,14,1,-1,2,-1,"36,37,38,39"
ar_l15_tp36_37_38_39,36,-1,100663296,100.663296,all_reduce,631.8423408864957,634.6585599188418,2.816219032346079,tp_all_reduce,15,1,-1,2,-1,"36,37,38,39"
ar_l8_tp52_53_54_55,52,-1,100663296,100.663296,all_reduce,571.9152480088055,574.7292445520334,2.8139965432277814,tp_all_reduce,8,1,-1,3,-1,"52,53,54,55"
ar_l9_tp52_53_54_55,52,-1,100663296,100.663296,all_reduce,581.7953440917438,584.6095965195799,2.8142524278360614,tp_all_reduce,9,1,-1,3,-1,"52,53,54,55"
ar_l10_tp52_53_54_55,52,-1,100663296,100.663296,all_reduce,588.3528143314854,591.1713128759551,2.818498544469694,tp_all_reduce,10,1,-1,3,-1,"52,53,54,55"
ar_l11_tp52_53_54_55,52,-1,100663296,100.663296,all_reduce,598.6527156688367,601.4662355800438,2.813519911207041,tp_all_reduce,11,1,-1,3,-1,"52,53,54,55"
ar_l12_tp52_53_54_55,52,-1,100663296,100.663296,all_reduce,605.2807591672474,608.0976584842796,2.8168993170321066,tp_all_reduce,12,1,-1,3,-1,"52,53,54,55"
ar_l13_tp52_53_54_55,52,-1,100663296,100.663296,all_reduce,615.2911964525083,618.1087361247105,2.8175396722022183,tp_all_reduce,13,1,-1,3,-1,"52,53,54,55"
ar_l14_tp52_53_54_55,52,-1,100663296,100.663296,all_reduce,622.0663959414887,624.8793874964831,2.8129915549943707,tp_all_reduce,14,1,-1,3,-1,"52,53,54,55"
ar_l15_tp52_53_54_55,52,-1,100663296,100.663296,all_reduce,631.5888966512747,634.4035631547303,2.8146665034555207,tp_all_reduce,15,1,-1,3,-1,"52,53,54,55"
p2p_bwd_mb3_s1_dp0,4,0,67108864,67.108864,p2p,638.9696376585537,640.220069446621,1.2504317880673854,pp_backward,1,1,0,0,0,"4,0"
p2p_bwd_mb3_s1_dp1,20,16,67108864,67.108864,p2p,638.9696376585537,640.220069446621,1.2504317880673854,pp_backward,1,1,0,1,1,"20,16"
p2p_bwd_mb3_s1_dp2,36,32,67108864,67.108864,p2p,638.9696376585537,640.220069446621,1.2504317880673854,pp_backward,1,1,0,2,2,"36,32"
p2p_bwd_mb3_s1_dp3,52,48,67108864,67.108864,p2p,638.9696376585537,640.220069446621,1.2504317880673854,pp_backward,1,1,0,3,3,"52,48"
ar_l16_tp8_9_10_11,8,-1,100663296,100.663296,all_reduce,571.9152480088055,574.7323094061809,2.8170613973753644,tp_all_reduce,16,2,-1,0,-1,"8,9,10,11"
ar_l17_tp8_9_10_11,8,-1,100663296,100.663296,all_reduce,575.3372981848722,578.1553345194739,2.818036334601648,tp_all_reduce,17,2,-1,0,-1,"8,9,10,11"
ar_l18_tp8_9_10_11,8,-1,100663296,100.663296,all_reduce,578.8105685081294,581.626360625131,2.8157921170016698,tp_all_reduce,18,2,-1,0,-1,"8,9,10,11"
ar_l19_tp8_9_10_11,8,-1,100663296,100.663296,all_reduce,582.2347860154941,585.0492425147042,2.814456499210083,tp_all_reduce,19,2,-1,0,-1,"8,9,10,11"
ar_l20_tp8_9_10_11,8,-1,100663296,100.663296,all_reduce,585.3969625977943,588.2132814853627,2.816318887568392,tp_all_reduce,20,2,-1,0,-1,"8,9,10,11"
ar_l21_tp8_9_10_11,8,-1,100663296,100.663296,all_reduce,588.7656280500291,591.582812416178,2.8171843661487506,tp_all_reduce,21,2,-1,0,-1,"8,9,10,11"
ar_l22_tp8_9_10_11,8,-1,100663296,100.663296,all_reduce,592.1939726090443,595.0092791246863,2.815306515641991,tp_all_reduce,22,2,-1,0,-1,"8,9,10,11"
ar_l23_tp8_9_10_11,8,-1,100663296,100.663296,all_reduce,595.4660591766152,598.2840607023996,2.818001525784375,tp_all_reduce,23,2,-1,0,-1,"8,9,10,11"
ar_l16_tp24_25_26_27,24,-1,100663296,100.663296,all_reduce,571.9152480088055,574.7325791171609,2.8173311083553587,tp_all_reduce,16,2,-1,1,-1,"24,25,26,27"
ar_l17_tp24_25_26_27,24,-1,100663296,100.663296,all_reduce,575.3273089180959,578.1424314309177,2.8151225128217883,tp_all_reduce,17,2,-1,1,-1,"24,25,26,27"
ar_l18_tp24_25_26_27,24,-1,100663296,100.663296,all_reduce,578.5881700706663,581.4045472962872,2.816377225621003,tp_all_reduce,18,2,-1,1,-1,"24,25,26,27"
ar_l19_tp24_25_26_27,24,-1,100663296,100.663296,all_reduce,581.7595517224113,584.575402877763,2.8158511553517673,tp_all_reduce,19,2,-1,1,-1,"24,25,26,27"
ar_l20_tp24_25_26_27,24,-1,100663296,100.663296,all_reduce,585.1817346698466,587.9986229915015,2.8168883216549423,tp_all_reduce,20,2,-1,1,-1,"24,25,26,27"
ar_l21_tp24_25_26_27,24,-1,100663296,100.663296,all_reduce,588.5877364562383,591.4017606867511,2.8140242305128016,tp_all_reduce,21,2,-1,1,-1,"24,25,26,27"
ar_l22_tp24_25_26_27,24,-1,100663296,100.663296,all_reduce,591.9258090354937,594.7384160177821,2.812606982288468,tp_all_reduce,22,2,-1,1,-1,"24,25,26,27"
ar_l23_tp24_25_26_27,24,-1,100663296,100.663296,all_reduce,595.2021563127432,598.01718373324,2.815027420496774,tp_all_reduce,23,2,-1,1,-1,"24,25,26,27"
ar_l16_tp40_41_42_43,40,-1,100663296,100.663296,all_reduce,571.9152480088055,574.7290473796969,2.8137993708913234,tp_all_reduce,16,2,-1,2,-1,"40,41,42,43"
ar_l17_tp40_41_42_43,40,-1,100663296,100.663296,all_reduce,575.1869212962985,578.0023160100974,2.815394713798991,tp_all_reduce,17,2,-1,2,-1,"40,41,42,43"
ar_l18_tp40_41_42_43,40,-1,100663296,100.663296,all_reduce,578.5706212794959,581.3861699432717,2.8155486637758687,tp_all_reduce,18,2,-1,2,-1,"40,41,42,43"
ar_l19_tp40_41_42_43,40,-1,100663296,100.663296,all_reduce,581.8487482156144,584.6619574211084,2.813209205493994,tp_all_reduce,19,2,-1,2,-1,"40,41,42,43"
ar_l20_tp40_41_42_43,40,-1,100663296,100.663296,all_reduce,584.9960820269489,587.8120302925417,2.815948265592838,tp_all_reduce,20,2,-1,2,-1,"40,41,42,43"
ar_l21_tp40_41_42_43,40,-1,100663296,100.663296,all_reduce,588.1876616939101,591.0061785537405,2.8185168598304777,tp_all_reduce,21,2,-1,2,-1,"40,41,42,43"
ar_l22_tp40_41_42_43,40,-1,100663296,100.663296,all_reduce,591.6156388272017,594.4306715316208,2.8150327044190737,tp_all_reduce,22,2,-1,2,-1,"40,41,42,43"
ar_l23_tp40_41_42_43,40,-1,100663296,100.663296,all_reduce,595.089802558888,597.9077864616036,2.817983902715593,tp_all_reduce,23,2,-1,2,-1,"40,41,42,43"
ar_l16_tp56_57_58_59,56,-1,100663296,100.663296,all_reduce,571.9152480088055,574.7279340040807,2.812685995275177,tp_all_reduce,16,2,-1,3,-1,"56,57,58,59"
ar_l17_tp56_57_58_59,56,-1,100663296,100.663296,all_reduce,575.1638969429646,577.979344021884,2.815447078919453,tp_all_reduce,17,2,-1,3,-1,"56,57,58,59"
ar_l18_tp56_57_58_59,56,-1,100663296,100.663296,all_reduce,578.4548318858822,581.2683054922935,2.8134736064112653,tp_all_reduce,18,2,-1,3,-1,"56,57,58,59"
ar_l19_tp56_57_58_59,56,-1,100663296,100.663296,all_reduce,581.845359296375,584.6596164246573,2.814257128282316,tp_all_reduce,19,2,-1,3,-1,"56,57,58,59"
ar_l20_tp56_57_58_59,56,-1,100663296,100.663296,all_reduce,585.2544874290048,588.0686621011063,2.8141746721014327,tp_all_reduce,20,2,-1,3,-1,"56,57,58,59"
ar_l21_tp56_57_58_59,56,-1,100663296,100.663296,all_reduce,588.5385129538479,591.3512354759237,2.8127225220757612,tp_all_reduce,21,2,-1,3,-1,"56,57,58,59"
ar_l22_tp56_57_58_59,56,-1,100663296,100.663296,all_reduce,591.6908620220163,594.508900625996,2.818038603979778,tp_all_reduce,22,2,-1,3,-1,"56,57,58,59"
ar_l23_tp56_57_58_59,56,-1,100663296,100.663296,all_reduce,594.9635311896062,597.7768138462264,2.813282656620286,tp_all_reduce,23,2,-1,3,-1,"56,57,58,59"
p2p_fwd_mb5_s2_dp0,8,12,67108864,67.108864,p2p,598.8995838417169,600.1497642710267,1.2501804293097996,pp_forward,2,2,3,0,0,"8,12"
p2p_fwd_mb5_s2_dp1,24,28,67108864,67.108864,p2p,598.8995838417169,600.1497642710267,1.2501804293097996,pp_forward,2,2,3,1,1,"24,28"
p2p_fwd_mb5_s2_dp2,40,44,67108864,67.108864,p2p,598.8995838417169,600.1497642710267,1.2501804293097996,pp_forward,2,2,3,2,2,"40,44"
p2p_fwd_mb5_s2_dp3,56,60,67108864,67.108864,p2p,598.8995838417169,600.1497642710267,1.2501804293097996,pp_forward,2,2,3,3,3,"56,60"
ar_l24_tp12_13_14_15,12,-1,100663296,100.663296,all_reduce,534.3590837863236,537.1775495421838,2.8184657558602,tp_all_reduce,24,3,-1,0,-1,"12,13,14,15"
ar_l25_tp12_13_14_15,12,-1,100663296,100.663296,all_reduce,544.2398998135108,547.0582267948445,2.818326981333774,tp_all_reduce,25,3,-1,0,-1,"12,13,14,15"
ar_l26_tp12_13_14_15,12,-1,100663296,100.663296,all_reduce,551.0159361884129,553.8339587969583,2.8180226085454674,tp_all_reduce,26,3,-1,0,-1,"12,13,14,15"
ar_l27_tp12_13_14_15,12,-1,100663296,100.663296,all_reduce,561.2628755671819,564.0781516195361,2.8152760523542097,tp_all_reduce,27,3,-1,0,-1,"12,13,14,15"
ar_l28_tp12_13_14_15,12,-1,100663296,100.663296,all_reduce,567.7671502234647,570.5823316808325,2.8151814573678102,tp_all_reduce,28,3,-1,0,-1,"12,13,14,15"
ar_l29_tp12_13_14_15,12,-1,100663296,100.663296,all_reduce,577.7133164353222,580.5286576044589,2.8153411691367314,tp_all_reduce,29,3,-1,0,-1,"12,13,14,15"
ar_l30_tp12_13_14_15,12,-1,100663296,100.663296,all_reduce,584.5159854951343,587.3314576834683,2.8154721883340006,tp_all_reduce,30,3,-1,0,-1,"12,13,14,15"
ar_l31_tp12_13_14_15,12,-1,100663296,100.663296,all_reduce,594.3096615912546,597.1276310618728,2.817969470618187,tp_all_reduce,31,3,-1,0,-1,"12,13,14,15"
ar_l24_tp28_29_30_31,28,-1,100663296,100.663296,all_reduce,534.3590837863236,537.1736619365877,2.814578150264091,tp_all_reduce,24,3,-1,1,-1,"28,29,30,31"
ar_l25_tp28_29_30_31,28,-1,100663296,100.663296,all_reduce,544.1283088509088,546.9468383393221,2.818529488413324,tp_all_reduce,25,3,-1,1,-1,"28,29,30,31"
ar_l26_tp28_29_30_31,28,-1,100663296,100.663296,all_reduce,550.9274699713845,553.7420163639828,2.8145463925982606,tp_all_reduce,26,3,-1,1,-1,"28,29,30,31"
ar_l27_tp28_29_30_31,28,-1,100663296,100.663296,all_reduce,560.9387426287633,563.7538662307775,2.815123602014191,tp_all_reduce,27,3,-1,1,-1,"28,29,30,31"
ar_l28_tp28_29_30_31,28,-1,100663296,100.663296,all_reduce,567.3169346195156,570.1301676817627,2.8132330622471224,tp_all_reduce,28,3,-1,1,-1,"28,29,30,31"
ar_l29_tp28_29_30_31,28,-1,100663296,100.663296,all_reduce,577.3715982122201,580.1871315524263,2.8155333402062332,tp_all_reduce,29,3,-1,1,-1,"28,29,30,31"
ar_l30_tp28_29_30_31,28,-1,100663296,100.663296,all_reduce,584.1156812253923,586.9296208534537,2.8139396280613127,tp_all_reduce,30,3,-1,1,-1,"28,29,30,31"
ar_l31_tp28_29_30_31,28,-1,100663296,100.663296,all_reduce,594.0041351717734,596.8208598676329,2.816724695859474,tp_all_reduce,31,3,-1,1,-1,"28,29,30,31"
ar_l24_tp44_45_46_47,44,-1,100663296,100.663296,all_reduce,534.3590837863236,537.1730662761789,2.8139824898553156,tp_all_reduce,24,3,-1,2,-1,"44,45,46,47"
ar_l25_tp44_45_46_47,44,-1,100663296,100.663296,all_reduce,544.4025645913028,547.2159684964414,2.813403905138512,tp_all_reduce,25,3,-1,2,-1,"44,45,46,47"
ar_l26_tp44_45_46_47,44,-1,100663296,100.663296,all_reduce,551.0996574815881,553.9169051386409,2.8172476570528238,tp_all_reduce,26,3,-1,2,-1,"44,45,46,47"
ar_l27_tp44_45_46_47,44,-1,100663296,100.663296,all_reduce,561.2108876963005,564.0259270745174,2.8150393782169214,tp_all_reduce,27,3,-1,2,-1,"44,45,46,47"
ar_l28_tp44_45_46_47,44,-1,100663296,100.663296,all_reduce,567.72203427096,570.5389919927702,2.8169577218102315,tp_all_reduce,28,3,-1,2,-1,"44,45,46,47"
ar_l29_tp44_45_46_47,44,-1,100663296,100.663296,all_reduce,577.6555201260892,580.4685132945376,2.8129931684484077,tp_all_reduce,29,3,-1,2,-1,"44,45,46,47"
ar_l30_tp44_45_46_47,44,-1,100663296,100.663296,all_reduce,584.6017646662042,587.4151671153662,2.8134024491620613,tp_all_reduce,30,3,-1,2,-1,"44,45,46,47"
ar_l31_tp44_45_46_47,44,-1,100663296,100.663296,all_reduce,594.5045726620318,597.3226480785344,2.8180754165025856,tp_all_reduce,31,3,-1,2,-1,"44,45,46,47"
ar_l24_tp60_61_62_63,60,-1,100663296,100.663296,all_reduce,534.3590837863236,537.1750154003095,2.815931613985856,tp_all_reduce,24,3,-1,3,-1,"60,61,62,63"
ar_l25_tp60_61_62_63,60,-1,100663296,100.663296,all_reduce,544.1328868938707,546.9475535508142,2.81466665694341,tp_all_reduce,25,3,-1,3,-1,"60,61,62,63"
ar_l26_tp60_61_62_63,60,-1,100663296,100.663296,all_reduce,550.8215616581942,553.6376654872143,2.816103829020089,tp_all_reduce,26,3,-1,3,-1,"60,61,62,63"
ar_l27_tp60_61_62_63,60,-1,100663296,100.663296,all_reduce,560.5297996047083,563.3476429950096,2.8178433903012223,tp_all_reduce,27,3,-1,3,-1,"60,61,62,63"
ar_l28_tp60_61_62_63,60,-1,100663296,100.663296,all_reduce,567.3650146206318,570.1792369469711,2.8142223263392108,tp_all_reduce,28,3,-1,3,-1,"60,61,62,63"
ar_l29_tp60_61_62_63,60,-1,100663296,100.663296,all_reduce,577.3537273793934,580.1699316639738,2.8162042845804036,tp_all_reduce,29,3,-1,3,-1,"60,61,62,63"
ar_l30_tp60_61_62_63,60,-1,100663296,100.663296,all_reduce,583.9740713747852,586.789824440307,2.815753065521842,tp_all_reduce,30,3,-1,3,-1,"60,61,62,63"
ar_l31_tp60_61_62_63,60,-1,100663296,100.663296,all_reduce,593.5828209270566,596.3955055474033,2.8126846203466727,tp_all_reduce,31,3,-1,3,-1,"60,61,62,63"
p2p_bwd_mb4_s3_dp0,12,8,67108864,67.108864,p2p,608.0097750097598,609.2605361280571,1.250761118297361,pp_backward,3,3,2,0,0,"12,8"
p2p_bwd_mb4_s3_dp1,28,24,67108864,67.108864,p2p,608.0097750097598,609.2605361280571,1.250761118297361,pp_backward,3,3,2,1,1,"28,24"
p2p_bwd_mb4_s3_dp2,44,40,67108864,67.108864,p2p,608.0097750097598,609.2605361280571,1.250761118297361,pp_backward,3,3,2,2,2,"44,40"
p2p_bwd_mb4_s3_dp3,60,56,67108864,67.108864,p2p,608.0097750097598,609.2605361280571,1.250761118297361,pp_backward,3,3,2,3,3,"60,56"
ar_l0_tp0_1_2_3,0,-1,100663296,100.663296,all_reduce,640.3212820140408,643.1381661377001,2.8168841236592135,tp_all_reduce,0,0,-1,0,-1,"0,1,2,3"
ar_l1_tp0_1_2_3,0,-1,100663296,100.663296,all_reduce,650.3444596363041,653.1627311165232,2.81827148021907,tp_all_reduce,1,0,-1,0,-1,"0,1,2,3"
ar_l2_tp0_1_2_3,0,-1,100663296,100.663296,all_reduce,657.1907756410529,660.0068248215429,2.8160491804899435,tp_all_reduce,2,0,-1,0,-1,"0,1,2,3"
ar_l3_tp0_1_2_3,0,-1,100663296,100.663296,all_reduce,667.4906721213245,670.3079494384286,2.8172773171042387,tp_all_reduce,3,0,-1,0,-1,"0,1,2,3"
ar_l4_tp0_1_2_3,0,-1,100663296,100.663296,all_reduce,673.9457533582405,676.7634644281726,2.817711069932116,tp_all_reduce,4,0,-1,0,-1,"0,1,2,3"
ar_l5_tp0_1_2_3,0,-1,100663296,100.663296,all_reduce,683.9778078870341,686.7935672433372,2.8157593563030714,tp_all_reduce,5,0,-1,0,-1,"0,1,2,3"
ar_l6_tp0_1_2_3,0,-1,100663296,100.663296,all_reduce,690.392532683925,693.210703391361,2.818170707436063,tp_all_reduce,6,0,-1,0,-1,"0,1,2,3"
ar_l7_tp0_1_2_3,0,-1,100663296,100.663296,all_reduce,699.9786312599228,702.7949055509838,2.816274291060905,tp_all_reduce,7,0,-1,0,-1,"0,1,2,3"
ar_l0_tp16_17_18_19,16,-1,100663296,100.663296,all_reduce,640.3230644637626,643.1407027705804,2.8176383068178046,tp_all_reduce,0,0,-1,1,-1,"16,17,18,19"
ar_l1_tp16_17_18_19,16,-1,100663296,100.663296,all_reduce,650.6564534727606,653.4700124423117,2.8135589695511554,tp_all_reduce,1,0,-1,1,-1,"16,17,18,19"
ar_l2_tp16_17_18_19,16,-1,100663296,100.663296,all_reduce,657.0715605223108,659.8859941825627,2.8144336602519138,tp_all_reduce,2,0,-1,1,-1,"16,17,18,19"
ar_l3_tp16_17_18_19,16,-1,100663296,100.663296,all_reduce,667.1868354755212,670.0030171341734,2.8161816586522725,tp_all_reduce,3,0,-1,1,-1,"16,17,18,19"
ar_l4_tp16_17_18_19,16,-1,100663296,100.663296,all_reduce,674.095990122672,676.9089584648242,2.8129683421522778,tp_all_reduce,4,0,-1,1,-1,"16,17,18,19"
ar_l5_tp16_17_18_19,16,-1,100663296,100.663296,all_reduce,684.0197868593696,686.8338760272652,2.814089167895606,tp_all_reduce,5,0,-1,1,-1,"16,17,18,19"
ar_l6_tp16_17_18_19,16,-1,100663296,100.663296,all_reduce,690.7241949577683,693.5409349719694,2.816740014201069,tp_all_reduce,6,0,-1,1,-1,"16,17,18,19"
ar_l7_tp16_17_18_19,16,-1,100663296,100.663296,all_reduce,700.7766961818777,703.5923757524504,2.8156795705727156,tp_all_reduce,7,0,-1,1,-1,"16,17,18,19"
ar_l0_tp32_33_34_35,32,-1,100663296,100.663296,all_reduce,640.3162697761948,643.1303625208657,2.8140927446709263,tp_all_reduce,0,0,-1,2,-1,"32,33,34,35"
ar_l1_tp32_33_34_35,32,-1,100663296,100.663296,all_reduce,650.4481043023695,653.262292209746,2.8141879073764198,tp_all_reduce,1,0,-1,2,-1,"32,33,34,35"
ar_l2_tp32_33_34_35,32,-1,100663296,100.663296,all_reduce,656.8337051794294,659.6498796929277,2.8161745134982485,tp_all_reduce,2,0,-1,2,-1,"32,33,34,35"
ar_l3_tp32_33_34_35,32,-1,100663296,100.663296,all_reduce,666.6414702467752,669.4598978552065,2.8184276084313176,tp_all_reduce,3,0,-1,2,-1,"32,33,34,35"
ar_l4_tp32_33_34_35,32,-1,100663296,100.663296,all_reduce,673.0764910087227,675.8948052014827,2.8183141927600186,tp_all_reduce,4,0,-1,2,-1,"32,33,34,35"
ar_l5_tp32_33_34_35,32,-1,100663296,100.663296,all_reduce,682.9316883906811,685.7454431217865,2.8137547311054556,tp_all_reduce,5,0,-1,2,-1,"32,33,34,35"
ar_l6_tp32_33_34_35,32,-1,100663296,100.663296,all_reduce,689.8360583298703,692.6529436593372,2.8168853294668894,tp_all_reduce,6,0,-1,2,-1,"32,33,34,35"
ar_l7_tp32_33_34_35,32,-1,100663296,100.663296,all_reduce,700.174271940118,702.9922189110674,2.817946970949392,tp_all_reduce,7,0,-1,2,-1,"32,33,34,35"
ar_l0_tp48_49_50_51,48,-1,100663296,100.663296,all_reduce,640.3161172894229,643.1289547115487,2.81283742212568,tp_all_reduce,0,0,-1,3,-1,"48,49,50,51"
ar_l1_tp48_49_50_51,48,-1,100663296,100.663296,all_reduce,650.1798988998391,652.9926182353441,2.812719335504976,tp_all_reduce,1,0,-1,3,-1,"48,49,50,51"
ar_l2_tp48_49_50_51,48,-1,100663296,100.663296,all_reduce,657.0990711229312,659.9123012314477,2.813230108516529,tp_all_reduce,2,0,-1,3,-1,"48,49,50,51"
ar_l3_tp48_49_50_51,48,-1,100663296,100.663296,all_reduce,667.4106964230739,670.2279127522326,2.817216329158656,tp_all_reduce,3,0,-1,3,-1,"48,49,50,51"
ar_l4_tp48_49_50_51,48,-1,100663296,100.663296,all_reduce,673.8488446595097,676.6636502176607,2.8148055581510567,tp_all_reduce,4,0,-1,3,-1,"48,49,50,51"
ar_l5_tp48_49_50_51,48,-1,100663296,100.663296,all_reduce,683.4458474681985,686.2601549845987,2.8143075164002163,tp_all_reduce,5,0,-1,3,-1,"48,49,50,51"
ar_l6_tp48_49_50_51,48,-1,100663296,100.663296,all_reduce,689.7487721075421,692.566505607189,2.8177334996469794,tp_all_reduce,6,0,-1,3,-1,"48,49,50,51"
ar_l7_tp48_49_50_51,48,-1,100663296,100.663296,all_reduce,699.9703532298702,702.7860478378317,2.815694607961494,tp_all_reduce,7,0,-1,3,-1,"48,49,50,51"
ar_l8_tp4_5_6_7,4,-1,100663296,100.663296,all_reduce,640.220069446621,643.033809650178,2.813740203556958,tp_all_reduce,8,1,-1,0,-1,"4,5,6,7"
ar_l9_tp4_5_6_7,4,-1,100663296,100.663296,all_reduce,643.3798568698253,646.1943678632701,2.814510993444874,tp_all_reduce,9,1,-1,0,-1,"4,5,6,7"
ar_l10_tp4_5_6_7,4,-1,100663296,100.663296,all_reduce,646.7002395966787,649.5128418820404,2.8126022853618426,tp_all_reduce,10,1,-1,0,-1,"4,5,6,7"
ar_l11_tp4_5_6_7,4,-1,100663296,100.663296,all_reduce,649.9778914707167,652.7912335446282,2.8133420739114845,tp_all_reduce,11,1,-1,0,-1,"4,5,6,7"
ar_l12_tp4_5_6_7,4,-1,100663296,100.663296,all_reduce,653.3836017836145,656.1964162698644,2.812814486249815,tp_all_reduce,12,1,-1,0,-1,"4,5,6,7"
ar_l13_tp4_5_6_7,4,-1,100663296,100.663296,all_reduce,656.7395014900948,659.5575957064044,2.81809421630963,tp_all_reduce,13,1,-1,0,-1,"4,5,6,7"
ar_l14_tp4_5_6_7,4,-1,100663296,100.663296,all_reduce,660.069457268973,662.8866748480361,2.8172175790630583,tp_all_reduce,14,1,-1,0,-1,"4,5,6,7"
ar_l15_tp4_5_6_7,4,-1,100663296,100.663296,all_reduce,663.3212596912742,666.1342002091833,2.812940517909146,tp_all_reduce,15,1,-1,0,-1,"4,5,6,7"
ar_l8_tp20_21_22_23,20,-1,100663296,100.663296,all_reduce,640.220069446621,643.0378598625649,2.817790415943877,tp_all_reduce,8,1,-1,1,-1,"20,21,22,23"
ar_l9_tp20_21_22_23,20,-1,100663296,100.663296,all_reduce,643.5850132256202,646.3998351085654,2.81482188294524,tp_all_reduce,9,1,-1,1,-1,"20,21,22,23"
ar_l10_tp20_21_22_23,20,-1,100663296,100.663296,all_reduce,646.8238430880579,649.6423513896706,2.8185083016127876,tp_all_reduce,10,1,-1,1,-1,"20,21,22,23"
ar_l11_tp20_21_22_23,20,-1,100663296,100.663296,all_reduce,650.1339701591402,652.9484026454056,2.81443248626545,tp_all_reduce,11,1,-1,1,-1,"20,21,22,23"
ar_l12_tp20_21_22_23,20,-1,100663296,100.663296,all_reduce,653.6024429756067,656.4163901819924,2.813947206385725,tp_all_reduce,12,1,-1,1,-1,"20,21,22,23"
ar_l13_tp20_21_22_23,20,-1,100663296,100.663296,all_reduce,656.7698380783289,659.5829247563497,2.8130866780208263,tp_all_reduce,13,1,-1,1,-1,"20,21,22,23"
ar_l14_tp20_21_22_23,20,-1,100663296,100.663296,all_reduce,660.045795280032,662.8585048193402,2.8127095393081225,tp_all_reduce,14,1,-1,1,-1,"20,21,22,23"
ar_l15_tp20_21_22_23,20,-1,100663296,100.663296,all_reduce,663.314335887228,666.1285248782151,2.8141889909870654,tp_all_reduce,15,1,-1,1,-1,"20,21,22,23"
ar_l8_tp36_37_38_39,36,-1,100663296,100.663296,all_reduce,640.220069446621,643.0346281327293,2.8145586861082483,tp_all_reduce,8,1,-1,2,-1,"36,37,38,39"
ar_l9_tp36_37_38_39,36,-1,100663296,100.663296,all_reduce,643.6186448771023,646.4323355846151,2.813690707512806,tp_all_reduce,9,1,-1,2,-1,"36,37,38,39"
ar_l10_tp36_37_38_39,36,-1,100663296,100.663296,all_reduce,646.892616952278,649.7088526250217,2.8162356727436944,tp_all_reduce,10,1,-1,2,-1,"36,37,38,39"
ar_l11_tp36_37_38_39,36,-1,100663296,100.663296,all_reduce,650.2360402778816,653.0532393713031,2.8171990934215962,tp_all_reduce,11,1,-1,2,-1,"36,37,38,39"
ar_l12_tp36_37_38_39,36,-1,100663296,100.663296,all_reduce,653.4415922571466,656.2573415342359,2.8157492770893855,tp_all_reduce,12,1,-1,2,-1,"36,37,38,39"
ar_l13_tp36_37_38_39,36,-1,100663296,100.663296,all_reduce,656.7290351399,659.5428500510599,2.81381491115984,tp_all_reduce,13,1,-1,2,-1,"36,37,38,39"
ar_l14_tp36_37_38_39,36,-1,100663296,100.663296,all_reduce,659.9282647257226,662.7462733950817,2.8180086693592177,tp_all_reduce,14,1,-1,2,-1,"36,37,38,39"
ar_l15_tp36_37_38_39,36,-1,100663296,100.663296,all_reduce,663.1938709183374,666.0111408517298,2.8172699333923745,tp_all_reduce,15,1,-1,2,-1,"36,37,38,39"
ar_l8_tp52_53_54_55,52,-1,100663296,100.663296,all_reduce,640.220069446621,643.0334280150365,2.8133585684154694,tp_all_reduce,8,1,-1,3,-1,"52,53,54,55"
ar_l9_tp52_53_54_55,52,-1,100663296,100.663296,all_reduce,643.3683821119729,646.1849168563484,2.8165347443754873,tp_all_reduce,9,1,-1,3,-1,"52,53,54,55"
ar_l10_tp52_53_54_55,52,-1,100663296,100.663296,all_reduce,646.6070764685733,649.4234470804677,2.8163706118943255,tp_all_reduce,10,1,-1,3,-1,"52,53,54,55"
ar_l11_tp52_53_54_55,52,-1,100663296,100.663296,all_reduce,649.9979155021124,652.811470952773,2.813555450660643,tp_all_reduce,11,1,-1,3,-1,"52,53,54,55"
ar_l12_tp52_53_54_55,52,-1,100663296,100.663296,all_reduce,653.2432568983683,656.0594282807442,2.816171382375998,tp_all_reduce,12,1,-1,3,-1,"52,53,54,55"
ar_l13_tp52_53_54_55,52,-1,100663296,100.663296,all_reduce,656.5255965473773,659.3424491615878,2.8168526142104966,tp_all_reduce,13,1,-1,3,-1,"52,53,54,55"
ar_l14_tp52_53_54_55,52,-1,100663296,100.663296,all_reduce,659.672693395588,662.4854003572186,2.8127069616306066,tp_all_reduce,14,1,-1,3,-1,"52,53,54,55"
ar_l15_tp52_53_54_55,52,-1,100663296,100.663296,all_reduce,663.0348512064603,665.8502540602472,2.815402853786786,tp_all_reduce,15,1,-1,3,-1,"52,53,54,55"
p2p_fwd_mb6_s1_dp0,4,8,67108864,67.108864,p2p,666.637966422728,667.8902942229341,1.2523278002061211,pp_forward,1,1,2,0,0,"4,8"
p2p_fwd_mb6_s1_dp1,20,24,67108864,67.108864,p2p,666.637966422728,667.8902942229341,1.2523278002061211,pp_forward,1,1,2,1,1,"20,24"
p2p_fwd_mb6_s1_dp2,36,40,67108864,67.108864,p2p,666.637966422728,667.8902942229341,1.2523278002061211,pp_forward,1,1,2,2,2,"36,40"
p2p_fwd_mb6_s1_dp3,52,56,67108864,67.108864,p2p,666.637966422728,667.8902942229341,1.2523278002061211,pp_forward,1,1,2,3,3,"52,56"
ar_l16_tp8_9_10_11,8,-1,100663296,100.663296,all_reduce,609.2605361280571,612.0779286042741,2.81739247621704,tp_all_reduce,16,2,-1,0,-1,"8,9,10,11"
ar_l17_tp8_9_10_11,8,-1,100663296,100.663296,all_reduce,618.7600000809146,621.5776270495601,2.8176269686455147,tp_all_reduce,17,2,-1,0,-1,"8,9,10,11"
ar_l18_tp8_9_10_11,8,-1,100663296,100.663296,all_reduce,625.4805599558246,628.2969111147623,2.8163511589378576,tp_all_reduce,18,2,-1,0,-1,"8,9,10,11"
ar_l19_tp8_9_10_11,8,-1,100663296,100.663296,all_reduce,635.4924249356038,638.3082531233474,2.8158281877435076,tp_all_reduce,19,2,-1,0,-1,"8,9,10,11"
ar_l20_tp8_9_10_11,8,-1,100663296,100.663296,all_reduce,642.2445163052187,645.0598737722385,2.8153574670198855,tp_all_reduce,20,2,-1,0,-1,"8,9,10,11"
ar_l21_tp8_9_10_11,8,-1,100663296,100.663296,all_reduce,652.4854952393139,655.3033900473376,2.8178948080237465,tp_all_reduce,21,2,-1,0,-1,"8,9,10,11"
ar_l22_tp8_9_10_11,8,-1,100663296,100.663296,all_reduce,659.3030625911813,662.1193934671294,2.8163308759480143,tp_all_reduce,22,2,-1,0,-1,"8,9,10,11"
ar_l23_tp8_9_10_11,8,-1,100663296,100.663296,all_reduce,669.0725325492564,671.889645946527,2.817113397270643,tp_all_reduce,23,2,-1,0,-1,"8,9,10,11"
ar_l16_tp24_25_26_27,24,-1,100663296,100.663296,all_reduce,609.2605361280571,612.0784601225896,2.817923994532512,tp_all_reduce,16,2,-1,1,-1,"24,25,26,27"
ar_l17_tp24_25_26_27,24,-1,100663296,100.663296,all_reduce,619.0837296764073,621.8982061129649,2.8144764365575226,tp_all_reduce,17,2,-1,1,-1,"24,25,26,27"
ar_l18_tp24_25_26_27,24,-1,100663296,100.663296,all_reduce,625.3879231472539,628.2064453573595,2.8185222101055896,tp_all_reduce,18,2,-1,1,-1,"24,25,26,27"
ar_l19_tp24_25_26_27,24,-1,100663296,100.663296,all_reduce,635.4179494832902,638.2349263874044,2.816976904114199,tp_all_reduce,19,2,-1,1,-1,"24,25,26,27"
ar_l20_tp24_25_26_27,24,-1,100663296,100.663296,all_reduce,641.918736564418,644.734651474454,2.815914910036077,tp_all_reduce,20,2,-1,1,-1,"24,25,26,27"
ar_l21_tp24_25_26_27,24,-1,100663296,100.663296,all_reduce,652.2025004284162,655.0164782771931,2.813977848776905,tp_all_reduce,21,2,-1,1,-1,"24,25,26,27"
ar_l22_tp24_25_26_27,24,-1,100663296,100.663296,all_reduce,658.7670532745332,661.5840674393362,2.8170141648029556,tp_all_reduce,22,2,-1,1,-1,"24,25,26,27"
ar_l23_tp24_25_26_27,24,-1,100663296,100.663296,all_reduce,668.631493980327,671.4459448457471,2.814450865420093,tp_all_reduce,23,2,-1,1,-1,"24,25,26,27"
ar_l16_tp40_41_42_43,40,-1,100663296,100.663296,all_reduce,609.2605361280571,612.078788644423,2.8182525163659156,tp_all_reduce,16,2,-1,2,-1,"40,41,42,43"
ar_l17_tp40_41_42_43,40,-1,100663296,100.663296,all_reduce,619.5496865641211,622.3681925768285,2.818506012707389,tp_all_reduce,17,2,-1,2,-1,"40,41,42,43"
ar_l18_tp40_41_42_43,40,-1,100663296,100.663296,all_reduce,626.2117605902571,629.029934001573,2.8181734113159607,tp_all_reduce,18,2,-1,2,-1,"40,41,42,43"
ar_l19_tp40_41_42_43,40,-1,100663296,100.663296,all_reduce,636.3404055592711,639.1534961331671,2.8130905738960044,tp_all_reduce,19,2,-1,2,-1,"40,41,42,43"
ar_l20_tp40_41_42_43,40,-1,100663296,100.663296,all_reduce,642.86922559565,645.6821053591278,2.8128797634777714,tp_all_reduce,20,2,-1,2,-1,"40,41,42,43"
ar_l21_tp40_41_42_43,40,-1,100663296,100.663296,all_reduce,652.7759815805048,655.5923028683003,2.81632128779552,tp_all_reduce,21,2,-1,2,-1,"40,41,42,43"
ar_l22_tp40_41_42_43,40,-1,100663296,100.663296,all_reduce,659.5842437952062,662.402340389192,2.818096593985797,tp_all_reduce,22,2,-1,2,-1,"40,41,42,43"
ar_l23_tp40_41_42_43,40,-1,100663296,100.663296,all_reduce,669.5705334262603,672.3859837001958,2.8154502739353715,tp_all_reduce,23,2,-1,2,-1,"40,41,42,43"
ar_l16_tp56_57_58_59,56,-1,100663296,100.663296,all_reduce,609.2605361280571,612.0763718003542,2.815835672297151,tp_all_reduce,16,2,-1,3,-1,"56,57,58,59"
ar_l17_tp56_57_58_59,56,-1,100663296,100.663296,all_reduce,619.3058763904127,622.1227482834335,2.8168718930208225,tp_all_reduce,17,2,-1,3,-1,"56,57,58,59"
ar_l18_tp56_57_58_59,56,-1,100663296,100.663296,all_reduce,626.1827466378445,629.0011527867129,2.818406148868413,tp_all_reduce,18,2,-1,3,-1,"56,57,58,59"
ar_l19_tp56_57_58_59,56,-1,100663296,100.663296,all_reduce,635.7843349394738,638.6004541892639,2.8161192497901943,tp_all_reduce,19,2,-1,3,-1,"56,57,58,59"
ar_l20_tp56_57_58_59,56,-1,100663296,100.663296,all_reduce,642.1836392801952,644.9973184567747,2.8136791765794866,tp_all_reduce,20,2,-1,3,-1,"56,57,58,59"
ar_l21_tp56_57_58_59,56,-1,100663296,100.663296,all_reduce,652.213686162203,655.0312271034987,2.8175409412957153,tp_all_reduce,21,2,-1,3,-1,"56,57,58,59"
ar_l22_tp56_57_58_59,56,-1,100663296,100.663296,all_reduce,658.7024366125997,661.5196200938573,2.817183481257479,tp_all_reduce,22,2,-1,3,-1,"56,57,58,59"
ar_l23_tp56_57_58_59,56,-1,100663296,100.663296,all_reduce,668.5851129875286,671.4036352737767,2.8185222862480153,tp_all_reduce,23,2,-1,3,-1,"56,57,58,59"
p2p_bwd_mb4_s2_dp0,8,4,67108864,67.108864,p2p,676.085137084725,677.3374250797006,1.252287994975454,pp_backward,2,2,1,0,0,"8,4"
p2p_bwd_mb4_s2_dp1,24,20,67108864,67.108864,p2p,676.085137084725,677.3374250797006,1.252287994975454,pp_backward,2,2,1,1,1,"24,20"
p2p_bwd_mb4_s2_dp2,40,36,67108864,67.108864,p2p,676.085137084725,677.3374250797006,1.252287994975454,pp_backward,2,2,1,2,2,"40,36"
p2p_bwd_mb4_s2_dp3,56,52,67108864,67.108864,p2p,676.085137084725,677.3374250797006,1.252287994975454,pp_backward,2,2,1,3,3,"56,52"
ar_l24_tp12_13_14_15,12,-1,100663296,100.663296,all_reduce,609.2605361280571,612.0743583046622,2.8138221766050853,tp_all_reduce,24,3,-1,0,-1,"12,13,14,15"
ar_l25_tp12_13_14_15,12,-1,100663296,100.663296,all_reduce,612.7211104424767,615.5388195518094,2.8177091093326556,tp_all_reduce,25,3,-1,0,-1,"12,13,14,15"
ar_l26_tp12_13_14_15,12,-1,100663296,100.663296,all_reduce,616.135659093736,618.9539210472881,2.818261953552059,tp_all_reduce,26,3,-1,0,-1,"12,13,14,15"
ar_l27_tp12_13_14_15,12,-1,100663296,100.663296,all_reduce,619.5822495429353,622.3995441521058,2.817294609170573,tp_all_reduce,27,3,-1,0,-1,"12,13,14,15"
ar_l28_tp12_13_14_15,12,-1,100663296,100.663296,all_reduce,622.818886187558,625.6315898397063,2.812703652148363,tp_all_reduce,28,3,-1,0,-1,"12,13,14,15"
ar_l29_tp12_13_14_15,12,-1,100663296,100.663296,all_reduce,626.0161058019542,628.8290759152985,2.8129701133444707,tp_all_reduce,29,3,-1,0,-1,"12,13,14,15"
ar_l30_tp12_13_14_15,12,-1,100663296,100.663296,all_reduce,629.4310817281365,632.2493662381604,2.8182845100238607,tp_all_reduce,30,3,-1,0,-1,"12,13,14,15"
ar_l31_tp12_13_14_15,12,-1,100663296,100.663296,all_reduce,632.8925314250982,635.7104987167555,2.817967291657286,tp_all_reduce,31,3,-1,0,-1,"12,13,14,15"
ar_l24_tp28_29_30_31,28,-1,100663296,100.663296,all_reduce,609.2605361280571,612.0774867445001,2.816950616443048,tp_all_reduce,24,3,-1,1,-1,"28,29,30,31"
ar_l25_tp28_29_30_31,28,-1,100663296,100.663296,all_reduce,612.5083722875395,615.3262787507903,2.8179064632507522,tp_all_reduce,25,3,-1,1,-1,"28,29,30,31"
ar_l26_tp28_29_30_31,28,-1,100663296,100.663296,all_reduce,615.8504944842915,618.6677793248064,2.8172848405148,tp_all_reduce,26,3,-1,1,-1,"28,29,30,31"
ar_l27_tp28_29_30_31,28,-1,100663296,100.663296,all_reduce,619.2528120592774,622.0656659194655,2.812853860188036,tp_all_reduce,27,3,-1,1,-1,"28,29,30,31"
ar_l28_tp28_29_30_31,28,-1,100663296,100.663296,all_reduce,622.5221458561894,625.3385178030363,2.8163719468469184,tp_all_reduce,28,3,-1,1,-1,"28,29,30,31"
ar_l29_tp28_29_30_31,28,-1,100663296,100.663296,all_reduce,625.8976064112647,628.7123438539353,2.8147374426704674,tp_all_reduce,29,3,-1,1,-1,"28,29,30,31"
ar_l30_tp28_29_30_31,28,-1,100663296,100.663296,all_reduce,629.1498006760027,631.966399304674,2.8165986286713407,tp_all_reduce,30,3,-1,1,-1,"28,29,30,31"
ar_l31_tp28_29_30_31,28,-1,100663296,100.663296,all_reduce,632.3195520918357,635.1324924761059,2.8129403842702683,tp_all_reduce,31,3,-1,1,-1,"28,29,30,31"
ar_l24_tp44_45_46_47,44,-1,100663296,100.663296,all_reduce,609.2605361280571,612.0758126815351,2.815276553478019,tp_all_reduce,24,3,-1,2,-1,"44,45,46,47"
ar_l25_tp44_45_46_47,44,-1,100663296,100.663296,all_reduce,612.4993899947889,615.3177929736945,2.8184029789055653,tp_all_reduce,25,3,-1,2,-1,"44,45,46,47"
ar_l26_tp44_45_46_47,44,-1,100663296,100.663296,all_reduce,615.8221179826877,618.6370713492056,2.814953366517936,tp_all_reduce,26,3,-1,2,-1,"44,45,46,47"
ar_l27_tp44_45_46_47,44,-1,100663296,100.663296,all_reduce,619.0127435772371,621.8274564180155,2.8147128407783883,tp_all_reduce,27,3,-1,2,-1,"44,45,46,47"
ar_l28_tp44_45_46_47,44,-1,100663296,100.663296,all_reduce,622.4023636213133,625.2158926064244,2.8135289851111134,tp_all_reduce,28,3,-1,2,-1,"44,45,46,47"
ar_l29_tp44_45_46_47,44,-1,100663296,100.663296,all_reduce,625.6846558378394,628.4976114089106,2.8129555710713072,tp_all_reduce,29,3,-1,2,-1,"44,45,46,47"
ar_l30_tp44_45_46_47,44,-1,100663296,100.663296,all_reduce,629.1566433846378,631.9700222492984,2.8133788646604874,tp_all_reduce,30,3,-1,2,-1,"44,45,46,47"
ar_l31_tp44_45_46_47,44,-1,100663296,100.663296,all_reduce,632.4952265017453,635.3078798325218,2.8126533307765156,tp_all_reduce,31,3,-1,2,-1,"44,45,46,47"
ar_l24_tp60_61_62_63,60,-1,100663296,100.663296,all_reduce,609.2605361280571,612.073887462407,2.8133513343499006,tp_all_reduce,24,3,-1,3,-1,"60,61,62,63"
ar_l25_tp60_61_62_63,60,-1,100663296,100.663296,all_reduce,612.4874748423176,615.3052590737996,2.8177842314819346,tp_all_reduce,25,3,-1,3,-1,"60,61,62,63"
ar_l26_tp60_61_62_63,60,-1,100663296,100.663296,all_reduce,615.8255629289279,618.6390717341359,2.8135088052080315,tp_all_reduce,26,3,-1,3,-1,"60,61,62,63"
ar_l27_tp60_61_62_63,60,-1,100663296,100.663296,all_reduce,619.3021257162897,622.1181855216109,2.8160598053212915,tp_all_reduce,27,3,-1,3,-1,"60,61,62,63"
ar_l28_tp60_61_62_63,60,-1,100663296,100.663296,all_reduce,622.5835292680138,625.4001704217407,2.8166411537269287,tp_all_reduce,28,3,-1,3,-1,"60,61,62,63"
ar_l29_tp60_61_62_63,60,-1,100663296,100.663296,all_reduce,625.8165263734172,628.6328190003887,2.8162926269714728,tp_all_reduce,29,3,-1,3,-1,"60,61,62,63"
ar_l30_tp60_61_62_63,60,-1,100663296,100.663296,all_reduce,629.2180030607221,632.0364691647529,2.8184661040308034,tp_all_reduce,30,3,-1,3,-1,"60,61,62,63"
ar_l31_tp60_61_62_63,60,-1,100663296,100.663296,all_reduce,632.6046741746488,635.4177906689986,2.8131164943497877,tp_all_reduce,31,3,-1,3,-1,"60,61,62,63"
ar_l0_tp0_1_2_3,0,-1,100663296,100.663296,all_reduce,707.5022956188767,710.3196248133204,2.817329194443663,tp_all_reduce,0,0,-1,0,-1,"0,1,2,3"
ar_l1_tp0_1_2_3,0,-1,100663296,100.663296,all_reduce,710.9014960134905,713.7156027460006,2.8141067325101465,tp_all_reduce,1,0,-1,0,-1,"0,1,2,3"
ar_l2_tp0_1_2_3,0,-1,100663296,100.663296,all_reduce,714.1309386772394,716.9466909075019,2.815752230262425,tp_all_reduce,2,0,-1,0,-1,"0,1,2,3"
ar_l3_tp0_1_2_3,0,-1,100663296,100.663296,all_reduce,717.306264926528,720.1208785563185,2.814613629790519,tp_all_reduce,3,0,-1,0,-1,"0,1,2,3"
ar_l4_tp0_1_2_3,0,-1,100663296,100.663296,all_reduce,720.5853437698429,723.4030185111923,2.8176747413494185,tp_all_reduce,4,0,-1,0,-1,"0,1,2,3"
ar_l5_tp0_1_2_3,0,-1,100663296,100.663296,all_reduce,724.0159828308022,726.8323984013865,2.8164155705843186,tp_all_reduce,5,0,-1,0,-1,"0,1,2,3"
ar_l6_tp0_1_2_3,0,-1,100663296,100.663296,all_reduce,727.3611906545,730.1737443853182,2.8125537308181237,tp_all_reduce,6,0,-1,0,-1,"0,1,2,3"
ar_l7_tp0_1_2_3,0,-1,100663296,100.663296,all_reduce,730.641319083868,733.4577936074096,2.816474523541612,tp_all_reduce,7,0,-1,0,-1,"0,1,2,3"
ar_l0_tp16_17_18_19,16,-1,100663296,100.663296,all_reduce,707.5035537724269,710.3205180101438,2.8169642377169346,tp_all_reduce,0,0,-1,1,-1,"16,17,18,19"
ar_l1_tp16_17_18_19,16,-1,100663296,100.663296,all_reduce,710.9229335316522,713.7382309327792,2.8152974011269594,tp_all_reduce,1,0,-1,1,-1,"16,17,18,19"
ar_l2_tp16_17_18_19,16,-1,100663296,100.663296,all_reduce,714.386462188592,717.2004557250289,2.813993536436965,tp_all_reduce,2,0,-1,1,-1,"16,17,18,19"
ar_l3_tp16_17_18_19,16,-1,100663296,100.663296,all_reduce,717.5484911998549,720.364221585772,2.8157303859172034,tp_all_reduce,3,0,-1,1,-1,"16,17,18,19"
ar_l4_tp16_17_18_19,16,-1,100663296,100.663296,all_reduce,720.7317076238986,723.5445973117774,2.812889687878739,tp_all_reduce,4,0,-1,1,-1,"16,17,18,19"
ar_l5_tp16_17_18_19,16,-1,100663296,100.663296,all_reduce,724.1313681401134,726.9476458954982,2.816277755384844,tp_all_reduce,5,0,-1,1,-1,"16,17,18,19"
ar_l6_tp16_17_18_19,16,-1,100663296,100.663296,all_reduce,727.5868542458977,730.4021356356251,2.815281389727309,tp_all_reduce,6,0,-1,1,-1,"16,17,18,19"
ar_l7_tp16_17_18_19,16,-1,100663296,100.663296,all_reduce,730.9538694820993,733.7674551758597,2.8135856937604453,tp_all_reduce,7,0,-1,1,-1,"16,17,18,19"
ar_l0_tp32_33_34_35,32,-1,100663296,100.663296,all_reduce,707.5022001690228,710.3170779581674,2.8148777891445764,tp_all_reduce,0,0,-1,2,-1,"32,33,34,35"
ar_l1_tp32_33_34_35,32,-1,100663296,100.663296,all_reduce,710.8037812456932,713.6215659122344,2.8177846665411455,tp_all_reduce,1,0,-1,2,-1,"32,33,34,35"
ar_l2_tp32_33_34_35,32,-1,100663296,100.663296,all_reduce,714.0115344064852,716.824805078582,2.8132706720968015,tp_all_reduce,2,0,-1,2,-1,"32,33,34,35"
ar_l3_tp32_33_34_35,32,-1,100663296,100.663296,all_reduce,717.2631477154412,720.0771899051948,2.814042189753674,tp_all_reduce,3,0,-1,2,-1,"32,33,34,35"
ar_l4_tp32_33_34_35,32,-1,100663296,100.663296,all_reduce,720.4908987816086,723.3075051982781,2.816606416669476,tp_all_reduce,4,0,-1,2,-1,"32,33,34,35"
ar_l5_tp32_33_34_35,32,-1,100663296,100.663296,all_reduce,723.6440910419182,726.4623884654579,2.818297423539784,tp_all_reduce,5,0,-1,2,-1,"32,33,34,35"
ar_l6_tp32_33_34_35,32,-1,100663296,100.663296,all_reduce,727.0246674000091,729.84071758236,2.816050182350871,tp_all_reduce,6,0,-1,2,-1,"32,33,34,35"
ar_l7_tp32_33_34_35,32,-1,100663296,100.663296,all_reduce,730.38505267468,733.2030014566684,2.8179487819883775,tp_all_reduce,7,0,-1,2,-1,"32,33,34,35"
ar_l0_tp48_49_50_51,48,-1,100663296,100.663296,all_reduce,707.5036342356506,710.3217051386304,2.818070902979808,tp_all_reduce,0,0,-1,3,-1,"48,49,50,51"
ar_l1_tp48_49_50_51,48,-1,100663296,100.663296,all_reduce,710.9155694265356,713.7323936147105,2.81682418817486,tp_all_reduce,1,0,-1,3,-1,"48,49,50,51"
ar_l2_tp48_49_50_51,48,-1,100663296,100.663296,all_reduce,714.3771103310173,717.1954991358817,2.8183888048644024,tp_all_reduce,2,0,-1,3,-1,"48,49,50,51"
ar_l3_tp48_49_50_51,48,-1,100663296,100.663296,all_reduce,717.7366386491432,720.5517684331974,2.8151297840541822,tp_all_reduce,3,0,-1,3,-1,"48,49,50,51"
ar_l4_tp48_49_50_51,48,-1,100663296,100.663296,all_reduce,720.9005170474171,723.7138751807033,2.8133581332862034,tp_all_reduce,4,0,-1,3,-1,"48,49,50,51"
ar_l5_tp48_49_50_51,48,-1,100663296,100.663296,all_reduce,724.2922416071234,727.1101508822268,2.817909275103392,tp_all_reduce,5,0,-1,3,-1,"48,49,50,51"
ar_l6_tp48_49_50_51,48,-1,100663296,100.663296,all_reduce,727.7476926355469,730.5644185782753,2.8167259427284153,tp_all_reduce,6,0,-1,3,-1,"48,49,50,51"
ar_l7_tp48_49_50_51,48,-1,100663296,100.663296,all_reduce,731.1330862073991,733.9479397721749,2.8148535647758433,tp_all_reduce,7,0,-1,3,-1,"48,49,50,51"
p2p_fwd_mb7_s0_dp0,0,4,67108864,67.108864,p2p,734.4964772786732,735.7470910136562,1.2506137349830304,pp_forward,0,0,1,0,0,"0,4"
p2p_fwd_mb7_s0_dp1,16,20,67108864,67.108864,p2p,734.4964772786732,735.7470910136562,1.2506137349830304,pp_forward,0,0,1,1,1,"16,20"
p2p_fwd_mb7_s0_dp2,32,36,67108864,67.108864,p2p,734.4964772786732,735.7470910136562,1.2506137349830304,pp_forward,0,0,1,2,2,"32,36"
p2p_fwd_mb7_s0_dp3,48,52,67108864,67.108864,p2p,734.4964772786732,735.7470910136562,1.2506137349830304,pp_forward,0,0,1,3,3,"48,52"
ar_l8_tp4_5_6_7,4,-1,100663296,100.663296,all_reduce,677.3374250797006,680.151947821354,2.8145227416535024,tp_all_reduce,8,1,-1,0,-1,"4,5,6,7"
ar_l9_tp4_5_6_7,4,-1,100663296,100.663296,all_reduce,687.2304034243164,690.0474200192288,2.8170165949122916,tp_all_reduce,9,1,-1,0,-1,"4,5,6,7"
ar_l10_tp4_5_6_7,4,-1,100663296,100.663296,all_reduce,693.5480474955116,696.364632014042,2.816584518530396,tp_all_reduce,10,1,-1,0,-1,"4,5,6,7"
ar_l11_tp4_5_6_7,4,-1,100663296,100.663296,all_reduce,703.5150994586613,706.3288373591042,2.8137379004429253,tp_all_reduce,11,1,-1,0,-1,"4,5,6,7"
ar_l12_tp4_5_6_7,4,-1,100663296,100.663296,all_reduce,710.1723011939478,712.9883670655615,2.81606587161376,tp_all_reduce,12,1,-1,0,-1,"4,5,6,7"
ar_l13_tp4_5_6_7,4,-1,100663296,100.663296,all_reduce,720.2150367680067,723.0303190416987,2.815282273691988,tp_all_reduce,13,1,-1,0,-1,"4,5,6,7"
ar_l14_tp4_5_6_7,4,-1,100663296,100.663296,all_reduce,726.5789295182082,729.3930040674767,2.8140745492685193,tp_all_reduce,14,1,-1,0,-1,"4,5,6,7"
ar_l15_tp4_5_6_7,4,-1,100663296,100.663296,all_reduce,736.4107648210692,739.2269377840374,2.816172962968322,tp_all_reduce,15,1,-1,0,-1,"4,5,6,7"
ar_l8_tp20_21_22_23,20,-1,100663296,100.663296,all_reduce,677.3374250797006,680.1556434871474,2.818218407446893,tp_all_reduce,8,1,-1,1,-1,"20,21,22,23"
ar_l9_tp20_21_22_23,20,-1,100663296,100.663296,all_reduce,687.6048118200678,690.4230786384337,2.8182668183659443,tp_all_reduce,9,1,-1,1,-1,"20,21,22,23"
ar_l10_tp20_21_22_23,20,-1,100663296,100.663296,all_reduce,694.1651514660531,696.9836485441278,2.8184970780747998,tp_all_reduce,10,1,-1,1,-1,"20,21,22,23"
ar_l11_tp20_21_22_23,20,-1,100663296,100.663296,all_reduce,704.2291682137687,707.0437217855731,2.814553571804379,tp_all_reduce,11,1,-1,1,-1,"20,21,22,23"
ar_l12_tp20_21_22_23,20,-1,100663296,100.663296,all_reduce,710.8601109379455,713.6779495995829,2.8178386616375395,tp_all_reduce,12,1,-1,1,-1,"20,21,22,23"
ar_l13_tp20_21_22_23,20,-1,100663296,100.663296,all_reduce,720.7444965010673,723.5594279682348,2.814931467167492,tp_all_reduce,13,1,-1,1,-1,"20,21,22,23"
ar_l14_tp20_21_22_23,20,-1,100663296,100.663296,all_reduce,727.4347971755856,730.2528492527991,2.8180520772135287,tp_all_reduce,14,1,-1,1,-1,"20,21,22,23"
ar_l15_tp20_21_22_23,20,-1,100663296,100.663296,all_reduce,737.209519924616,740.0235867172474,2.81406679263152,tp_all_reduce,15,1,-1,1,-1,"20,21,22,23"
ar_l8_tp36_37_38_39,36,-1,100663296,100.663296,all_reduce,677.3374250797006,680.1533631590443,2.8159380793437716,tp_all_reduce,8,1,-1,2,-1,"36,37,38,39"
ar_l9_tp36_37_38_39,36,-1,100663296,100.663296,all_reduce,687.5682250796569,690.385182090752,2.816957011094967,tp_all_reduce,9,1,-1,2,-1,"36,37,38,39"
ar_l10_tp36_37_38_39,36,-1,100663296,100.663296,all_reduce,693.96036707989,696.7777221173396,2.8173550374496203,tp_all_reduce,10,1,-1,2,-1,"36,37,38,39"
ar_l11_tp36_37_38_39,36,-1,100663296,100.663296,all_reduce,704.0818644749478,706.8962285207576,2.814364045809814,tp_all_reduce,11,1,-1,2,-1,"36,37,38,39"
ar_l12_tp36_37_38_39,36,-1,100663296,100.663296,all_reduce,710.7012922190227,713.5189155736024,2.8176233545796903,tp_all_reduce,12,1,-1,2,-1,"36,37,38,39"
ar_l13_tp36_37_38_39,36,-1,100663296,100.663296,all_reduce,720.6422682400438,723.4591289748048,2.816860734761062,tp_all_reduce,13,1,-1,2,-1,"36,37,38,39"
ar_l14_tp36_37_38_39,36,-1,100663296,100.663296,all_reduce,726.9559202803123,729.7686701387241,2.812749858411845,tp_all_reduce,14,1,-1,2,-1,"36,37,38,39"
ar_l15_tp36_37_38_39,36,-1,100663296,100.663296,all_reduce,736.767009367217,739.5854849325947,2.8184755653776206,tp_all_reduce,15,1,-1,2,-1,"36,37,38,39"
ar_l8_tp52_53_54_55,52,-1,100663296,100.663296,all_reduce,677.3374250797006,680.1502771864667,2.812852106766184,tp_all_reduce,8,1,-1,3,-1,"52,53,54,55"
ar_l9_tp52_53_54_55,52,-1,100663296,100.663296,all_reduce,687.2777984913392,690.0914544517522,2.813655960412942,tp_all_reduce,9,1,-1,3,-1,"52,53,54,55"
ar_l10_tp52_53_54_55,52,-1,100663296,100.663296,all_reduce,694.1824475446949,696.9961894062079,2.813741861512953,tp_all_reduce,10,1,-1,3,-1,"52,53,54,55"
ar_l11_tp52_53_54_55,52,-1,100663296,100.663296,all_reduce,704.0895935487499,706.9038367898715,2.8142432411216722,tp_all_reduce,11,1,-1,3,-1,"52,53,54,55"
ar_l12_tp52_53_54_55,52,-1,100663296,100.663296,all_reduce,710.9461073943696,713.761769861097,2.8156624667274865,tp_all_reduce,12,1,-1,3,-1,"52,53,54,55"
ar_l13_tp52_53_54_55,52,-1,100663296,100.663296,all_reduce,720.5140914500221,723.3270380454795,2.8129465954573885,tp_all_reduce,13,1,-1,3,-1,"52,53,54,55"
ar_l14_tp52_53_54_55,52,-1,100663296,100.663296,all_reduce,727.1604821167901,729.9755306261269,2.8150485093366706,tp_all_reduce,14,1,-1,3,-1,"52,53,54,55"
ar_l15_tp52_53_54_55,52,-1,100663296,100.663296,all_reduce,737.3477503388392,740.1628739023118,2.815123563472577,tp_all_reduce,15,1,-1,3,-1,"52,53,54,55"
p2p_bwd_mb4_s1_dp0,4,0,67108864,67.108864,p2p,744.2736983921267,745.5246573247158,1.2509589325891968,pp_backward,1,1,0,0,0,"4,0"
p2p_bwd_mb4_s1_dp1,20,16,67108864,67.108864,p2p,744.2736983921267,745.5246573247158,1.2509589325891968,pp_backward,1,1,0,1,1,"20,16"
p2p_bwd_mb4_s1_dp2,36,32,67108864,67.108864,p2p,744.2736983921267,745.5246573247158,1.2509589325891968,pp_backward,1,1,0,2,2,"36,32"
p2p_bwd_mb4_s1_dp3,52,48,67108864,67.108864,p2p,744.2736983921267,745.5246573247158,1.2509589325891968,pp_backward,1,1,0,3,3,"52,48"
ar_l16_tp8_9_10_11,8,-1,100663296,100.663296,all_reduce,677.3374250797006,680.1522545821662,2.814829502465699,tp_all_reduce,16,2,-1,0,-1,"8,9,10,11"
ar_l17_tp8_9_10_11,8,-1,100663296,100.663296,all_reduce,680.716364324777,683.5326486741246,2.816284349347664,tp_all_reduce,17,2,-1,0,-1,"8,9,10,11"
ar_l18_tp8_9_10_11,8,-1,100663296,100.663296,all_reduce,684.1250925240331,686.9426867984989,2.817594274465818,tp_all_reduce,18,2,-1,0,-1,"8,9,10,11"
ar_l19_tp8_9_10_11,8,-1,100663296,100.663296,all_reduce,687.3298189687212,690.1429030975063,2.813084128785115,tp_all_reduce,19,2,-1,0,-1,"8,9,10,11"
ar_l20_tp8_9_10_11,8,-1,100663296,100.663296,all_reduce,690.7015033154671,693.5188329094556,2.8173295939885046,tp_all_reduce,20,2,-1,0,-1,"8,9,10,11"
ar_l21_tp8_9_10_11,8,-1,100663296,100.663296,all_reduce,693.8837692662931,696.699799183224,2.816029916930751,tp_all_reduce,21,2,-1,0,-1,"8,9,10,11"
ar_l22_tp8_9_10_11,8,-1,100663296,100.663296,all_reduce,697.2034953614266,700.0181293477534,2.8146339863268643,tp_all_reduce,22,2,-1,0,-1,"8,9,10,11"
ar_l23_tp8_9_10_11,8,-1,100663296,100.663296,all_reduce,700.419462653303,703.232957636448,2.813494983145093,tp_all_reduce,23,2,-1,0,-1,"8,9,10,11"
ar_l16_tp24_25_26_27,24,-1,100663296,100.663296,all_reduce,677.3374250797006,680.1519792241445,2.8145541444439814,tp_all_reduce,16,2,-1,1,-1,"24,25,26,27"
ar_l17_tp24_25_26_27,24,-1,100663296,100.663296,all_reduce,680.7039084503888,683.5164561986227,2.812547748233918,tp_all_reduce,17,2,-1,1,-1,"24,25,26,27"
ar_l18_tp24_25_26_27,24,-1,100663296,100.663296,all_reduce,683.855247959064,686.671166223401,2.815918264337025,tp_all_reduce,18,2,-1,1,-1,"24,25,26,27"
ar_l19_tp24_25_26_27,24,-1,100663296,100.663296,all_reduce,687.2033046688163,690.0167201411214,2.8134154723050697,tp_all_reduce,19,2,-1,1,-1,"24,25,26,27"
ar_l20_tp24_25_26_27,24,-1,100663296,100.663296,all_reduce,690.5059639771391,693.3240498751461,2.818085898006917,tp_all_reduce,20,2,-1,1,-1,"24,25,26,27"
ar_l21_tp24_25_26_27,24,-1,100663296,100.663296,all_reduce,693.8613225845035,696.6792305852347,2.8179080007311175,tp_all_reduce,21,2,-1,1,-1,"24,25,26,27"
ar_l22_tp24_25_26_27,24,-1,100663296,100.663296,all_reduce,697.2702545380225,700.0882080100203,2.8179534719977584,tp_all_reduce,22,2,-1,1,-1,"24,25,26,27"
ar_l23_tp24_25_26_27,24,-1,100663296,100.663296,all_reduce,700.5838684787374,703.397052736197,2.813184257459689,tp_all_reduce,23,2,-1,1,-1,"24,25,26,27"
ar_l16_tp40_41_42_43,40,-1,100663296,100.663296,all_reduce,677.3374250797006,680.1520852665335,2.8146601868329624,tp_all_reduce,16,2,-1,2,-1,"40,41,42,43"
ar_l17_tp40_41_42_43,40,-1,100663296,100.663296,all_reduce,680.8128463464122,683.6286276964719,2.815781350059665,tp_all_reduce,17,2,-1,2,-1,"40,41,42,43"
ar_l18_tp40_41_42_43,40,-1,100663296,100.663296,all_reduce,684.2612197919439,687.0738164526861,2.8125966607421837,tp_all_reduce,18,2,-1,2,-1,"40,41,42,43"
ar_l19_tp40_41_42_43,40,-1,100663296,100.663296,all_reduce,687.5979985579829,690.4126220276423,2.8146234696594385,tp_all_reduce,19,2,-1,2,-1,"40,41,42,43"
ar_l20_tp40_41_42_43,40,-1,100663296,100.663296,all_reduce,690.8246734960807,693.6397280090044,2.8150545129237425,tp_all_reduce,20,2,-1,2,-1,"40,41,42,43"
ar_l21_tp40_41_42_43,40,-1,100663296,100.663296,all_reduce,694.1542571308873,696.971548390844,2.817291259956667,tp_all_reduce,21,2,-1,2,-1,"40,41,42,43"
ar_l22_tp40_41_42_43,40,-1,100663296,100.663296,all_reduce,697.3717122828492,700.1893955086725,2.8176832258233198,tp_all_reduce,22,2,-1,2,-1,"40,41,42,43"
ar_l23_tp40_41_42_43,40,-1,100663296,100.663296,all_reduce,700.6022647466982,703.4176291097685,2.815364363070394,tp_all_reduce,23,2,-1,2,-1,"40,41,42,43"
ar_l16_tp56_57_58_59,56,-1,100663296,100.663296,all_reduce,677.3374250797006,680.1502764898229,2.81285141012233,tp_all_reduce,16,2,-1,3,-1,"56,57,58,59"
ar_l17_tp56_57_58_59,56,-1,100663296,100.663296,all_reduce,680.5624127537194,683.3787353500898,2.8163225963703242,tp_all_reduce,17,2,-1,3,-1,"56,57,58,59"
ar_l18_tp56_57_58_59,56,-1,100663296,100.663296,all_reduce,683.8094107014058,686.6279104637523,2.8184997623464936,tp_all_reduce,18,2,-1,3,-1,"56,57,58,59"
ar_l19_tp56_57_58_59,56,-1,100663296,100.663296,all_reduce,687.2459879982433,690.0586339194458,2.81264592120245,tp_all_reduce,19,2,-1,3,-1,"56,57,58,59"
ar_l20_tp56_57_58_59,56,-1,100663296,100.663296,all_reduce,690.689038999089,693.5032305029981,2.814191503909158,tp_all_reduce,20,2,-1,3,-1,"56,57,58,59"
ar_l21_tp56_57_58_59,56,-1,100663296,100.663296,all_reduce,694.0305306465337,696.843307565629,2.8127769190952057,tp_all_reduce,21,2,-1,3,-1,"56,57,58,59"
ar_l22_tp56_57_58_59,56,-1,100663296,100.663296,all_reduce,697.3357723592821,700.1490181235663,2.8132457642842112,tp_all_reduce,22,2,-1,3,-1,"56,57,58,59"
ar_l23_tp56_57_58_59,56,-1,100663296,100.663296,all_reduce,700.7874004959306,703.6056822420084,2.8182817460777887,tp_all_reduce,23,2,-1,3,-1,"56,57,58,59"
p2p_fwd_mb6_s2_dp0,8,12,67108864,67.108864,p2p,704.0640448176043,705.3143690235254,1.2503242059210828,pp_forward,2,2,3,0,0,"8,12"
p2p_fwd_mb6_s2_dp1,24,28,67108864,67.108864,p2p,704.0640448176043,705.3143690235254,1.2503242059210828,pp_forward,2,2,3,1,1,"24,28"
p2p_fwd_mb6_s2_dp2,40,44,67108864,67.108864,p2p,704.0640448176043,705.3143690235254,1.2503242059210828,pp_forward,2,2,3,2,2,"40,44"
p2p_fwd_mb6_s2_dp3,56,60,67108864,67.108864,p2p,704.0640448176043,705.3143690235254,1.2503242059210828,pp_forward,2,2,3,3,3,"56,60"
ar_l24_tp12_13_14_15,12,-1,100663296,100.663296,all_reduce,639.5590179230225,642.3738619657756,2.8148440427531174,tp_all_reduce,24,3,-1,0,-1,"12,13,14,15"
ar_l25_tp12_13_14_15,12,-1,100663296,100.663296,all_reduce,649.1017952135395,651.9172540874138,2.8154588738742437,tp_all_reduce,25,3,-1,0,-1,"12,13,14,15"
ar_l26_tp12_13_14_15,12,-1,100663296,100.663296,all_reduce,655.9730758181356,658.7874342466881,2.814358428552599,tp_all_reduce,26,3,-1,0,-1,"12,13,14,15"
ar_l27_tp12_13_14_15,12,-1,100663296,100.663296,all_reduce,665.6935754167184,668.5098397192788,2.816264302560323,tp_all_reduce,27,3,-1,0,-1,"12,13,14,15"
ar_l28_tp12_13_14_15,12,-1,100663296,100.663296,all_reduce,672.4709674638567,675.2889727419791,2.818005278122482,tp_all_reduce,28,3,-1,0,-1,"12,13,14,15"
ar_l29_tp12_13_14_15,12,-1,100663296,100.663296,all_reduce,682.3911242038089,685.2078137510242,2.8166895472153675,tp_all_reduce,29,3,-1,0,-1,"12,13,14,15"
ar_l30_tp12_13_14_15,12,-1,100663296,100.663296,all_reduce,688.8598340293852,691.6758998645406,2.816065835155368,tp_all_reduce,30,3,-1,0,-1,"12,13,14,15"
ar_l31_tp12_13_14_15,12,-1,100663296,100.663296,all_reduce,698.3606831348989,701.1781682915691,2.817485156670241,tp_all_reduce,31,3,-1,0,-1,"12,13,14,15"
ar_l24_tp28_29_30_31,28,-1,100663296,100.663296,all_reduce,639.5590179230225,642.3750651848501,2.8160472618276033,tp_all_reduce,24,3,-1,1,-1,"28,29,30,31"
ar_l25_tp28_29_30_31,28,-1,100663296,100.663296,all_reduce,649.2316213875837,652.0489188084542,2.817297420870557,tp_all_reduce,25,3,-1,1,-1,"28,29,30,31"
ar_l26_tp28_29_30_31,28,-1,100663296,100.663296,all_reduce,656.1476883739117,658.9622299032056,2.8145415292939457,tp_all_reduce,26,3,-1,1,-1,"28,29,30,31"
ar_l27_tp28_29_30_31,28,-1,100663296,100.663296,all_reduce,666.3185109432754,669.1348357327888,2.816324789513436,tp_all_reduce,27,3,-1,1,-1,"28,29,30,31"
ar_l28_tp28_29_30_31,28,-1,100663296,100.663296,all_reduce,672.8451294294016,675.6611209073586,2.8159914779570805,tp_all_reduce,28,3,-1,1,-1,"28,29,30,31"
ar_l29_tp28_29_30_31,28,-1,100663296,100.663296,all_reduce,682.6156638893302,685.4328981015746,2.817234212244335,tp_all_reduce,29,3,-1,1,-1,"28,29,30,31"
ar_l30_tp28_29_30_31,28,-1,100663296,100.663296,all_reduce,689.4743084686013,692.2879235828638,2.81361511426248,tp_all_reduce,30,3,-1,1,-1,"28,29,30,31"
ar_l31_tp28_29_30_31,28,-1,100663296,100.663296,all_reduce,699.4492662215104,702.2629300193192,2.8136637978088963,tp_all_reduce,31,3,-1,1,-1,"28,29,30,31"
ar_l24_tp44_45_46_47,44,-1,100663296,100.663296,all_reduce,639.5590179230225,642.3736033337866,2.81458541076407,tp_all_reduce,24,3,-1,2,-1,"44,45,46,47"
ar_l25_tp44_45_46_47,44,-1,100663296,100.663296,all_reduce,649.8465370258209,652.6641374025448,2.81760037672385,tp_all_reduce,25,3,-1,2,-1,"44,45,46,47"
ar_l26_tp44_45_46_47,44,-1,100663296,100.663296,all_reduce,656.1568029748024,658.9697773344485,2.8129743596461143,tp_all_reduce,26,3,-1,2,-1,"44,45,46,47"
ar_l27_tp44_45_46_47,44,-1,100663296,100.663296,all_reduce,665.6273453032413,668.4455538228575,2.8182085196162276,tp_all_reduce,27,3,-1,2,-1,"44,45,46,47"
ar_l28_tp44_45_46_47,44,-1,100663296,100.663296,all_reduce,672.4396540047599,675.257321559487,2.8176675547270102,tp_all_reduce,28,3,-1,2,-1,"44,45,46,47"
ar_l29_tp44_45_46_47,44,-1,100663296,100.663296,all_reduce,682.5553174036082,685.3709153216818,2.81559791807362,tp_all_reduce,29,3,-1,2,-1,"44,45,46,47"
ar_l30_tp44_45_46_47,44,-1,100663296,100.663296,all_reduce,689.0199752851995,691.8362892243914,2.8163139391919056,tp_all_reduce,30,3,-1,2,-1,"44,45,46,47"
ar_l31_tp44_45_46_47,44,-1,100663296,100.663296,all_reduce,698.8755363430398,701.6919563651649,2.816420022125121,tp_all_reduce,31,3,-1,2,-1,"44,45,46,47"
ar_l24_tp60_61_62_63,60,-1,100663296,100.663296,all_reduce,639.5590179230225,642.3724333807916,2.8134154577690307,tp_all_reduce,24,3,-1,3,-1,"60,61,62,63"
ar_l25_tp60_61_62_63,60,-1,100663296,100.663296,all_reduce,649.441436887518,652.2578740490932,2.8164371615752026,tp_all_reduce,25,3,-1,3,-1,"60,61,62,63"
ar_l26_tp60_61_62_63,60,-1,100663296,100.663296,all_reduce,656.0873986291116,658.9038513125423,2.8164526834307813,tp_all_reduce,26,3,-1,3,-1,"60,61,62,63"
ar_l27_tp60_61_62_63,60,-1,100663296,100.663296,all_reduce,666.3286610282662,669.145054939032,2.8163939107658242,tp_all_reduce,27,3,-1,3,-1,"60,61,62,63"
ar_l28_tp60_61_62_63,60,-1,100663296,100.663296,all_reduce,672.778558536427,675.593455905917,2.8148973694900326,tp_all_reduce,28,3,-1,3,-1,"60,61,62,63"
ar_l29_tp60_61_62_63,60,-1,100663296,100.663296,all_reduce,682.807201007781,685.6234222773777,2.816221269596686,tp_all_reduce,29,3,-1,3,-1,"60,61,62,63"
ar_l30_tp60_61_62_63,60,-1,100663296,100.663296,all_reduce,689.2777942729816,692.0949620066876,2.817167733705994,tp_all_reduce,30,3,-1,3,-1,"60,61,62,63"
ar_l31_tp60_61_62_63,60,-1,100663296,100.663296,all_reduce,699.3470080565947,702.1632926526554,2.8162845960606475,tp_all_reduce,31,3,-1,3,-1,"60,61,62,63"
p2p_bwd_mb5_s3_dp0,12,8,67108864,67.108864,p2p,712.9543497090825,714.2047121496001,1.2503624405175717,pp_backward,3,3,2,0,0,"12,8"
p2p_bwd_mb5_s3_dp1,28,24,67108864,67.108864,p2p,712.9543497090825,714.2047121496001,1.2503624405175717,pp_backward,3,3,2,1,1,"28,24"
p2p_bwd_mb5_s3_dp2,44,40,67108864,67.108864,p2p,712.9543497090825,714.2047121496001,1.2503624405175717,pp_backward,3,3,2,2,2,"44,40"
p2p_bwd_mb5_s3_dp3,60,56,67108864,67.108864,p2p,712.9543497090825,714.2047121496001,1.2503624405175717,pp_backward,3,3,2,3,3,"60,56"
ar_l0_tp0_1_2_3,0,-1,100663296,100.663296,all_reduce,745.623447501556,748.4413223851121,2.817874883556115,tp_all_reduce,0,0,-1,0,-1,"0,1,2,3"
ar_l1_tp0_1_2_3,0,-1,100663296,100.663296,all_reduce,755.5707427355098,758.3837653890153,2.8130226535053593,tp_all_reduce,1,0,-1,0,-1,"0,1,2,3"
ar_l2_tp0_1_2_3,0,-1,100663296,100.663296,all_reduce,762.4949448609758,765.3089682781638,2.8140234171879497,tp_all_reduce,2,0,-1,0,-1,"0,1,2,3"
ar_l3_tp0_1_2_3,0,-1,100663296,100.663296,all_reduce,772.2268548343252,775.0431663193343,2.8163114850091597,tp_all_reduce,3,0,-1,0,-1,"0,1,2,3"
ar_l4_tp0_1_2_3,0,-1,100663296,100.663296,all_reduce,778.865918739212,781.6805733653055,2.814654626093427,tp_all_reduce,4,0,-1,0,-1,"0,1,2,3"
ar_l5_tp0_1_2_3,0,-1,100663296,100.663296,all_reduce,789.0146317907805,791.8312571280078,2.816625337227263,tp_all_reduce,5,0,-1,0,-1,"0,1,2,3"
ar_l6_tp0_1_2_3,0,-1,100663296,100.663296,all_reduce,795.5564355583256,798.3702860832691,2.8138505249435397,tp_all_reduce,6,0,-1,0,-1,"0,1,2,3"
ar_l7_tp0_1_2_3,0,-1,100663296,100.663296,all_reduce,805.6006468068592,808.4152311645515,2.814584357692218,tp_all_reduce,7,0,-1,0,-1,"0,1,2,3"
ar_l0_tp16_17_18_19,16,-1,100663296,100.663296,all_reduce,745.623604901466,748.4394641527922,2.8158592513261027,tp_all_reduce,0,0,-1,1,-1,"16,17,18,19"
ar_l1_tp16_17_18_19,16,-1,100663296,100.663296,all_reduce,755.5590713946375,758.37665783101,2.8175864363725323,tp_all_reduce,1,0,-1,1,-1,"16,17,18,19"
ar_l2_tp16_17_18_19,16,-1,100663296,100.663296,all_reduce,762.378950035075,765.197258206741,2.818308171665951,tp_all_reduce,2,0,-1,1,-1,"16,17,18,19"
ar_l3_tp16_17_18_19,16,-1,100663296,100.663296,all_reduce,772.2940967282805,775.1094557172512,2.815358988970784,tp_all_reduce,3,0,-1,1,-1,"16,17,18,19"
ar_l4_tp16_17_18_19,16,-1,100663296,100.663296,all_reduce,779.0807394628096,781.8971699072988,2.816430444489315,tp_all_reduce,4,0,-1,1,-1,"16,17,18,19"
ar_l5_tp16_17_18_19,16,-1,100663296,100.663296,all_reduce,788.6774809769181,791.4955830607439,2.818102083825713,tp_all_reduce,5,0,-1,1,-1,"16,17,18,19"
ar_l6_tp16_17_18_19,16,-1,100663296,100.663296,all_reduce,795.5025154406699,798.3189211429587,2.8164057022889155,tp_all_reduce,6,0,-1,1,-1,"16,17,18,19"
ar_l7_tp16_17_18_19,16,-1,100663296,100.663296,all_reduce,805.4031838315075,808.2212117689692,2.8180279374617756,tp_all_reduce,7,0,-1,1,-1,"16,17,18,19"
ar_l0_tp32_33_34_35,32,-1,100663296,100.663296,all_reduce,745.6257910160659,748.442637987308,2.8168469712420707,tp_all_reduce,0,0,-1,2,-1,"32,33,34,35"
ar_l1_tp32_33_34_35,32,-1,100663296,100.663296,all_reduce,755.348118623291,758.1662737969893,2.8181551736982113,tp_all_reduce,1,0,-1,2,-1,"32,33,34,35"
ar_l2_tp32_33_34_35,32,-1,100663296,100.663296,all_reduce,762.1963016067513,765.0090526339338,2.8127510271825917,tp_all_reduce,2,0,-1,2,-1,"32,33,34,35"
ar_l3_tp32_33_34_35,32,-1,100663296,100.663296,all_reduce,771.9671799267405,774.7842350663775,2.817055139636926,tp_all_reduce,3,0,-1,2,-1,"32,33,34,35"
ar_l4_tp32_33_34_35,32,-1,100663296,100.663296,all_reduce,778.6272208052976,781.4405674706514,2.813346665353933,tp_all_reduce,4,0,-1,2,-1,"32,33,34,35"
ar_l5_tp32_33_34_35,32,-1,100663296,100.663296,all_reduce,788.4520573920825,791.2657290605008,2.813671668418394,tp_all_reduce,5,0,-1,2,-1,"32,33,34,35"
ar_l6_tp32_33_34_35,32,-1,100663296,100.663296,all_reduce,795.0598297966692,797.8746552713269,2.814825474657723,tp_all_reduce,6,0,-1,2,-1,"32,33,34,35"
ar_l7_tp32_33_34_35,32,-1,100663296,100.663296,all_reduce,804.8605467105293,807.6786581271167,2.8181114165873877,tp_all_reduce,7,0,-1,2,-1,"32,33,34,35"
ar_l0_tp48_49_50_51,48,-1,100663296,100.663296,all_reduce,745.6226588637093,748.4393619020549,2.8167030383455804,tp_all_reduce,0,0,-1,3,-1,"48,49,50,51"
ar_l1_tp48_49_50_51,48,-1,100663296,100.663296,all_reduce,755.6846286671047,758.5027150901245,2.818086423019839,tp_all_reduce,1,0,-1,3,-1,"48,49,50,51"
ar_l2_tp48_49_50_51,48,-1,100663296,100.663296,all_reduce,762.025179158877,764.8395034304139,2.8143242715368277,tp_all_reduce,2,0,-1,3,-1,"48,49,50,51"
ar_l3_tp48_49_50_51,48,-1,100663296,100.663296,all_reduce,772.1276114962366,774.9408987776899,2.8132872814533583,tp_all_reduce,3,0,-1,3,-1,"48,49,50,51"
ar_l4_tp48_49_50_51,48,-1,100663296,100.663296,all_reduce,778.4568536268375,781.2722139766554,2.815360349817886,tp_all_reduce,4,0,-1,3,-1,"48,49,50,51"
ar_l5_tp48_49_50_51,48,-1,100663296,100.663296,all_reduce,788.353390593987,791.1693768755852,2.8159862815981818,tp_all_reduce,5,0,-1,3,-1,"48,49,50,51"
ar_l6_tp48_49_50_51,48,-1,100663296,100.663296,all_reduce,794.9076861383098,797.7258409932338,2.818154854923871,tp_all_reduce,6,0,-1,3,-1,"48,49,50,51"
ar_l7_tp48_49_50_51,48,-1,100663296,100.663296,all_reduce,805.0861238497927,807.9001510441042,2.8140271943114525,tp_all_reduce,7,0,-1,3,-1,"48,49,50,51"
ar_l8_tp4_5_6_7,4,-1,100663296,100.663296,all_reduce,745.5246573247158,748.3420427115962,2.8173853868802556,tp_all_reduce,8,1,-1,0,-1,"4,5,6,7"
ar_l9_tp4_5_6_7,4,-1,100663296,100.663296,all_reduce,748.7915628374406,751.6083477846713,2.8167849472308104,tp_all_reduce,9,1,-1,0,-1,"4,5,6,7"
ar_l10_tp4_5_6_7,4,-1,100663296,100.663296,all_reduce,752.0833684072054,754.8991136063021,2.8157451990967752,tp_all_reduce,10,1,-1,0,-1,"4,5,6,7"
ar_l11_tp4_5_6_7,4,-1,100663296,100.663296,all_reduce,755.3546067082318,758.1727482140362,2.8181415058043946,tp_all_reduce,11,1,-1,0,-1,"4,5,6,7"
ar_l12_tp4_5_6_7,4,-1,100663296,100.663296,all_reduce,758.7005180215151,761.5154062984175,2.814888276902461,tp_all_reduce,12,1,-1,0,-1,"4,5,6,7"
ar_l13_tp4_5_6_7,4,-1,100663296,100.663296,all_reduce,762.0490378495281,764.8633033239344,2.81426547440633,tp_all_reduce,13,1,-1,0,-1,"4,5,6,7"
ar_l14_tp4_5_6_7,4,-1,100663296,100.663296,all_reduce,765.331482025454,768.1477070193487,2.816224993894667,tp_all_reduce,14,1,-1,0,-1,"4,5,6,7"
ar_l15_tp4_5_6_7,4,-1,100663296,100.663296,all_reduce,768.6943029805,771.5115050179256,2.817202037425637,tp_all_reduce,15,1,-1,0,-1,"4,5,6,7"
ar_l8_tp20_21_22_23,20,-1,100663296,100.663296,all_reduce,745.5246573247158,748.3391158657821,2.8144585410662115,tp_all_reduce,8,1,-1,1,-1,"20,21,22,23"
ar_l9_tp20_21_22_23,20,-1,100663296,100.663296,all_reduce,748.9093640845306,751.7239780209704,2.8146139364398914,tp_all_reduce,9,1,-1,1,-1,"20,21,22,23"
ar_l10_tp20_21_22_23,20,-1,100663296,100.663296,all_reduce,752.1922420073406,755.0087617478616,2.816519740520995,tp_all_reduce,10,1,-1,1,-1,"20,21,22,23"
ar_l11_tp20_21_22_23,20,-1,100663296,100.663296,all_reduce,755.5607134156866,758.3778850993846,2.8171716836979943,tp_all_reduce,11,1,-1,1,-1,"20,21,22,23"
ar_l12_tp20_21_22_23,20,-1,100663296,100.663296,all_reduce,758.9382860430337,761.7540603555528,2.815774312519115,tp_all_reduce,12,1,-1,1,-1,"20,21,22,23"
ar_l13_tp20_21_22_23,20,-1,100663296,100.663296,all_reduce,762.3918570823934,765.2048338569058,2.8129767745124212,tp_all_reduce,13,1,-1,1,-1,"20,21,22,23"
ar_l14_tp20_21_22_23,20,-1,100663296,100.663296,all_reduce,765.7335150886506,768.5509366043347,2.817421515683982,tp_all_reduce,14,1,-1,1,-1,"20,21,22,23"
ar_l15_tp20_21_22_23,20,-1,100663296,100.663296,all_reduce,768.9787035126241,771.7915889100603,2.8128853974362933,tp_all_reduce,15,1,-1,1,-1,"20,21,22,23"
ar_l8_tp36_37_38_39,36,-1,100663296,100.663296,all_reduce,745.5246573247158,748.341802933551,2.81714560883517,tp_all_reduce,8,1,-1,2,-1,"36,37,38,39"
ar_l9_tp36_37_38_39,36,-1,100663296,100.663296,all_reduce,748.8358810947607,751.6530313815098,2.817150286749004,tp_all_reduce,9,1,-1,2,-1,"36,37,38,39"
ar_l10_tp36_37_38_39,36,-1,100663296,100.663296,all_reduce,752.0690412621544,754.8855064830584,2.816465220903952,tp_all_reduce,10,1,-1,2,-1,"36,37,38,39"
ar_l11_tp36_37_38_39,36,-1,100663296,100.663296,all_reduce,755.2687873100559,758.0829834924865,2.814196182430506,tp_all_reduce,11,1,-1,2,-1,"36,37,38,39"
ar_l12_tp36_37_38_39,36,-1,100663296,100.663296,all_reduce,758.4654527781179,761.2829269933096,2.81747421519174,tp_all_reduce,12,1,-1,2,-1,"36,37,38,39"
ar_l13_tp36_37_38_39,36,-1,100663296,100.663296,all_reduce,761.8653584449495,764.6782504665974,2.812892021647917,tp_all_reduce,13,1,-1,2,-1,"36,37,38,39"
ar_l14_tp36_37_38_39,36,-1,100663296,100.663296,all_reduce,765.0954390118674,767.9118934093262,2.816454397458812,tp_all_reduce,14,1,-1,2,-1,"36,37,38,39"
ar_l15_tp36_37_38_39,36,-1,100663296,100.663296,all_reduce,768.3847908413445,771.1983141337772,2.8135232924327847,tp_all_reduce,15,1,-1,2,-1,"36,37,38,39"
ar_l8_tp52_53_54_55,52,-1,100663296,100.663296,all_reduce,745.5246573247158,748.342842446178,2.8181851214621467,tp_all_reduce,8,1,-1,3,-1,"52,53,54,55"
ar_l9_tp52_53_54_55,52,-1,100663296,100.663296,all_reduce,748.8941637696532,751.7096485255852,2.815484755931963,tp_all_reduce,9,1,-1,3,-1,"52,53,54,55"
ar_l10_tp52_53_54_55,52,-1,100663296,100.663296,all_reduce,752.3058084038296,755.1235801969192,2.8177717930896184,tp_all_reduce,10,1,-1,3,-1,"52,53,54,55"
ar_l11_tp52_53_54_55,52,-1,100663296,100.663296,all_reduce,755.7434429431564,758.5607902503482,2.817347307191742,tp_all_reduce,11,1,-1,3,-1,"52,53,54,55"
ar_l12_tp52_53_54_55,52,-1,100663296,100.663296,all_reduce,759.163491981524,761.9794519112993,2.815959929775347,tp_all_reduce,12,1,-1,3,-1,"52,53,54,55"
ar_l13_tp52_53_54_55,52,-1,100663296,100.663296,all_reduce,762.5152441699922,765.3327946521907,2.81755048219845,tp_all_reduce,13,1,-1,3,-1,"52,53,54,55"
ar_l14_tp52_53_54_55,52,-1,100663296,100.663296,all_reduce,765.7936768299215,768.6116892740818,2.818012444160245,tp_all_reduce,14,1,-1,3,-1,"52,53,54,55"
ar_l15_tp52_53_54_55,52,-1,100663296,100.663296,all_reduce,769.0746468107228,771.8905699032375,2.8159230925147716,tp_all_reduce,15,1,-1,3,-1,"52,53,54,55"
p2p_fwd_mb7_s1_dp0,4,8,67108864,67.108864,p2p,772.2342498388198,773.4865049878032,1.2522551489833056,pp_forward,1,1,2,0,0,"4,8"
p2p_fwd_mb7_s1_dp1,20,24,67108864,67.108864,p2p,772.2342498388198,773.4865049878032,1.2522551489833056,pp_forward,1,1,2,1,1,"20,24"
p2p_fwd_mb7_s1_dp2,36,40,67108864,67.108864,p2p,772.2342498388198,773.4865049878032,1.2522551489833056,pp_forward,1,1,2,2,2,"36,40"
p2p_fwd_mb7_s1_dp3,52,56,67108864,67.108864,p2p,772.2342498388198,773.4865049878032,1.2522551489833056,pp_forward,1,1,2,3,3,"52,56"
ar_l16_tp8_9_10_11,8,-1,100663296,100.663296,all_reduce,714.2047121496001,717.0204376879783,2.8157255383781665,tp_all_reduce,16,2,-1,0,-1,"8,9,10,11"
ar_l17_tp8_9_10_11,8,-1,100663296,100.663296,all_reduce,724.2960388309707,727.1113085199232,2.8152696889525153,tp_all_reduce,17,2,-1,0,-1,"8,9,10,11"
ar_l18_tp8_9_10_11,8,-1,100663296,100.663296,all_reduce,731.2211625136076,734.0352969689169,2.814134455309314,tp_all_reduce,18,2,-1,0,-1,"8,9,10,11"
ar_l19_tp8_9_10_11,8,-1,100663296,100.663296,all_reduce,741.2947823734916,744.1087646809119,2.8139823074203596,tp_all_reduce,19,2,-1,0,-1,"8,9,10,11"
ar_l20_tp8_9_10_11,8,-1,100663296,100.663296,all_reduce,747.8178987144372,750.6306612368144,2.8127625223771657,tp_all_reduce,20,2,-1,0,-1,"8,9,10,11"
ar_l21_tp8_9_10_11,8,-1,100663296,100.663296,all_reduce,757.3413019057405,760.1560630917172,2.8147611859767885,tp_all_reduce,21,2,-1,0,-1,"8,9,10,11"
ar_l22_tp8_9_10_11,8,-1,100663296,100.663296,all_reduce,763.777090832308,766.5939949716305,2.8169041393225625,tp_all_reduce,22,2,-1,0,-1,"8,9,10,11"
ar_l23_tp8_9_10_11,8,-1,100663296,100.663296,all_reduce,773.6279314206075,776.4426259109961,2.814694490388625,tp_all_reduce,23,2,-1,0,-1,"8,9,10,11"
ar_l16_tp24_25_26_27,24,-1,100663296,100.663296,all_reduce,714.2047121496001,717.0178932260895,2.813181076489424,tp_all_reduce,16,2,-1,1,-1,"24,25,26,27"
ar_l17_tp24_25_26_27,24,-1,100663296,100.663296,all_reduce,724.2651578482622,727.0793876839316,2.8142298356694795,tp_all_reduce,17,2,-1,1,-1,"24,25,26,27"
ar_l18_tp24_25_26_27,24,-1,100663296,100.663296,all_reduce,730.9549384509618,733.7725459069414,2.817607455979587,tp_all_reduce,18,2,-1,1,-1,"24,25,26,27"
ar_l19_tp24_25_26_27,24,-1,100663296,100.663296,all_reduce,741.3553326015598,744.1715411950859,2.8162085935261594,tp_all_reduce,19,2,-1,1,-1,"24,25,26,27"
ar_l20_tp24_25_26_27,24,-1,100663296,100.663296,all_reduce,747.9410885770264,750.7594167785704,2.8183282015439293,tp_all_reduce,20,2,-1,1,-1,"24,25,26,27"
ar_l21_tp24_25_26_27,24,-1,100663296,100.663296,all_reduce,757.7456413910089,760.5609124488367,2.8152710578278617,tp_all_reduce,21,2,-1,1,-1,"24,25,26,27"
ar_l22_tp24_25_26_27,24,-1,100663296,100.663296,all_reduce,764.3707746000116,767.1884098660657,2.8176352660541637,tp_all_reduce,22,2,-1,1,-1,"24,25,26,27"
ar_l23_tp24_25_26_27,24,-1,100663296,100.663296,all_reduce,773.9725038861399,776.7870934092499,2.8145895231099782,tp_all_reduce,23,2,-1,1,-1,"24,25,26,27"
ar_l16_tp40_41_42_43,40,-1,100663296,100.663296,all_reduce,714.2047121496001,717.020867925221,2.8161557756207767,tp_all_reduce,16,2,-1,2,-1,"40,41,42,43"
ar_l17_tp40_41_42_43,40,-1,100663296,100.663296,all_reduce,724.1842128669887,726.9997533152326,2.8155404482439472,tp_all_reduce,17,2,-1,2,-1,"40,41,42,43"
ar_l18_tp40_41_42_43,40,-1,100663296,100.663296,all_reduce,731.1282802976834,733.9463950291233,2.8181147314398913,tp_all_reduce,18,2,-1,2,-1,"40,41,42,43"
ar_l19_tp40_41_42_43,40,-1,100663296,100.663296,all_reduce,741.1140718176421,743.927356094947,2.8132842773048727,tp_all_reduce,19,2,-1,2,-1,"40,41,42,43"
ar_l20_tp40_41_42_43,40,-1,100663296,100.663296,all_reduce,747.8928842375958,750.7074829157881,2.814598678192226,tp_all_reduce,20,2,-1,2,-1,"40,41,42,43"
ar_l21_tp40_41_42_43,40,-1,100663296,100.663296,all_reduce,757.8217333334713,760.6342785868372,2.812545253365828,tp_all_reduce,21,2,-1,2,-1,"40,41,42,43"
ar_l22_tp40_41_42_43,40,-1,100663296,100.663296,all_reduce,764.3666882613916,767.1824359613637,2.815747699972171,tp_all_reduce,22,2,-1,2,-1,"40,41,42,43"
ar_l23_tp40_41_42_43,40,-1,100663296,100.663296,all_reduce,774.3540130498943,777.1704857254521,2.816472675557735,tp_all_reduce,23,2,-1,2,-1,"40,41,42,43"
ar_l16_tp56_57_58_59,56,-1,100663296,100.663296,all_reduce,714.2047121496001,717.0210918781326,2.8163797285324366,tp_all_reduce,16,2,-1,3,-1,"56,57,58,59"
ar_l17_tp56_57_58_59,56,-1,100663296,100.663296,all_reduce,724.020347351484,726.8335152196292,2.8131678681452277,tp_all_reduce,17,2,-1,3,-1,"56,57,58,59"
ar_l18_tp56_57_58_59,56,-1,100663296,100.663296,all_reduce,730.3336086181725,733.1470077584823,2.813399140309758,tp_all_reduce,18,2,-1,3,-1,"56,57,58,59"
ar_l19_tp56_57_58_59,56,-1,100663296,100.663296,all_reduce,740.1110236404907,742.9252923446156,2.8142687041249337,tp_all_reduce,19,2,-1,3,-1,"56,57,58,59"
ar_l20_tp56_57_58_59,56,-1,100663296,100.663296,all_reduce,746.4703379966415,749.2841541523276,2.8138161556859886,tp_all_reduce,20,2,-1,3,-1,"56,57,58,59"
ar_l21_tp56_57_58_59,56,-1,100663296,100.663296,all_reduce,756.6600180707428,759.4782819177719,2.818263847029101,tp_all_reduce,21,2,-1,3,-1,"56,57,58,59"
ar_l22_tp56_57_58_59,56,-1,100663296,100.663296,all_reduce,763.4645482620454,766.2816265872677,2.8170783252223774,tp_all_reduce,22,2,-1,3,-1,"56,57,58,59"
ar_l23_tp56_57_58_59,56,-1,100663296,100.663296,all_reduce,773.3253639396341,776.1381167944011,2.812752854766898,tp_all_reduce,23,2,-1,3,-1,"56,57,58,59"
p2p_bwd_mb5_s2_dp0,8,4,67108864,67.108864,p2p,781.029991868661,782.2825765444913,1.2525846758304482,pp_backward,2,2,1,0,0,"8,4"
p2p_bwd_mb5_s2_dp1,24,20,67108864,67.108864,p2p,781.029991868661,782.2825765444913,1.2525846758304482,pp_backward,2,2,1,1,1,"24,20"
p2p_bwd_mb5_s2_dp2,40,36,67108864,67.108864,p2p,781.029991868661,782.2825765444913,1.2525846758304482,pp_backward,2,2,1,2,2,"40,36"
p2p_bwd_mb5_s2_dp3,56,52,67108864,67.108864,p2p,781.029991868661,782.2825765444913,1.2525846758304482,pp_backward,2,2,1,3,3,"56,52"
ar_l24_tp12_13_14_15,12,-1,100663296,100.663296,all_reduce,714.2047121496001,717.0180680227234,2.8133558731232577,tp_all_reduce,24,3,-1,0,-1,"12,13,14,15"
ar_l25_tp12_13_14_15,12,-1,100663296,100.663296,all_reduce,717.4005034602783,720.2148823759737,2.81437891569547,tp_all_reduce,25,3,-1,0,-1,"12,13,14,15"
ar_l26_tp12_13_14_15,12,-1,100663296,100.663296,all_reduce,720.807927337579,723.6255165692559,2.8175892316768536,tp_all_reduce,26,3,-1,0,-1,"12,13,14,15"
ar_l27_tp12_13_14_15,12,-1,100663296,100.663296,all_reduce,724.0579652407414,726.8708656586537,2.8129004179122674,tp_all_reduce,27,3,-1,0,-1,"12,13,14,15"
ar_l28_tp12_13_14_15,12,-1,100663296,100.663296,all_reduce,727.4804832094917,730.2954400705058,2.814956861014184,tp_all_reduce,28,3,-1,0,-1,"12,13,14,15"
ar_l29_tp12_13_14_15,12,-1,100663296,100.663296,all_reduce,730.6430970300894,733.4570524180431,2.813955387953593,tp_all_reduce,29,3,-1,0,-1,"12,13,14,15"
ar_l30_tp12_13_14_15,12,-1,100663296,100.663296,all_reduce,733.8927247862467,736.7082064115787,2.8154816253319614,tp_all_reduce,30,3,-1,0,-1,"12,13,14,15"
ar_l31_tp12_13_14_15,12,-1,100663296,100.663296,all_reduce,737.1283870119103,739.9421077368589,2.813720724948676,tp_all_reduce,31,3,-1,0,-1,"12,13,14,15"
ar_l24_tp28_29_30_31,28,-1,100663296,100.663296,all_reduce,714.2047121496001,717.0180866447465,2.8133744951464035,tp_all_reduce,24,3,-1,1,-1,"28,29,30,31"
ar_l25_tp28_29_30_31,28,-1,100663296,100.663296,all_reduce,717.6756921738678,720.492882431959,2.817190258091129,tp_all_reduce,25,3,-1,1,-1,"28,29,30,31"
ar_l26_tp28_29_30_31,28,-1,100663296,100.663296,all_reduce,720.9043109774443,723.7225576917775,2.8182467143331724,tp_all_reduce,26,3,-1,1,-1,"28,29,30,31"
ar_l27_tp28_29_30_31,28,-1,100663296,100.663296,all_reduce,724.2928339136532,727.1096365417051,2.81680262805184,tp_all_reduce,27,3,-1,1,-1,"28,29,30,31"
ar_l28_tp28_29_30_31,28,-1,100663296,100.663296,all_reduce,727.6265040013033,730.442787955814,2.816283954510723,tp_all_reduce,28,3,-1,1,-1,"28,29,30,31"
ar_l29_tp28_29_30_31,28,-1,100663296,100.663296,all_reduce,730.9345882215256,733.7526067754574,2.8180185539318225,tp_all_reduce,29,3,-1,1,-1,"28,29,30,31"
ar_l30_tp28_29_30_31,28,-1,100663296,100.663296,all_reduce,734.2489215344581,737.0633003698103,2.8143788353522936,tp_all_reduce,30,3,-1,1,-1,"28,29,30,31"
ar_l31_tp28_29_30_31,28,-1,100663296,100.663296,all_reduce,737.4383894683766,740.2529492512577,2.814559782881143,tp_all_reduce,31,3,-1,1,-1,"28,29,30,31"
ar_l24_tp44_45_46_47,44,-1,100663296,100.663296,all_reduce,714.2047121496001,717.0219988056072,2.817286656007001,tp_all_reduce,24,3,-1,2,-1,"44,45,46,47"
ar_l25_tp44_45_46_47,44,-1,100663296,100.663296,all_reduce,717.5592884784134,720.3772070654417,2.8179185870282897,tp_all_reduce,25,3,-1,2,-1,"44,45,46,47"
ar_l26_tp44_45_46_47,44,-1,100663296,100.663296,all_reduce,721.0168058531477,723.8353314488314,2.8185255956836297,tp_all_reduce,26,3,-1,2,-1,"44,45,46,47"
ar_l27_tp44_45_46_47,44,-1,100663296,100.663296,all_reduce,724.3941032290414,727.2082508812008,2.814147652159371,tp_all_reduce,27,3,-1,2,-1,"44,45,46,47"
ar_l28_tp44_45_46_47,44,-1,100663296,100.663296,all_reduce,727.7421935655565,730.5607281443765,2.8185345788200866,tp_all_reduce,28,3,-1,2,-1,"44,45,46,47"
ar_l29_tp44_45_46_47,44,-1,100663296,100.663296,all_reduce,731.1137685069956,733.9306003702114,2.8168318632157963,tp_all_reduce,29,3,-1,2,-1,"44,45,46,47"
ar_l30_tp44_45_46_47,44,-1,100663296,100.663296,all_reduce,734.3137876083682,737.1277868715309,2.8139992631627253,tp_all_reduce,30,3,-1,2,-1,"44,45,46,47"
ar_l31_tp44_45_46_47,44,-1,100663296,100.663296,all_reduce,737.621545473057,740.436549251182,2.815003778124936,tp_all_reduce,31,3,-1,2,-1,"44,45,46,47"
ar_l24_tp60_61_62_63,60,-1,100663296,100.663296,all_reduce,714.2047121496001,717.0225638092543,2.8178516596542025,tp_all_reduce,24,3,-1,3,-1,"60,61,62,63"
ar_l25_tp60_61_62_63,60,-1,100663296,100.663296,all_reduce,717.6771549285677,720.4920481286078,2.814893200040247,tp_all_reduce,25,3,-1,3,-1,"60,61,62,63"
ar_l26_tp60_61_62_63,60,-1,100663296,100.663296,all_reduce,720.8589162630732,723.6743087136373,2.815392450564058,tp_all_reduce,26,3,-1,3,-1,"60,61,62,63"
ar_l27_tp60_61_62_63,60,-1,100663296,100.663296,all_reduce,724.3153415755435,727.1327309105598,2.817389335016296,tp_all_reduce,27,3,-1,3,-1,"60,61,62,63"
ar_l28_tp60_61_62_63,60,-1,100663296,100.663296,all_reduce,727.5132793429324,730.3269540084502,2.8136746655178513,tp_all_reduce,28,3,-1,3,-1,"60,61,62,63"
ar_l29_tp60_61_62_63,60,-1,100663296,100.663296,all_reduce,730.8371830910993,733.6506208139284,2.8134377228291596,tp_all_reduce,29,3,-1,3,-1,"60,61,62,63"
ar_l30_tp60_61_62_63,60,-1,100663296,100.663296,all_reduce,734.2212858608524,737.0376896966866,2.816403835834258,tp_all_reduce,30,3,-1,3,-1,"60,61,62,63"
ar_l31_tp60_61_62_63,60,-1,100663296,100.663296,all_reduce,737.4532197557661,740.2668675534904,2.8136477977244168,tp_all_reduce,31,3,-1,3,-1,"60,61,62,63"
ar_l0_tp0_1_2_3,0,-1,100663296,100.663296,all_reduce,812.298060618341,815.114426481065,2.816365862724046,tp_all_reduce,0,0,-1,0,-1,"0,1,2,3"
ar_l1_tp0_1_2_3,0,-1,100663296,100.663296,all_reduce,815.7090912582997,818.5265994377738,2.8175081794741264,tp_all_reduce,1,0,-1,0,-1,"0,1,2,3"
ar_l2_tp0_1_2_3,0,-1,100663296,100.663296,all_reduce,818.8747096098481,821.6909827010057,2.8162730911576173,tp_all_reduce,2,0,-1,0,-1,"0,1,2,3"
ar_l3_tp0_1_2_3,0,-1,100663296,100.663296,all_reduce,822.2413712654776,825.0564979859054,2.8151267204278296,tp_all_reduce,3,0,-1,0,-1,"0,1,2,3"
ar_l4_tp0_1_2_3,0,-1,100663296,100.663296,all_reduce,825.6626394141157,828.4758290911151,2.8131896769993947,tp_all_reduce,4,0,-1,0,-1,"0,1,2,3"
ar_l5_tp0_1_2_3,0,-1,100663296,100.663296,all_reduce,828.943331924472,831.7571749718934,2.8138430474213827,tp_all_reduce,5,0,-1,0,-1,"0,1,2,3"
ar_l6_tp0_1_2_3,0,-1,100663296,100.663296,all_reduce,832.1751585666893,834.9917835526522,2.816624985962912,tp_all_reduce,6,0,-1,0,-1,"0,1,2,3"
ar_l7_tp0_1_2_3,0,-1,100663296,100.663296,all_reduce,835.3515188693248,838.1696171338695,2.8180982645447106,tp_all_reduce,7,0,-1,0,-1,"0,1,2,3"
ar_l0_tp16_17_18_19,16,-1,100663296,100.663296,all_reduce,812.3031309428542,815.1158937818659,2.812762839011662,tp_all_reduce,0,0,-1,1,-1,"16,17,18,19"
ar_l1_tp16_17_18_19,16,-1,100663296,100.663296,all_reduce,815.7025592307396,818.5180743327857,2.81551510204614,tp_all_reduce,1,0,-1,1,-1,"16,17,18,19"
ar_l2_tp16_17_18_19,16,-1,100663296,100.663296,all_reduce,818.9521360492446,821.7679540092385,2.8158179599938604,tp_all_reduce,2,0,-1,1,-1,"16,17,18,19"
ar_l3_tp16_17_18_19,16,-1,100663296,100.663296,all_reduce,822.4004148150399,825.2159455853342,2.8155307702942833,tp_all_reduce,3,0,-1,1,-1,"16,17,18,19"
ar_l4_tp16_17_18_19,16,-1,100663296,100.663296,all_reduce,825.6136729802826,828.4313657943813,2.8176928140988267,tp_all_reduce,4,0,-1,1,-1,"16,17,18,19"
ar_l5_tp16_17_18_19,16,-1,100663296,100.663296,all_reduce,828.8951827152979,831.7079649723423,2.8127822570443994,tp_all_reduce,5,0,-1,1,-1,"16,17,18,19"
ar_l6_tp16_17_18_19,16,-1,100663296,100.663296,all_reduce,832.1681879232,834.9829635308863,2.8147756076862818,tp_all_reduce,6,0,-1,1,-1,"16,17,18,19"
ar_l7_tp16_17_18_19,16,-1,100663296,100.663296,all_reduce,835.3941630919257,838.2124961581507,2.8183330662249206,tp_all_reduce,7,0,-1,1,-1,"16,17,18,19"
ar_l0_tp32_33_34_35,32,-1,100663296,100.663296,all_reduce,812.3026547421772,815.1189792207977,2.8163244786204578,tp_all_reduce,0,0,-1,2,-1,"32,33,34,35"
ar_l1_tp32_33_34_35,32,-1,100663296,100.663296,all_reduce,815.6282219254007,818.4431364584791,2.814914533078472,tp_all_reduce,1,0,-1,2,-1,"32,33,34,35"
ar_l2_tp32_33_34_35,32,-1,100663296,100.663296,all_reduce,819.0920138704018,821.9100691110553,2.818055240653483,tp_all_reduce,2,0,-1,2,-1,"32,33,34,35"
ar_l3_tp32_33_34_35,32,-1,100663296,100.663296,all_reduce,822.4964016098328,825.3111283306056,2.8147267207727644,tp_all_reduce,3,0,-1,2,-1,"32,33,34,35"
ar_l4_tp32_33_34_35,32,-1,100663296,100.663296,all_reduce,825.7124906461858,828.5265790064291,2.8140883602433275,tp_all_reduce,4,0,-1,2,-1,"32,33,34,35"
ar_l5_tp32_33_34_35,32,-1,100663296,100.663296,all_reduce,828.9929118132516,831.8067882862948,2.8138764730433197,tp_all_reduce,5,0,-1,2,-1,"32,33,34,35"
ar_l6_tp32_33_34_35,32,-1,100663296,100.663296,all_reduce,832.1526780347766,834.9659379993564,2.8132599645797063,tp_all_reduce,6,0,-1,2,-1,"32,33,34,35"
ar_l7_tp32_33_34_35,32,-1,100663296,100.663296,all_reduce,835.485891754112,838.2994805970201,2.8135888429080547,tp_all_reduce,7,0,-1,2,-1,"32,33,34,35"
ar_l0_tp48_49_50_51,48,-1,100663296,100.663296,all_reduce,812.300165063918,815.1147209520649,2.8145558881469412,tp_all_reduce,0,0,-1,3,-1,"48,49,50,51"
ar_l1_tp48_49_50_51,48,-1,100663296,100.663296,all_reduce,815.7628402357856,818.581181456327,2.818341220541476,tp_all_reduce,1,0,-1,3,-1,"48,49,50,51"
ar_l2_tp48_49_50_51,48,-1,100663296,100.663296,all_reduce,818.9907901131884,821.8045193548752,2.8137292416867687,tp_all_reduce,2,0,-1,3,-1,"48,49,50,51"
ar_l3_tp48_49_50_51,48,-1,100663296,100.663296,all_reduce,822.2914505933948,825.1059736793068,2.814523085912013,tp_all_reduce,3,0,-1,3,-1,"48,49,50,51"
ar_l4_tp48_49_50_51,48,-1,100663296,100.663296,all_reduce,825.5141733712006,828.3308850258288,2.816711654628268,tp_all_reduce,4,0,-1,3,-1,"48,49,50,51"
ar_l5_tp48_49_50_51,48,-1,100663296,100.663296,all_reduce,828.962660541892,831.7809410732642,2.8182805313722303,tp_all_reduce,5,0,-1,3,-1,"48,49,50,51"
ar_l6_tp48_49_50_51,48,-1,100663296,100.663296,all_reduce,832.3305090000337,835.1435570236533,2.813048023619591,tp_all_reduce,6,0,-1,3,-1,"48,49,50,51"
ar_l7_tp48_49_50_51,48,-1,100663296,100.663296,all_reduce,835.7953648510462,838.6128281978135,2.817463346767357,tp_all_reduce,7,0,-1,3,-1,"48,49,50,51"
p2p_fwd_mb8_s0_dp0,0,4,67108864,67.108864,p2p,839.2062931554013,840.4563132975468,1.2500201421454804,pp_forward,0,0,1,0,0,"0,4"
p2p_fwd_mb8_s0_dp1,16,20,67108864,67.108864,p2p,839.2062931554013,840.4563132975468,1.2500201421454804,pp_forward,0,0,1,1,1,"16,20"
p2p_fwd_mb8_s0_dp2,32,36,67108864,67.108864,p2p,839.2062931554013,840.4563132975468,1.2500201421454804,pp_forward,0,0,1,2,2,"32,36"
p2p_fwd_mb8_s0_dp3,48,52,67108864,67.108864,p2p,839.2062931554013,840.4563132975468,1.2500201421454804,pp_forward,0,0,1,3,3,"48,52"
ar_l8_tp4_5_6_7,4,-1,100663296,100.663296,all_reduce,782.2825765444913,785.0951821458603,2.812605601368978,tp_all_reduce,8,1,-1,0,-1,"4,5,6,7"
ar_l9_tp4_5_6_7,4,-1,100663296,100.663296,all_reduce,791.9393935717286,794.7521140211924,2.8127204494637903,tp_all_reduce,9,1,-1,0,-1,"4,5,6,7"
ar_l10_tp4_5_6_7,4,-1,100663296,100.663296,all_reduce,798.5822047085186,801.3985422790219,2.816337570503258,tp_all_reduce,10,1,-1,0,-1,"4,5,6,7"
ar_l11_tp4_5_6_7,4,-1,100663296,100.663296,all_reduce,808.5516040148817,811.3678954775839,2.816291462702236,tp_all_reduce,11,1,-1,0,-1,"4,5,6,7"
ar_l12_tp4_5_6_7,4,-1,100663296,100.663296,all_reduce,815.0847309517462,817.8983966496114,2.8136656978651198,tp_all_reduce,12,1,-1,0,-1,"4,5,6,7"
ar_l13_tp4_5_6_7,4,-1,100663296,100.663296,all_reduce,825.357636753136,828.1710360781567,2.8133993250206712,tp_all_reduce,13,1,-1,0,-1,"4,5,6,7"
ar_l14_tp4_5_6_7,4,-1,100663296,100.663296,all_reduce,832.1049809831736,834.920237209342,2.8152562261682945,tp_all_reduce,14,1,-1,0,-1,"4,5,6,7"
ar_l15_tp4_5_6_7,4,-1,100663296,100.663296,all_reduce,842.2485601478816,845.0622054632362,2.8136453153546626,tp_all_reduce,15,1,-1,0,-1,"4,5,6,7"
ar_l8_tp20_21_22_23,20,-1,100663296,100.663296,all_reduce,782.2825765444913,785.0974917790701,2.814915234578663,tp_all_reduce,8,1,-1,1,-1,"20,21,22,23"
ar_l9_tp20_21_22_23,20,-1,100663296,100.663296,all_reduce,792.5648121370183,795.3822130935538,2.8174009565355984,tp_all_reduce,9,1,-1,1,-1,"20,21,22,23"
ar_l10_tp20_21_22_23,20,-1,100663296,100.663296,all_reduce,799.5120866533238,802.3263247004136,2.814238047089801,tp_all_reduce,10,1,-1,1,-1,"20,21,22,23"
ar_l11_tp20_21_22_23,20,-1,100663296,100.663296,all_reduce,809.40252014599,812.2154650642029,2.812944918212934,tp_all_reduce,11,1,-1,1,-1,"20,21,22,23"
ar_l12_tp20_21_22_23,20,-1,100663296,100.663296,all_reduce,816.1452375136384,818.9589220052752,2.81368449163677,tp_all_reduce,12,1,-1,1,-1,"20,21,22,23"
ar_l13_tp20_21_22_23,20,-1,100663296,100.663296,all_reduce,826.0331124324881,828.8463639483564,2.813251515868309,tp_all_reduce,13,1,-1,1,-1,"20,21,22,23"
ar_l14_tp20_21_22_23,20,-1,100663296,100.663296,all_reduce,832.3716842652108,835.1894501427201,2.8177658775093706,tp_all_reduce,14,1,-1,1,-1,"20,21,22,23"
ar_l15_tp20_21_22_23,20,-1,100663296,100.663296,all_reduce,841.9594700417721,844.773672425714,2.8142023839419217,tp_all_reduce,15,1,-1,1,-1,"20,21,22,23"
ar_l8_tp36_37_38_39,36,-1,100663296,100.663296,all_reduce,782.2825765444913,785.0996984450005,2.8171219005090897,tp_all_reduce,8,1,-1,2,-1,"36,37,38,39"
ar_l9_tp36_37_38_39,36,-1,100663296,100.663296,all_reduce,792.3742818607344,795.1884334786877,2.8141516179531756,tp_all_reduce,9,1,-1,2,-1,"36,37,38,39"
ar_l10_tp36_37_38_39,36,-1,100663296,100.663296,all_reduce,799.026686141803,801.844133300685,2.8174471588821026,tp_all_reduce,10,1,-1,2,-1,"36,37,38,39"
ar_l11_tp36_37_38_39,36,-1,100663296,100.663296,all_reduce,808.7843031210639,811.5987091304128,2.814406009348902,tp_all_reduce,11,1,-1,2,-1,"36,37,38,39"
ar_l12_tp36_37_38_39,36,-1,100663296,100.663296,all_reduce,815.1277618593158,817.9461765339502,2.818414674634395,tp_all_reduce,12,1,-1,2,-1,"36,37,38,39"
ar_l13_tp36_37_38_39,36,-1,100663296,100.663296,all_reduce,824.7191199706609,827.5331775201822,2.8140575495212428,tp_all_reduce,13,1,-1,2,-1,"36,37,38,39"
ar_l14_tp36_37_38_39,36,-1,100663296,100.663296,all_reduce,831.4441221402108,834.2622968164189,2.8181746762081517,tp_all_reduce,14,1,-1,2,-1,"36,37,38,39"
ar_l15_tp36_37_38_39,36,-1,100663296,100.663296,all_reduce,841.7282096321064,844.5455453098051,2.817335677698596,tp_all_reduce,15,1,-1,2,-1,"36,37,38,39"
ar_l8_tp52_53_54_55,52,-1,100663296,100.663296,all_reduce,782.2825765444913,785.0975937735333,2.815017229041872,tp_all_reduce,8,1,-1,3,-1,"52,53,54,55"
ar_l9_tp52_53_54_55,52,-1,100663296,100.663296,all_reduce,791.9998358433553,794.8158943147683,2.8160584714129744,tp_all_reduce,9,1,-1,3,-1,"52,53,54,55"
ar_l10_tp52_53_54_55,52,-1,100663296,100.663296,all_reduce,798.9034994981037,801.7174592872581,2.81395978915433,tp_all_reduce,10,1,-1,3,-1,"52,53,54,55"
ar_l11_tp52_53_54_55,52,-1,100663296,100.663296,all_reduce,808.9209818192369,811.7353500200946,2.8143682008577864,tp_all_reduce,11,1,-1,3,-1,"52,53,54,55"
ar_l12_tp52_53_54_55,52,-1,100663296,100.663296,all_reduce,815.5201679186445,818.3377767170498,2.8176087984053133,tp_all_reduce,12,1,-1,3,-1,"52,53,54,55"
ar_l13_tp52_53_54_55,52,-1,100663296,100.663296,all_reduce,825.3446789257546,828.1590435388877,2.8143646131331135,tp_all_reduce,13,1,-1,3,-1,"52,53,54,55"
ar_l14_tp52_53_54_55,52,-1,100663296,100.663296,all_reduce,831.9049328538194,834.7212335320073,2.816300678187833,tp_all_reduce,14,1,-1,3,-1,"52,53,54,55"
ar_l15_tp52_53_54_55,52,-1,100663296,100.663296,all_reduce,841.3668656260026,844.184265539674,2.81739991367147,tp_all_reduce,15,1,-1,3,-1,"52,53,54,55"
p2p_bwd_mb5_s1_dp0,4,0,67108864,67.108864,p2p,848.7168981929545,849.9677596304448,1.2508614374902027,pp_backward,1,1,0,0,0,"4,0"
p2p_bwd_mb5_s1_dp1,20,16,67108864,67.108864,p2p,848.7168981929545,849.9677596304448,1.2508614374902027,pp_backward,1,1,0,1,1,"20,16"
p2p_bwd_mb5_s1_dp2,36,32,67108864,67.108864,p2p,848.7168981929545,849.9677596304448,1.2508614374902027,pp_backward,1,1,0,2,2,"36,32"
p2p_bwd_mb5_s1_dp3,52,48,67108864,67.108864,p2p,848.7168981929545,849.9677596304448,1.2508614374902027,pp_backward,1,1,0,3,3,"52,48"
ar_l16_tp8_9_10_11,8,-1,100663296,100.663296,all_reduce,782.2825765444913,785.0985231876354,2.815946643143996,tp_all_reduce,16,2,-1,0,-1,"8,9,10,11"
ar_l17_tp8_9_10_11,8,-1,100663296,100.663296,all_reduce,785.5873955008702,788.3999524358907,2.8125569350204715,tp_all_reduce,17,2,-1,0,-1,"8,9,10,11"
ar_l18_tp8_9_10_11,8,-1,100663296,100.663296,all_reduce,788.9756242626595,791.789973386206,2.8143491235465,tp_all_reduce,18,2,-1,0,-1,"8,9,10,11"
ar_l19_tp8_9_10_11,8,-1,100663296,100.663296,all_reduce,792.3055235161896,795.1230438420206,2.8175203258309356,tp_all_reduce,19,2,-1,0,-1,"8,9,10,11"
ar_l20_tp8_9_10_11,8,-1,100663296,100.663296,all_reduce,795.7405146452004,798.5560463974125,2.8155317522121637,tp_all_reduce,20,2,-1,0,-1,"8,9,10,11"
ar_l21_tp8_9_10_11,8,-1,100663296,100.663296,all_reduce,799.0974770712638,801.9100946037842,2.8126175325203784,tp_all_reduce,21,2,-1,0,-1,"8,9,10,11"
ar_l22_tp8_9_10_11,8,-1,100663296,100.663296,all_reduce,802.431900493268,805.2467433008386,2.8148428075704945,tp_all_reduce,22,2,-1,0,-1,"8,9,10,11"
ar_l23_tp8_9_10_11,8,-1,100663296,100.663296,all_reduce,805.7606011844371,808.5779640850035,2.8173629005664447,tp_all_reduce,23,2,-1,0,-1,"8,9,10,11"
ar_l16_tp24_25_26_27,24,-1,100663296,100.663296,all_reduce,782.2825765444913,785.0999879648712,2.817411420379723,tp_all_reduce,16,2,-1,1,-1,"24,25,26,27"
ar_l17_tp24_25_26_27,24,-1,100663296,100.663296,all_reduce,785.4513329601677,788.2686514170671,2.8173184568992538,tp_all_reduce,17,2,-1,1,-1,"24,25,26,27"
ar_l18_tp24_25_26_27,24,-1,100663296,100.663296,all_reduce,788.6544878013001,791.4687565091118,2.8142687078117623,tp_all_reduce,18,2,-1,1,-1,"24,25,26,27"
ar_l19_tp24_25_26_27,24,-1,100663296,100.663296,all_reduce,791.8073500170632,794.625252951163,2.817902934099892,tp_all_reduce,19,2,-1,1,-1,"24,25,26,27"
ar_l20_tp24_25_26_27,24,-1,100663296,100.663296,all_reduce,795.0543872552463,797.8705250395435,2.8161377842972346,tp_all_reduce,20,2,-1,1,-1,"24,25,26,27"
ar_l21_tp24_25_26_27,24,-1,100663296,100.663296,all_reduce,798.3299168672054,801.1479327752838,2.8180159080785083,tp_all_reduce,21,2,-1,1,-1,"24,25,26,27"
ar_l22_tp24_25_26_27,24,-1,100663296,100.663296,all_reduce,801.5830032193713,804.39851778788,2.8155145685085925,tp_all_reduce,22,2,-1,1,-1,"24,25,26,27"
ar_l23_tp24_25_26_27,24,-1,100663296,100.663296,all_reduce,804.7955531356583,807.6116499288063,2.816096793147982,tp_all_reduce,23,2,-1,1,-1,"24,25,26,27"
ar_l16_tp40_41_42_43,40,-1,100663296,100.663296,all_reduce,782.2825765444913,785.0973375741896,2.814761029698243,tp_all_reduce,16,2,-1,2,-1,"40,41,42,43"
ar_l17_tp40_41_42_43,40,-1,100663296,100.663296,all_reduce,785.4558311120275,788.2723393940495,2.8165082820220677,tp_all_reduce,17,2,-1,2,-1,"40,41,42,43"
ar_l18_tp40_41_42_43,40,-1,100663296,100.663296,all_reduce,788.8868122737105,791.7030896961386,2.8162774224280707,tp_all_reduce,18,2,-1,2,-1,"40,41,42,43"
ar_l19_tp40_41_42_43,40,-1,100663296,100.663296,all_reduce,792.1066291183065,794.9227950162988,2.8161658979922732,tp_all_reduce,19,2,-1,2,-1,"40,41,42,43"
ar_l20_tp40_41_42_43,40,-1,100663296,100.663296,all_reduce,795.2802731106267,798.0942699947974,2.813996884170722,tp_all_reduce,20,2,-1,2,-1,"40,41,42,43"
ar_l21_tp40_41_42_43,40,-1,100663296,100.663296,all_reduce,798.5147983797355,801.3306756139337,2.815877234198294,tp_all_reduce,21,2,-1,2,-1,"40,41,42,43"
ar_l22_tp40_41_42_43,40,-1,100663296,100.663296,all_reduce,801.948722986402,804.7652559662341,2.816532979832198,tp_all_reduce,22,2,-1,2,-1,"40,41,42,43"
ar_l23_tp40_41_42_43,40,-1,100663296,100.663296,all_reduce,805.3869393259957,808.199604758025,2.812665432029293,tp_all_reduce,23,2,-1,2,-1,"40,41,42,43"
ar_l16_tp56_57_58_59,56,-1,100663296,100.663296,all_reduce,782.2825765444913,785.0969778627349,2.814401318243509,tp_all_reduce,16,2,-1,3,-1,"56,57,58,59"
ar_l17_tp56_57_58_59,56,-1,100663296,100.663296,all_reduce,785.6962396688675,788.5090953270869,2.8128556582194264,tp_all_reduce,17,2,-1,3,-1,"56,57,58,59"
ar_l18_tp56_57_58_59,56,-1,100663296,100.663296,all_reduce,788.8598229782515,791.6750384069003,2.8152154286487097,tp_all_reduce,18,2,-1,3,-1,"56,57,58,59"
ar_l19_tp56_57_58_59,56,-1,100663296,100.663296,all_reduce,792.2364652792214,795.0521173551091,2.8156520758876313,tp_all_reduce,19,2,-1,3,-1,"56,57,58,59"
ar_l20_tp56_57_58_59,56,-1,100663296,100.663296,all_reduce,795.6574640493692,798.4730943868922,2.8156303375229674,tp_all_reduce,20,2,-1,3,-1,"56,57,58,59"
ar_l21_tp56_57_58_59,56,-1,100663296,100.663296,all_reduce,798.9998987602528,801.8179105463124,2.818011786059671,tp_all_reduce,21,2,-1,3,-1,"56,57,58,59"
ar_l22_tp56_57_58_59,56,-1,100663296,100.663296,all_reduce,802.2610150045207,805.0736994350058,2.8126844304849907,tp_all_reduce,22,2,-1,3,-1,"56,57,58,59"
ar_l23_tp56_57_58_59,56,-1,100663296,100.663296,all_reduce,805.6869298107653,808.5044488661588,2.8175190553935137,tp_all_reduce,23,2,-1,3,-1,"56,57,58,59"
p2p_fwd_mb7_s2_dp0,8,12,67108864,67.108864,p2p,809.0636813462903,810.3146869347952,1.2510055885049942,pp_forward,2,2,3,0,0,"8,12"
p2p_fwd_mb7_s2_dp1,24,28,67108864,67.108864,p2p,809.0636813462903,810.3146869347952,1.2510055885049942,pp_forward,2,2,3,1,1,"24,28"
p2p_fwd_mb7_s2_dp2,40,44,67108864,67.108864,p2p,809.0636813462903,810.3146869347952,1.2510055885049942,pp_forward,2,2,3,2,2,"40,44"
p2p_fwd_mb7_s2_dp3,56,60,67108864,67.108864,p2p,809.0636813462903,810.3146869347952,1.2510055885049942,pp_forward,2,2,3,3,3,"56,60"
ar_l24_tp12_13_14_15,12,-1,100663296,100.663296,all_reduce,744.4289716463929,747.2470074674196,2.8180358210266876,tp_all_reduce,24,3,-1,0,-1,"12,13,14,15"
ar_l25_tp12_13_14_15,12,-1,100663296,100.663296,all_reduce,754.5901232127183,757.4058461482829,2.8157229355646463,tp_all_reduce,25,3,-1,0,-1,"12,13,14,15"
ar_l26_tp12_13_14_15,12,-1,100663296,100.663296,all_reduce,761.2729476520547,764.0893861101819,2.8164384581271795,tp_all_reduce,26,3,-1,0,-1,"12,13,14,15"
ar_l27_tp12_13_14_15,12,-1,100663296,100.663296,all_reduce,771.0282781580912,773.8461473348233,2.817869176732102,tp_all_reduce,27,3,-1,0,-1,"12,13,14,15"
ar_l28_tp12_13_14_15,12,-1,100663296,100.663296,all_reduce,777.7056187120678,780.5221402366417,2.8165215245739006,tp_all_reduce,28,3,-1,0,-1,"12,13,14,15"
ar_l29_tp12_13_14_15,12,-1,100663296,100.663296,all_reduce,787.7860005370403,790.6009107348856,2.8149101978452995,tp_all_reduce,29,3,-1,0,-1,"12,13,14,15"
ar_l30_tp12_13_14_15,12,-1,100663296,100.663296,all_reduce,794.4534424045464,797.2660079408796,2.8125655363332447,tp_all_reduce,30,3,-1,0,-1,"12,13,14,15"
ar_l31_tp12_13_14_15,12,-1,100663296,100.663296,all_reduce,804.3086098587671,807.1232756210892,2.814665762322144,tp_all_reduce,31,3,-1,0,-1,"12,13,14,15"
ar_l24_tp28_29_30_31,28,-1,100663296,100.663296,all_reduce,744.4289716463929,747.2426641417067,2.8136924953137132,tp_all_reduce,24,3,-1,1,-1,"28,29,30,31"
ar_l25_tp28_29_30_31,28,-1,100663296,100.663296,all_reduce,754.4034817596173,757.2191697073762,2.8156879477587715,tp_all_reduce,25,3,-1,1,-1,"28,29,30,31"
ar_l26_tp28_29_30_31,28,-1,100663296,100.663296,all_reduce,761.214392240208,764.0317676229878,2.8173753827797077,tp_all_reduce,26,3,-1,1,-1,"28,29,30,31"
ar_l27_tp28_29_30_31,28,-1,100663296,100.663296,all_reduce,771.0517488135172,773.8693029276898,2.8175541141726157,tp_all_reduce,27,3,-1,1,-1,"28,29,30,31"
ar_l28_tp28_29_30_31,28,-1,100663296,100.663296,all_reduce,777.4409327380281,780.2575805239558,2.8166477859277173,tp_all_reduce,28,3,-1,1,-1,"28,29,30,31"
ar_l29_tp28_29_30_31,28,-1,100663296,100.663296,all_reduce,787.1957628154546,790.0141494152243,2.81838659976974,tp_all_reduce,29,3,-1,1,-1,"28,29,30,31"
ar_l30_tp28_29_30_31,28,-1,100663296,100.663296,all_reduce,793.8273356152987,796.6425102333762,2.815174618077565,tp_all_reduce,30,3,-1,1,-1,"28,29,30,31"
ar_l31_tp28_29_30_31,28,-1,100663296,100.663296,all_reduce,803.7247411877993,806.5375682540248,2.812827066225543,tp_all_reduce,31,3,-1,1,-1,"28,29,30,31"
ar_l24_tp44_45_46_47,44,-1,100663296,100.663296,all_reduce,744.4289716463929,747.2442386841924,2.8152670377994404,tp_all_reduce,24,3,-1,2,-1,"44,45,46,47"
ar_l25_tp44_45_46_47,44,-1,100663296,100.663296,all_reduce,754.4314936197554,757.2485023550005,2.8170087352450413,tp_all_reduce,25,3,-1,2,-1,"44,45,46,47"
ar_l26_tp44_45_46_47,44,-1,100663296,100.663296,all_reduce,760.8664174887372,763.6790874979685,2.812670009231244,tp_all_reduce,26,3,-1,2,-1,"44,45,46,47"
ar_l27_tp44_45_46_47,44,-1,100663296,100.663296,all_reduce,770.7350926559014,773.5482335815641,2.8131409256626494,tp_all_reduce,27,3,-1,2,-1,"44,45,46,47"
ar_l28_tp44_45_46_47,44,-1,100663296,100.663296,all_reduce,777.0287049473487,779.8430212035665,2.8143162562177526,tp_all_reduce,28,3,-1,2,-1,"44,45,46,47"
ar_l29_tp44_45_46_47,44,-1,100663296,100.663296,all_reduce,787.0918031408057,789.9102540479228,2.818450907117076,tp_all_reduce,29,3,-1,2,-1,"44,45,46,47"
ar_l30_tp44_45_46_47,44,-1,100663296,100.663296,all_reduce,793.4184957809161,796.2344840004051,2.8159882194889185,tp_all_reduce,30,3,-1,2,-1,"44,45,46,47"
ar_l31_tp44_45_46_47,44,-1,100663296,100.663296,all_reduce,803.3824657168476,806.1977909119285,2.8153251950808755,tp_all_reduce,31,3,-1,2,-1,"44,45,46,47"
ar_l24_tp60_61_62_63,60,-1,100663296,100.663296,all_reduce,744.4289716463929,747.2433698369659,2.814398190572942,tp_all_reduce,24,3,-1,3,-1,"60,61,62,63"
ar_l25_tp60_61_62_63,60,-1,100663296,100.663296,all_reduce,754.0225150053606,756.8376670386667,2.8151520333061786,tp_all_reduce,25,3,-1,3,-1,"60,61,62,63"
ar_l26_tp60_61_62_63,60,-1,100663296,100.663296,all_reduce,760.5698184950777,763.38446549712,2.8146470020423697,tp_all_reduce,26,3,-1,3,-1,"60,61,62,63"
ar_l27_tp60_61_62_63,60,-1,100663296,100.663296,all_reduce,770.1971600702375,773.0122849027792,2.81512483254176,tp_all_reduce,27,3,-1,3,-1,"60,61,62,63"
ar_l28_tp60_61_62_63,60,-1,100663296,100.663296,all_reduce,776.5805839905407,779.396436680732,2.815852690191245,tp_all_reduce,28,3,-1,3,-1,"60,61,62,63"
ar_l29_tp60_61_62_63,60,-1,100663296,100.663296,all_reduce,786.1992607369433,789.0161735630402,2.8169128260968623,tp_all_reduce,29,3,-1,3,-1,"60,61,62,63"
ar_l30_tp60_61_62_63,60,-1,100663296,100.663296,all_reduce,793.0458071175851,795.8597169295105,2.813909811925308,tp_all_reduce,30,3,-1,3,-1,"60,61,62,63"
ar_l31_tp60_61_62_63,60,-1,100663296,100.663296,all_reduce,803.0412511989389,805.855532376863,2.8142811779241494,tp_all_reduce,31,3,-1,3,-1,"60,61,62,63"
p2p_bwd_mb6_s3_dp0,12,8,67108864,67.108864,p2p,817.5775753111662,818.828402469951,1.250827158784773,pp_backward,3,3,2,0,0,"12,8"
p2p_bwd_mb6_s3_dp1,28,24,67108864,67.108864,p2p,817.5775753111662,818.828402469951,1.250827158784773,pp_backward,3,3,2,1,1,"28,24"
p2p_bwd_mb6_s3_dp2,44,40,67108864,67.108864,p2p,817.5775753111662,818.828402469951,1.250827158784773,pp_backward,3,3,2,2,2,"44,40"
p2p_bwd_mb6_s3_dp3,60,56,67108864,67.108864,p2p,817.5775753111662,818.828402469951,1.250827158784773,pp_backward,3,3,2,3,3,"60,56"
ar_l0_tp0_1_2_3,0,-1,100663296,100.663296,all_reduce,850.0703295472258,852.8874082708717,2.817078723645894,tp_all_reduce,0,0,-1,0,-1,"0,1,2,3"
ar_l1_tp0_1_2_3,0,-1,100663296,100.663296,all_reduce,859.9281654399338,862.7424756311111,2.814310191177394,tp_all_reduce,1,0,-1,0,-1,"0,1,2,3"
ar_l2_tp0_1_2_3,0,-1,100663296,100.663296,all_reduce,866.5498474131862,869.3635828371232,2.813735423937036,tp_all_reduce,2,0,-1,0,-1,"0,1,2,3"
ar_l3_tp0_1_2_3,0,-1,100663296,100.663296,all_reduce,876.3482571429104,879.1647497107195,2.816492567809137,tp_all_reduce,3,0,-1,0,-1,"0,1,2,3"
ar_l4_tp0_1_2_3,0,-1,100663296,100.663296,all_reduce,883.2392873273125,886.0559798365881,2.816692509275631,tp_all_reduce,4,0,-1,0,-1,"0,1,2,3"
ar_l5_tp0_1_2_3,0,-1,100663296,100.663296,all_reduce,893.119938617404,895.9373232010321,2.817384583628124,tp_all_reduce,5,0,-1,0,-1,"0,1,2,3"
ar_l6_tp0_1_2_3,0,-1,100663296,100.663296,all_reduce,899.8878392374024,902.702890146758,2.815050909355521,tp_all_reduce,6,0,-1,0,-1,"0,1,2,3"
ar_l7_tp0_1_2_3,0,-1,100663296,100.663296,all_reduce,909.8669875582474,912.6828854349772,2.815897876729756,tp_all_reduce,7,0,-1,0,-1,"0,1,2,3"
ar_l0_tp16_17_18_19,16,-1,100663296,100.663296,all_reduce,850.0633436573236,852.8811627590404,2.8178191017168563,tp_all_reduce,0,0,-1,1,-1,"16,17,18,19"
ar_l1_tp16_17_18_19,16,-1,100663296,100.663296,all_reduce,859.8064932126762,862.6246838854789,2.818190672802756,tp_all_reduce,1,0,-1,1,-1,"16,17,18,19"
ar_l2_tp16_17_18_19,16,-1,100663296,100.663296,all_reduce,866.3063672056473,869.1230615320803,2.8166943264329447,tp_all_reduce,2,0,-1,1,-1,"16,17,18,19"
ar_l3_tp16_17_18_19,16,-1,100663296,100.663296,all_reduce,876.3409614827905,879.1586137205056,2.817652237715129,tp_all_reduce,3,0,-1,1,-1,"16,17,18,19"
ar_l4_tp16_17_18_19,16,-1,100663296,100.663296,all_reduce,883.0025624617809,885.8163995529561,2.8138370911751087,tp_all_reduce,4,0,-1,1,-1,"16,17,18,19"
ar_l5_tp16_17_18_19,16,-1,100663296,100.663296,all_reduce,892.5401528913274,895.3560513849494,2.815898493622071,tp_all_reduce,5,0,-1,1,-1,"16,17,18,19"
ar_l6_tp16_17_18_19,16,-1,100663296,100.663296,all_reduce,899.2903433743002,902.1069279511356,2.8165845768354236,tp_all_reduce,6,0,-1,1,-1,"16,17,18,19"
ar_l7_tp16_17_18_19,16,-1,100663296,100.663296,all_reduce,908.9276370364414,911.7402542563451,2.812617219903668,tp_all_reduce,7,0,-1,1,-1,"16,17,18,19"
ar_l0_tp32_33_34_35,32,-1,100663296,100.663296,all_reduce,850.0639862996622,852.8789319512495,2.8149456515871307,tp_all_reduce,0,0,-1,2,-1,"32,33,34,35"
ar_l1_tp32_33_34_35,32,-1,100663296,100.663296,all_reduce,860.2559573467803,863.0692042926318,2.8132469458514997,tp_all_reduce,1,0,-1,2,-1,"32,33,34,35"
ar_l2_tp32_33_34_35,32,-1,100663296,100.663296,all_reduce,866.7596099744601,869.5721751027745,2.8125651283144038,tp_all_reduce,2,0,-1,2,-1,"32,33,34,35"
ar_l3_tp32_33_34_35,32,-1,100663296,100.663296,all_reduce,876.3792953153884,879.1930720847223,2.81377676933392,tp_all_reduce,3,0,-1,2,-1,"32,33,34,35"
ar_l4_tp32_33_34_35,32,-1,100663296,100.663296,all_reduce,882.9918455504716,885.8091651196196,2.8173195691479913,tp_all_reduce,4,0,-1,2,-1,"32,33,34,35"
ar_l5_tp32_33_34_35,32,-1,100663296,100.663296,all_reduce,893.1232822847974,895.9369527896963,2.813670504899002,tp_all_reduce,5,0,-1,2,-1,"32,33,34,35"
ar_l6_tp32_33_34_35,32,-1,100663296,100.663296,all_reduce,899.5147703219094,902.3327659793823,2.8179956574728715,tp_all_reduce,6,0,-1,2,-1,"32,33,34,35"
ar_l7_tp32_33_34_35,32,-1,100663296,100.663296,all_reduce,909.1407300363969,911.9535770422817,2.8128470058848,tp_all_reduce,7,0,-1,2,-1,"32,33,34,35"
ar_l0_tp48_49_50_51,48,-1,100663296,100.663296,all_reduce,850.0695107855544,852.8866497553743,2.8171389698199434,tp_all_reduce,0,0,-1,3,-1,"48,49,50,51"
ar_l1_tp48_49_50_51,48,-1,100663296,100.663296,all_reduce,860.015399724912,862.8280775553486,2.812677830436705,tp_all_reduce,1,0,-1,3,-1,"48,49,50,51"
ar_l2_tp48_49_50_51,48,-1,100663296,100.663296,all_reduce,866.9687728866046,869.7846933295444,2.8159204429398788,tp_all_reduce,2,0,-1,3,-1,"48,49,50,51"
ar_l3_tp48_49_50_51,48,-1,100663296,100.663296,all_reduce,877.1234277659845,879.9370752934681,2.813647527483587,tp_all_reduce,3,0,-1,3,-1,"48,49,50,51"
ar_l4_tp48_49_50_51,48,-1,100663296,100.663296,all_reduce,884.062780393535,886.8795373925991,2.8167569990640295,tp_all_reduce,4,0,-1,3,-1,"48,49,50,51"
ar_l5_tp48_49_50_51,48,-1,100663296,100.663296,all_reduce,893.9839218881751,896.7999865681899,2.816064680014718,tp_all_reduce,5,0,-1,3,-1,"48,49,50,51"
ar_l6_tp48_49_50_51,48,-1,100663296,100.663296,all_reduce,900.8778016889293,903.6940975635612,2.8162958746318356,tp_all_reduce,6,0,-1,3,-1,"48,49,50,51"
ar_l7_tp48_49_50_51,48,-1,100663296,100.663296,all_reduce,910.4137315669946,913.2272327998035,2.8135012328088793,tp_all_reduce,7,0,-1,3,-1,"48,49,50,51"
ar_l8_tp4_5_6_7,4,-1,100663296,100.663296,all_reduce,849.9677596304448,852.7824830448845,2.8147234144397792,tp_all_reduce,8,1,-1,0,-1,"4,5,6,7"
ar_l9_tp4_5_6_7,4,-1,100663296,100.663296,all_reduce,853.1854505121511,856.001894575265,2.8164440631139875,tp_all_reduce,9,1,-1,0,-1,"4,5,6,7"
ar_l10_tp4_5_6_7,4,-1,100663296,100.663296,all_reduce,856.6094151358307,859.4224394959101,2.8130243600794635,tp_all_reduce,10,1,-1,0,-1,"4,5,6,7"
ar_l11_tp4_5_6_7,4,-1,100663296,100.663296,all_reduce,859.9124486489453,862.7278327479438,2.815384098998508,tp_all_reduce,11,1,-1,0,-1,"4,5,6,7"
ar_l12_tp4_5_6_7,4,-1,100663296,100.663296,all_reduce,863.1426617906397,865.9591477269057,2.8164859362660444,tp_all_reduce,12,1,-1,0,-1,"4,5,6,7"
ar_l13_tp4_5_6_7,4,-1,100663296,100.663296,all_reduce,866.5688191142841,869.3862912182117,2.8174721039275763,tp_all_reduce,13,1,-1,0,-1,"4,5,6,7"
ar_l14_tp4_5_6_7,4,-1,100663296,100.663296,all_reduce,869.9692142013672,872.7819617122132,2.8127475108459254,tp_all_reduce,14,1,-1,0,-1,"4,5,6,7"
ar_l15_tp4_5_6_7,4,-1,100663296,100.663296,all_reduce,873.440643183842,876.2572610127664,2.816617828924506,tp_all_reduce,15,1,-1,0,-1,"4,5,6,7"
ar_l8_tp20_21_22_23,20,-1,100663296,100.663296,all_reduce,849.9677596304448,852.7822630172469,2.814503386802114,tp_all_reduce,8,1,-1,1,-1,"20,21,22,23"
ar_l9_tp20_21_22_23,20,-1,100663296,100.663296,all_reduce,853.3048572638543,856.1193866202345,2.8145293563802687,tp_all_reduce,9,1,-1,1,-1,"20,21,22,23"
ar_l10_tp20_21_22_23,20,-1,100663296,100.663296,all_reduce,856.5819304790768,859.3962860747258,2.8143555956490207,tp_all_reduce,10,1,-1,1,-1,"20,21,22,23"
ar_l11_tp20_21_22_23,20,-1,100663296,100.663296,all_reduce,859.8169565382432,862.6331699127888,2.8162133745456286,tp_all_reduce,11,1,-1,1,-1,"20,21,22,23"
ar_l12_tp20_21_22_23,20,-1,100663296,100.663296,all_reduce,863.2829366332602,866.101184668013,2.818248034752835,tp_all_reduce,12,1,-1,1,-1,"20,21,22,23"
ar_l13_tp20_21_22_23,20,-1,100663296,100.663296,all_reduce,866.7516498794145,869.5670989879069,2.815449108492407,tp_all_reduce,13,1,-1,1,-1,"20,21,22,23"
ar_l14_tp20_21_22_23,20,-1,100663296,100.663296,all_reduce,870.0069775383863,872.8211093400323,2.814131801646025,tp_all_reduce,14,1,-1,1,-1,"20,21,22,23"
ar_l15_tp20_21_22_23,20,-1,100663296,100.663296,all_reduce,873.1907224785917,876.0076867400857,2.816964261493915,tp_all_reduce,15,1,-1,1,-1,"20,21,22,23"
ar_l8_tp36_37_38_39,36,-1,100663296,100.663296,all_reduce,849.9677596304448,852.7816172369355,2.813857606490666,tp_all_reduce,8,1,-1,2,-1,"36,37,38,39"
ar_l9_tp36_37_38_39,36,-1,100663296,100.663296,all_reduce,853.3402070890736,856.1560041334686,2.815797044394941,tp_all_reduce,9,1,-1,2,-1,"36,37,38,39"
ar_l10_tp36_37_38_39,36,-1,100663296,100.663296,all_reduce,856.7010397911182,859.518487559572,2.817447768453829,tp_all_reduce,10,1,-1,2,-1,"36,37,38,39"
ar_l11_tp36_37_38_39,36,-1,100663296,100.663296,all_reduce,860.0461695773038,862.8593935746302,2.8132239973264195,tp_all_reduce,11,1,-1,2,-1,"36,37,38,39"
ar_l12_tp36_37_38_39,36,-1,100663296,100.663296,all_reduce,863.2292106116066,866.0467924640222,2.8175818524156515,tp_all_reduce,12,1,-1,2,-1,"36,37,38,39"
ar_l13_tp36_37_38_39,36,-1,100663296,100.663296,all_reduce,866.489043393886,869.3062578891191,2.8172144952332,tp_all_reduce,13,1,-1,2,-1,"36,37,38,39"
ar_l14_tp36_37_38_39,36,-1,100663296,100.663296,all_reduce,869.9601324476732,872.7763702334529,2.8162377857796628,tp_all_reduce,14,1,-1,2,-1,"36,37,38,39"
ar_l15_tp36_37_38_39,36,-1,100663296,100.663296,all_reduce,873.3463980974814,876.162060555986,2.8156624585046197,tp_all_reduce,15,1,-1,2,-1,"36,37,38,39"
ar_l8_tp52_53_54_55,52,-1,100663296,100.663296,all_reduce,849.9677596304448,852.7804322459936,2.812672615548739,tp_all_reduce,8,1,-1,3,-1,"52,53,54,55"
ar_l9_tp52_53_54_55,52,-1,100663296,100.663296,all_reduce,853.4195497771888,856.2371149381244,2.8175651609355645,tp_all_reduce,9,1,-1,3,-1,"52,53,54,55"
ar_l10_tp52_53_54_55,52,-1,100663296,100.663296,all_reduce,856.7510753765431,859.5651230290146,2.8140476524715075,tp_all_reduce,10,1,-1,3,-1,"52,53,54,55"
ar_l11_tp52_53_54_55,52,-1,100663296,100.663296,all_reduce,860.1067121297059,862.9227152004918,2.8160030707858885,tp_all_reduce,11,1,-1,3,-1,"52,53,54,55"
ar_l12_tp52_53_54_55,52,-1,100663296,100.663296,all_reduce,863.4681419705585,866.2831568165293,2.815014845970909,tp_all_reduce,12,1,-1,3,-1,"52,53,54,55"
ar_l13_tp52_53_54_55,52,-1,100663296,100.663296,all_reduce,866.6611597239744,869.4750594215842,2.813899697609812,tp_all_reduce,13,1,-1,3,-1,"52,53,54,55"
ar_l14_tp52_53_54_55,52,-1,100663296,100.663296,all_reduce,870.0515150624385,872.8679544338275,2.81643937138909,tp_all_reduce,14,1,-1,3,-1,"52,53,54,55"
ar_l15_tp52_53_54_55,52,-1,100663296,100.663296,all_reduce,873.221863647206,876.040151002181,2.8182873549750243,tp_all_reduce,15,1,-1,3,-1,"52,53,54,55"
p2p_fwd_mb8_s1_dp0,4,8,67108864,67.108864,p2p,876.7291052773372,877.9811117396821,1.2520064623448013,pp_forward,1,1,2,0,0,"4,8"
p2p_fwd_mb8_s1_dp1,20,24,67108864,67.108864,p2p,876.7291052773372,877.9811117396821,1.2520064623448013,pp_forward,1,1,2,1,1,"20,24"
p2p_fwd_mb8_s1_dp2,36,40,67108864,67.108864,p2p,876.7291052773372,877.9811117396821,1.2520064623448013,pp_forward,1,1,2,2,2,"36,40"
p2p_fwd_mb8_s1_dp3,52,56,67108864,67.108864,p2p,876.7291052773372,877.9811117396821,1.2520064623448013,pp_forward,1,1,2,3,3,"52,56"
ar_l16_tp8_9_10_11,8,-1,100663296,100.663296,all_reduce,818.828402469951,821.64598255433,2.8175800843789345,tp_all_reduce,16,2,-1,0,-1,"8,9,10,11"
ar_l17_tp8_9_10_11,8,-1,100663296,100.663296,all_reduce,828.5829731907653,831.3980236777577,2.8150504869923765,tp_all_reduce,17,2,-1,0,-1,"8,9,10,11"
ar_l18_tp8_9_10_11,8,-1,100663296,100.663296,all_reduce,834.8772549326633,837.6899312283762,2.8126762957129126,tp_all_reduce,18,2,-1,0,-1,"8,9,10,11"
ar_l19_tp8_9_10_11,8,-1,100663296,100.663296,all_reduce,845.1657835821366,847.9815114898626,2.8157279077259956,tp_all_reduce,19,2,-1,0,-1,"8,9,10,11"
ar_l20_tp8_9_10_11,8,-1,100663296,100.663296,all_reduce,851.8577828102076,854.6737199127439,2.815937102536248,tp_all_reduce,20,2,-1,0,-1,"8,9,10,11"
ar_l21_tp8_9_10_11,8,-1,100663296,100.663296,all_reduce,862.0461603775764,864.8602197523219,2.8140593747454368,tp_all_reduce,21,2,-1,0,-1,"8,9,10,11"
ar_l22_tp8_9_10_11,8,-1,100663296,100.663296,all_reduce,868.9925830225437,871.806319881952,2.8137368594083334,tp_all_reduce,22,2,-1,0,-1,"8,9,10,11"
ar_l23_tp8_9_10_11,8,-1,100663296,100.663296,all_reduce,878.7598491165113,881.577444423552,2.8175953070407322,tp_all_reduce,23,2,-1,0,-1,"8,9,10,11"
ar_l16_tp24_25_26_27,24,-1,100663296,100.663296,all_reduce,818.828402469951,821.6444681558088,2.8160656858577937,tp_all_reduce,16,2,-1,1,-1,"24,25,26,27"
ar_l17_tp24_25_26_27,24,-1,100663296,100.663296,all_reduce,828.9422403013917,831.7556394811505,2.8133991797587576,tp_all_reduce,17,2,-1,1,-1,"24,25,26,27"
ar_l18_tp24_25_26_27,24,-1,100663296,100.663296,all_reduce,835.5462668339134,838.3601376258106,2.8138707918972106,tp_all_reduce,18,2,-1,1,-1,"24,25,26,27"
ar_l19_tp24_25_26_27,24,-1,100663296,100.663296,all_reduce,845.2294720047009,848.0464544857062,2.81698248100537,tp_all_reduce,19,2,-1,1,-1,"24,25,26,27"
ar_l20_tp24_25_26_27,24,-1,100663296,100.663296,all_reduce,851.8042166709915,854.6200067128779,2.815790041886368,tp_all_reduce,20,2,-1,1,-1,"24,25,26,27"
ar_l21_tp24_25_26_27,24,-1,100663296,100.663296,all_reduce,861.6074483251463,864.4240615263219,2.816613201175655,tp_all_reduce,21,2,-1,1,-1,"24,25,26,27"
ar_l22_tp24_25_26_27,24,-1,100663296,100.663296,all_reduce,868.3148710304791,871.1284100854976,2.813539055018577,tp_all_reduce,22,2,-1,1,-1,"24,25,26,27"
ar_l23_tp24_25_26_27,24,-1,100663296,100.663296,all_reduce,878.3609787059075,881.1772826255841,2.816303919676577,tp_all_reduce,23,2,-1,1,-1,"24,25,26,27"
ar_l16_tp40_41_42_43,40,-1,100663296,100.663296,all_reduce,818.828402469951,821.6468079746176,2.818405504666499,tp_all_reduce,16,2,-1,2,-1,"40,41,42,43"
ar_l17_tp40_41_42_43,40,-1,100663296,100.663296,all_reduce,829.0464414701113,831.8624402820063,2.815998811894982,tp_all_reduce,17,2,-1,2,-1,"40,41,42,43"
ar_l18_tp40_41_42_43,40,-1,100663296,100.663296,all_reduce,835.7216877831286,838.5379947899054,2.816307006776819,tp_all_reduce,18,2,-1,2,-1,"40,41,42,43"
ar_l19_tp40_41_42_43,40,-1,100663296,100.663296,all_reduce,845.4955100698811,848.3123137518152,2.8168036819340436,tp_all_reduce,19,2,-1,2,-1,"40,41,42,43"
ar_l20_tp40_41_42_43,40,-1,100663296,100.663296,all_reduce,851.9151436648,854.7315904929009,2.8164468281007826,tp_all_reduce,20,2,-1,2,-1,"40,41,42,43"
ar_l21_tp40_41_42_43,40,-1,100663296,100.663296,all_reduce,862.1901968961986,865.0044310257551,2.814234129556503,tp_all_reduce,21,2,-1,2,-1,"40,41,42,43"
ar_l22_tp40_41_42_43,40,-1,100663296,100.663296,all_reduce,868.6173344420895,871.4301217047881,2.812787262698735,tp_all_reduce,22,2,-1,2,-1,"40,41,42,43"
ar_l23_tp40_41_42_43,40,-1,100663296,100.663296,all_reduce,878.5365424044054,881.3504956402198,2.813953235814459,tp_all_reduce,23,2,-1,2,-1,"40,41,42,43"
ar_l16_tp56_57_58_59,56,-1,100663296,100.663296,all_reduce,818.828402469951,821.6468881332825,2.818485663331427,tp_all_reduce,16,2,-1,3,-1,"56,57,58,59"
ar_l17_tp56_57_58_59,56,-1,100663296,100.663296,all_reduce,828.3931622089491,831.2072130895108,2.814050880561636,tp_all_reduce,17,2,-1,3,-1,"56,57,58,59"
ar_l18_tp56_57_58_59,56,-1,100663296,100.663296,all_reduce,835.0714561850823,837.8845060055563,2.813049820474034,tp_all_reduce,18,2,-1,3,-1,"56,57,58,59"
ar_l19_tp56_57_58_59,56,-1,100663296,100.663296,all_reduce,845.0020129327714,847.815401508272,2.8133885755005084,tp_all_reduce,19,2,-1,3,-1,"56,57,58,59"
ar_l20_tp56_57_58_59,56,-1,100663296,100.663296,all_reduce,851.7378543229673,854.5533374743477,2.81548315138036,tp_all_reduce,20,2,-1,3,-1,"56,57,58,59"
ar_l21_tp56_57_58_59,56,-1,100663296,100.663296,all_reduce,861.2271473610767,864.0402993173985,2.8131519563218133,tp_all_reduce,21,2,-1,3,-1,"56,57,58,59"
ar_l22_tp56_57_58_59,56,-1,100663296,100.663296,all_reduce,867.7687917757763,870.5871016390251,2.8183098632488246,tp_all_reduce,22,2,-1,3,-1,"56,57,58,59"
ar_l23_tp56_57_58_59,56,-1,100663296,100.663296,all_reduce,877.7538154612495,880.5671176895934,2.8133022283439724,tp_all_reduce,23,2,-1,3,-1,"56,57,58,59"
p2p_bwd_mb6_s2_dp0,8,4,67108864,67.108864,p2p,885.2328800218716,886.4850078570141,1.2521278351426135,pp_backward,2,2,1,0,0,"8,4"
p2p_bwd_mb6_s2_dp1,24,20,67108864,67.108864,p2p,885.2328800218716,886.4850078570141,1.2521278351426135,pp_backward,2,2,1,1,1,"24,20"
p2p_bwd_mb6_s2_dp2,40,36,67108864,67.108864,p2p,885.2328800218716,886.4850078570141,1.2521278351426135,pp_backward,2,2,1,2,2,"40,36"
p2p_bwd_mb6_s2_dp3,56,52,67108864,67.108864,p2p,885.2328800218716,886.4850078570141,1.2521278351426135,pp_backward,2,2,1,3,3,"56,52"
ar_l24_tp12_13_14_15,12,-1,100663296,100.663296,all_reduce,818.828402469951,821.6459224339959,2.81751996404489,tp_all_reduce,24,3,-1,0,-1,"12,13,14,15"
ar_l25_tp12_13_14_15,12,-1,100663296,100.663296,all_reduce,822.1184337851997,824.933920134962,2.815486349762253,tp_all_reduce,25,3,-1,0,-1,"12,13,14,15"
ar_l26_tp12_13_14_15,12,-1,100663296,100.663296,all_reduce,825.3170227724937,828.1315082188531,2.814485446359427,tp_all_reduce,26,3,-1,0,-1,"12,13,14,15"
ar_l27_tp12_13_14_15,12,-1,100663296,100.663296,all_reduce,828.5205724666171,831.3369846730129,2.8164122063958352,tp_all_reduce,27,3,-1,0,-1,"12,13,14,15"
ar_l28_tp12_13_14_15,12,-1,100663296,100.663296,all_reduce,831.7574890562043,834.5757851061237,2.8182960499193443,tp_all_reduce,28,3,-1,0,-1,"12,13,14,15"
ar_l29_tp12_13_14_15,12,-1,100663296,100.663296,all_reduce,835.0539622388671,837.871528851589,2.8175666127218113,tp_all_reduce,29,3,-1,0,-1,"12,13,14,15"
ar_l30_tp12_13_14_15,12,-1,100663296,100.663296,all_reduce,838.3871081144209,841.2043562578356,2.8172481434145524,tp_all_reduce,30,3,-1,0,-1,"12,13,14,15"
ar_l31_tp12_13_14_15,12,-1,100663296,100.663296,all_reduce,841.6216145151078,844.4385528150766,2.816938299968874,tp_all_reduce,31,3,-1,0,-1,"12,13,14,15"
ar_l24_tp28_29_30_31,28,-1,100663296,100.663296,all_reduce,818.828402469951,821.646224583728,2.817822113776902,tp_all_reduce,24,3,-1,1,-1,"28,29,30,31"
ar_l25_tp28_29_30_31,28,-1,100663296,100.663296,all_reduce,822.0812690256146,824.8955988325906,2.814329806976046,tp_all_reduce,25,3,-1,1,-1,"28,29,30,31"
ar_l26_tp28_29_30_31,28,-1,100663296,100.663296,all_reduce,825.2465235489815,828.0638349579934,2.817311409011869,tp_all_reduce,26,3,-1,1,-1,"28,29,30,31"
ar_l27_tp28_29_30_31,28,-1,100663296,100.663296,all_reduce,828.5980927166181,831.4141387590801,2.816046042461995,tp_all_reduce,27,3,-1,1,-1,"28,29,30,31"
ar_l28_tp28_29_30_31,28,-1,100663296,100.663296,all_reduce,831.7888907043676,834.6060968675184,2.8172061631507317,tp_all_reduce,28,3,-1,1,-1,"28,29,30,31"
ar_l29_tp28_29_30_31,28,-1,100663296,100.663296,all_reduce,835.0287452410195,837.84451664856,2.815771407540524,tp_all_reduce,29,3,-1,1,-1,"28,29,30,31"
ar_l30_tp28_29_30_31,28,-1,100663296,100.663296,all_reduce,838.2638941094837,841.0799554802576,2.816061370773948,tp_all_reduce,30,3,-1,1,-1,"28,29,30,31"
ar_l31_tp28_29_30_31,28,-1,100663296,100.663296,all_reduce,841.426436585992,844.240241951014,2.8138053650220707,tp_all_reduce,31,3,-1,1,-1,"28,29,30,31"
ar_l24_tp44_45_46_47,44,-1,100663296,100.663296,all_reduce,818.828402469951,821.646384007585,2.817981537633907,tp_all_reduce,24,3,-1,2,-1,"44,45,46,47"
ar_l25_tp44_45_46_47,44,-1,100663296,100.663296,all_reduce,821.9996510694959,824.8180564957361,2.8184054262401226,tp_all_reduce,25,3,-1,2,-1,"44,45,46,47"
ar_l26_tp44_45_46_47,44,-1,100663296,100.663296,all_reduce,825.2861038181636,828.0989123385909,2.8128085204273123,tp_all_reduce,26,3,-1,2,-1,"44,45,46,47"
ar_l27_tp44_45_46_47,44,-1,100663296,100.663296,all_reduce,828.4786236837463,831.2953706611862,2.8167469774399434,tp_all_reduce,27,3,-1,2,-1,"44,45,46,47"
ar_l28_tp44_45_46_47,44,-1,100663296,100.663296,all_reduce,831.8713224942222,834.6896909890421,2.8183684948198673,tp_all_reduce,28,3,-1,2,-1,"44,45,46,47"
ar_l29_tp44_45_46_47,44,-1,100663296,100.663296,all_reduce,835.065617107068,837.8824189900697,2.816801883001818,tp_all_reduce,29,3,-1,2,-1,"44,45,46,47"
ar_l30_tp44_45_46_47,44,-1,100663296,100.663296,all_reduce,838.4031714901259,841.2206604998657,2.817489009739882,tp_all_reduce,30,3,-1,2,-1,"44,45,46,47"
ar_l31_tp44_45_46_47,44,-1,100663296,100.663296,all_reduce,841.7791640135341,844.5930849720876,2.813920958553484,tp_all_reduce,31,3,-1,2,-1,"44,45,46,47"
ar_l24_tp60_61_62_63,60,-1,100663296,100.663296,all_reduce,818.828402469951,821.6435323751462,2.8151299051951684,tp_all_reduce,24,3,-1,3,-1,"60,61,62,63"
ar_l25_tp60_61_62_63,60,-1,100663296,100.663296,all_reduce,822.0839712557947,824.9014777967074,2.8175065409126177,tp_all_reduce,25,3,-1,3,-1,"60,61,62,63"
ar_l26_tp60_61_62_63,60,-1,100663296,100.663296,all_reduce,825.2427378362664,828.0579342978847,2.815196461618208,tp_all_reduce,26,3,-1,3,-1,"60,61,62,63"
ar_l27_tp60_61_62_63,60,-1,100663296,100.663296,all_reduce,828.4391978718165,831.2563775683149,2.8171796964983065,tp_all_reduce,27,3,-1,3,-1,"60,61,62,63"
ar_l28_tp60_61_62_63,60,-1,100663296,100.663296,all_reduce,831.6007580584959,834.4165721306566,2.815814072160694,tp_all_reduce,28,3,-1,3,-1,"60,61,62,63"
ar_l29_tp60_61_62_63,60,-1,100663296,100.663296,all_reduce,834.8501554805548,837.6639881102384,2.813832629683488,tp_all_reduce,29,3,-1,3,-1,"60,61,62,63"
ar_l30_tp60_61_62_63,60,-1,100663296,100.663296,all_reduce,838.0730441602975,840.8913728048238,2.818328644526358,tp_all_reduce,30,3,-1,3,-1,"60,61,62,63"
ar_l31_tp60_61_62_63,60,-1,100663296,100.663296,all_reduce,841.246266986229,844.0647099137185,2.8184429274895617,tp_all_reduce,31,3,-1,3,-1,"60,61,62,63"
ar_l0_tp0_1_2_3,0,-1,100663296,100.663296,all_reduce,917.3893201881999,920.2064569737108,2.8171367855108764,tp_all_reduce,0,0,-1,0,-1,"0,1,2,3"
ar_l1_tp0_1_2_3,0,-1,100663296,100.663296,all_reduce,920.5758741903423,923.3911064150733,2.8152322247309014,tp_all_reduce,1,0,-1,0,-1,"0,1,2,3"
ar_l2_tp0_1_2_3,0,-1,100663296,100.663296,all_reduce,924.0201979118723,926.8365658880181,2.816367976145817,tp_all_reduce,2,0,-1,0,-1,"0,1,2,3"
ar_l3_tp0_1_2_3,0,-1,100663296,100.663296,all_reduce,927.2724555833695,930.0872231981634,2.814767614793934,tp_all_reduce,3,0,-1,0,-1,"0,1,2,3"
ar_l4_tp0_1_2_3,0,-1,100663296,100.663296,all_reduce,930.5411160183346,933.3575701710002,2.816454152665737,tp_all_reduce,4,0,-1,0,-1,"0,1,2,3"
ar_l5_tp0_1_2_3,0,-1,100663296,100.663296,all_reduce,933.9944140663104,936.8097806879921,2.815366621681803,tp_all_reduce,5,0,-1,0,-1,"0,1,2,3"
ar_l6_tp0_1_2_3,0,-1,100663296,100.663296,all_reduce,937.2789489190195,940.0942490813941,2.8153001623745233,tp_all_reduce,6,0,-1,0,-1,"0,1,2,3"
ar_l7_tp0_1_2_3,0,-1,100663296,100.663296,all_reduce,940.6980450888074,943.5116632706847,2.8136181818773087,tp_all_reduce,7,0,-1,0,-1,"0,1,2,3"
ar_l0_tp16_17_18_19,16,-1,100663296,100.663296,all_reduce,917.3892567978771,920.2021500497312,2.812893251854187,tp_all_reduce,0,0,-1,1,-1,"16,17,18,19"
ar_l1_tp16_17_18_19,16,-1,100663296,100.663296,all_reduce,920.5373603179843,923.3543210568688,2.8169607388844886,tp_all_reduce,1,0,-1,1,-1,"16,17,18,19"
ar_l2_tp16_17_18_19,16,-1,100663296,100.663296,all_reduce,923.8607226122002,926.6738588950525,2.813136282852291,tp_all_reduce,2,0,-1,1,-1,"16,17,18,19"
ar_l3_tp16_17_18_19,16,-1,100663296,100.663296,all_reduce,927.2685620953193,930.0867864639446,2.8182243686252217,tp_all_reduce,3,0,-1,1,-1,"16,17,18,19"
ar_l4_tp16_17_18_19,16,-1,100663296,100.663296,all_reduce,930.513238160302,933.3296664477976,2.8164282874957314,tp_all_reduce,4,0,-1,1,-1,"16,17,18,19"
ar_l5_tp16_17_18_19,16,-1,100663296,100.663296,all_reduce,933.8584165934701,936.6756508326374,2.8172342391672434,tp_all_reduce,5,0,-1,1,-1,"16,17,18,19"
ar_l6_tp16_17_18_19,16,-1,100663296,100.663296,all_reduce,937.0507247738393,939.8668620669615,2.816137293122134,tp_all_reduce,6,0,-1,1,-1,"16,17,18,19"
ar_l7_tp16_17_18_19,16,-1,100663296,100.663296,all_reduce,940.4166891540432,943.2320093688547,2.8153202148115675,tp_all_reduce,7,0,-1,1,-1,"16,17,18,19"
ar_l0_tp32_33_34_35,32,-1,100663296,100.663296,all_reduce,917.3940278276212,920.2085078646847,2.814480037063527,tp_all_reduce,0,0,-1,2,-1,"32,33,34,35"
ar_l1_tp32_33_34_35,32,-1,100663296,100.663296,all_reduce,920.8616471014526,923.6754122673347,2.813765165882054,tp_all_reduce,1,0,-1,2,-1,"32,33,34,35"
ar_l2_tp32_33_34_35,32,-1,100663296,100.663296,all_reduce,924.0974543793831,926.9119411381583,2.8144867587752698,tp_all_reduce,2,0,-1,2,-1,"32,33,34,35"
ar_l3_tp32_33_34_35,32,-1,100663296,100.663296,all_reduce,927.3536199030464,930.1713904821215,2.817770579075174,tp_all_reduce,3,0,-1,2,-1,"32,33,34,35"
ar_l4_tp32_33_34_35,32,-1,100663296,100.663296,all_reduce,930.6899985136412,933.5069489378154,2.8169504241741805,tp_all_reduce,4,0,-1,2,-1,"32,33,34,35"
ar_l5_tp32_33_34_35,32,-1,100663296,100.663296,all_reduce,934.0407041903654,936.8585430693134,2.8178388789480424,tp_all_reduce,5,0,-1,2,-1,"32,33,34,35"
ar_l6_tp32_33_34_35,32,-1,100663296,100.663296,all_reduce,937.3084963663009,940.1231688147474,2.8146724484464647,tp_all_reduce,6,0,-1,2,-1,"32,33,34,35"
ar_l7_tp32_33_34_35,32,-1,100663296,100.663296,all_reduce,940.7197657505104,943.5369313491341,2.817165598623661,tp_all_reduce,7,0,-1,2,-1,"32,33,34,35"
ar_l0_tp48_49_50_51,48,-1,100663296,100.663296,all_reduce,917.3914778530012,920.2045994658529,2.8131216128516323,tp_all_reduce,0,0,-1,3,-1,"48,49,50,51"
ar_l1_tp48_49_50_51,48,-1,100663296,100.663296,all_reduce,920.8579477018611,923.6753231514873,2.817375449626125,tp_all_reduce,1,0,-1,3,-1,"48,49,50,51"
ar_l2_tp48_49_50_51,48,-1,100663296,100.663296,all_reduce,924.2980721267152,927.114904960781,2.8168328340657522,tp_all_reduce,2,0,-1,3,-1,"48,49,50,51"
ar_l3_tp48_49_50_51,48,-1,100663296,100.663296,all_reduce,927.7491103082209,930.5630131777391,2.8139028695182144,tp_all_reduce,3,0,-1,3,-1,"48,49,50,51"
ar_l4_tp48_49_50_51,48,-1,100663296,100.663296,all_reduce,931.1771040197979,933.9953300197975,2.8182259999995907,tp_all_reduce,4,0,-1,3,-1,"48,49,50,51"
ar_l5_tp48_49_50_51,48,-1,100663296,100.663296,all_reduce,934.3540993730988,937.1710737064687,2.816974333369915,tp_all_reduce,5,0,-1,3,-1,"48,49,50,51"
ar_l6_tp48_49_50_51,48,-1,100663296,100.663296,all_reduce,937.7642550999954,940.5821264605356,2.817871360540236,tp_all_reduce,6,0,-1,3,-1,"48,49,50,51"
ar_l7_tp48_49_50_51,48,-1,100663296,100.663296,all_reduce,941.181225181489,943.9966145415921,2.81538936010306,tp_all_reduce,7,0,-1,3,-1,"48,49,50,51"
p2p_fwd_mb9_s0_dp0,0,4,67108864,67.108864,p2p,944.4676092117948,945.7177125151335,1.2501033033387454,pp_forward,0,0,1,0,0,"0,4"
p2p_fwd_mb9_s0_dp1,16,20,67108864,67.108864,p2p,944.4676092117948,945.7177125151335,1.2501033033387454,pp_forward,0,0,1,1,1,"16,20"
p2p_fwd_mb9_s0_dp2,32,36,67108864,67.108864,p2p,944.4676092117948,945.7177125151335,1.2501033033387454,pp_forward,0,0,1,2,2,"32,36"
p2p_fwd_mb9_s0_dp3,48,52,67108864,67.108864,p2p,944.4676092117948,945.7177125151335,1.2501033033387454,pp_forward,0,0,1,3,3,"48,52"
ar_l8_tp4_5_6_7,4,-1,100663296,100.663296,all_reduce,886.4850078570141,889.3018221425008,2.816814285486635,tp_all_reduce,8,1,-1,0,-1,"4,5,6,7"
ar_l9_tp4_5_6_7,4,-1,100663296,100.663296,all_reduce,896.8229915015827,899.6373406598992,2.814349158316465,tp_all_reduce,9,1,-1,0,-1,"4,5,6,7"
ar_l10_tp4_5_6_7,4,-1,100663296,100.663296,all_reduce,903.6892797185972,906.5036377466236,2.8143580280264313,tp_all_reduce,10,1,-1,0,-1,"4,5,6,7"
ar_l11_tp4_5_6_7,4,-1,100663296,100.663296,all_reduce,913.6308784243214,916.4493657460348,2.8184873217133033,tp_all_reduce,11,1,-1,0,-1,"4,5,6,7"
ar_l12_tp4_5_6_7,4,-1,100663296,100.663296,all_reduce,920.0192601149079,922.8339768424019,2.8147167274940044,tp_all_reduce,12,1,-1,0,-1,"4,5,6,7"
ar_l13_tp4_5_6_7,4,-1,100663296,100.663296,all_reduce,929.8034364143344,932.6206910003307,2.8172545859961318,tp_all_reduce,13,1,-1,0,-1,"4,5,6,7"
ar_l14_tp4_5_6_7,4,-1,100663296,100.663296,all_reduce,936.4138441838116,939.22712381399,2.8132796301783003,tp_all_reduce,14,1,-1,0,-1,"4,5,6,7"
ar_l15_tp4_5_6_7,4,-1,100663296,100.663296,all_reduce,946.1264591578667,948.9406845190376,2.81422536117093,tp_all_reduce,15,1,-1,0,-1,"4,5,6,7"
ar_l8_tp20_21_22_23,20,-1,100663296,100.663296,all_reduce,886.4850078570141,889.3030762924964,2.8180684354822683,tp_all_reduce,8,1,-1,1,-1,"20,21,22,23"
ar_l9_tp20_21_22_23,20,-1,100663296,100.663296,all_reduce,896.2653633711211,899.0830603692938,2.817696998172692,tp_all_reduce,9,1,-1,1,-1,"20,21,22,23"
ar_l10_tp20_21_22_23,20,-1,100663296,100.663296,all_reduce,902.8112370421633,905.6259068350853,2.8146697929219977,tp_all_reduce,10,1,-1,1,-1,"20,21,22,23"
ar_l11_tp20_21_22_23,20,-1,100663296,100.663296,all_reduce,912.8537883899403,915.6715922405931,2.817803850652889,tp_all_reduce,11,1,-1,1,-1,"20,21,22,23"
ar_l12_tp20_21_22_23,20,-1,100663296,100.663296,all_reduce,919.7786689685753,922.5937238852604,2.8150549166851,tp_all_reduce,12,1,-1,1,-1,"20,21,22,23"
ar_l13_tp20_21_22_23,20,-1,100663296,100.663296,all_reduce,929.901442662018,932.7195326825184,2.8180900205003745,tp_all_reduce,13,1,-1,1,-1,"20,21,22,23"
ar_l14_tp20_21_22_23,20,-1,100663296,100.663296,all_reduce,936.2427855130469,939.059027678783,2.8162421657361714,tp_all_reduce,14,1,-1,1,-1,"20,21,22,23"
ar_l15_tp20_21_22_23,20,-1,100663296,100.663296,all_reduce,946.0602063046615,948.8748650876099,2.814658782948398,tp_all_reduce,15,1,-1,1,-1,"20,21,22,23"
ar_l8_tp36_37_38_39,36,-1,100663296,100.663296,all_reduce,886.4850078570141,889.2993038119671,2.8142959549529722,tp_all_reduce,8,1,-1,2,-1,"36,37,38,39"
ar_l9_tp36_37_38_39,36,-1,100663296,100.663296,all_reduce,896.5453630092185,899.3587639503482,2.8134009411296956,tp_all_reduce,9,1,-1,2,-1,"36,37,38,39"
ar_l10_tp36_37_38_39,36,-1,100663296,100.663296,all_reduce,903.3467040849197,906.1596952187917,2.8129911338720115,tp_all_reduce,10,1,-1,2,-1,"36,37,38,39"
ar_l11_tp36_37_38_39,36,-1,100663296,100.663296,all_reduce,913.0425093420927,915.8573943936889,2.8148850515962165,tp_all_reduce,11,1,-1,2,-1,"36,37,38,39"
ar_l12_tp36_37_38_39,36,-1,100663296,100.663296,all_reduce,919.9731255489322,922.7858944259715,2.8127688770392956,tp_all_reduce,12,1,-1,2,-1,"36,37,38,39"
ar_l13_tp36_37_38_39,36,-1,100663296,100.663296,all_reduce,929.8181420923122,932.6328247363008,2.814682643988653,tp_all_reduce,13,1,-1,2,-1,"36,37,38,39"
ar_l14_tp36_37_38_39,36,-1,100663296,100.663296,all_reduce,936.217454462731,939.0300709791707,2.8126165164397143,tp_all_reduce,14,1,-1,2,-1,"36,37,38,39"
ar_l15_tp36_37_38_39,36,-1,100663296,100.663296,all_reduce,946.2269718226509,949.0395808425724,2.8126090199215303,tp_all_reduce,15,1,-1,2,-1,"36,37,38,39"
ar_l8_tp52_53_54_55,52,-1,100663296,100.663296,all_reduce,886.4850078570141,889.3013055806866,2.816297723672534,tp_all_reduce,8,1,-1,3,-1,"52,53,54,55"
ar_l9_tp52_53_54_55,52,-1,100663296,100.663296,all_reduce,896.1246204345266,898.9396159530776,2.8149955185510223,tp_all_reduce,9,1,-1,3,-1,"52,53,54,55"
ar_l10_tp52_53_54_55,52,-1,100663296,100.663296,all_reduce,902.7707728820129,905.5881441142745,2.8173712322616673,tp_all_reduce,10,1,-1,3,-1,"52,53,54,55"
ar_l11_tp52_53_54_55,52,-1,100663296,100.663296,all_reduce,913.1186837356669,915.9321589750815,2.8134752394146645,tp_all_reduce,11,1,-1,3,-1,"52,53,54,55"
ar_l12_tp52_53_54_55,52,-1,100663296,100.663296,all_reduce,919.4890456238696,922.304851886488,2.8158062626183478,tp_all_reduce,12,1,-1,3,-1,"52,53,54,55"
ar_l13_tp52_53_54_55,52,-1,100663296,100.663296,all_reduce,929.7928152656681,932.6063376253277,2.8135223596595926,tp_all_reduce,13,1,-1,3,-1,"52,53,54,55"
ar_l14_tp52_53_54_55,52,-1,100663296,100.663296,all_reduce,936.1863212393124,939.0025869616918,2.816265722379363,tp_all_reduce,14,1,-1,3,-1,"52,53,54,55"
ar_l15_tp52_53_54_55,52,-1,100663296,100.663296,all_reduce,945.887556884662,948.7013527281333,2.8137958434713006,tp_all_reduce,15,1,-1,3,-1,"52,53,54,55"
p2p_bwd_mb6_s1_dp0,4,0,67108864,67.108864,p2p,952.7801171060748,954.0303228826274,1.2502057765525487,pp_backward,1,1,0,0,0,"4,0"
p2p_bwd_mb6_s1_dp1,20,16,67108864,67.108864,p2p,952.7801171060748,954.0303228826274,1.2502057765525487,pp_backward,1,1,0,1,1,"20,16"
p2p_bwd_mb6_s1_dp2,36,32,67108864,67.108864,p2p,952.7801171060748,954.0303228826274,1.2502057765525487,pp_backward,1,1,0,2,2,"36,32"
p2p_bwd_mb6_s1_dp3,52,48,67108864,67.108864,p2p,952.7801171060748,954.0303228826274,1.2502057765525487,pp_backward,1,1,0,3,3,"52,48"
ar_l16_tp8_9_10_11,8,-1,100663296,100.663296,all_reduce,886.4850078570141,889.2979786924082,2.812970835394002,tp_all_reduce,16,2,-1,0,-1,"8,9,10,11"
ar_l17_tp8_9_10_11,8,-1,100663296,100.663296,all_reduce,889.757812554125,892.5747218797089,2.8169093255839828,tp_all_reduce,17,2,-1,0,-1,"8,9,10,11"
ar_l18_tp8_9_10_11,8,-1,100663296,100.663296,all_reduce,892.9686219362488,895.781692004258,2.813070068009238,tp_all_reduce,18,2,-1,0,-1,"8,9,10,11"
ar_l19_tp8_9_10_11,8,-1,100663296,100.663296,all_reduce,896.3622347661866,899.1752667094202,2.813031943233568,tp_all_reduce,19,2,-1,0,-1,"8,9,10,11"
ar_l20_tp8_9_10_11,8,-1,100663296,100.663296,all_reduce,899.7121037023184,902.5247934441664,2.812689741848118,tp_all_reduce,20,2,-1,0,-1,"8,9,10,11"
ar_l21_tp8_9_10_11,8,-1,100663296,100.663296,all_reduce,903.1757181608776,905.9929399402134,2.8172217793358545,tp_all_reduce,21,2,-1,0,-1,"8,9,10,11"
ar_l22_tp8_9_10_11,8,-1,100663296,100.663296,all_reduce,906.4119844560798,909.2283303171652,2.8163458610853676,tp_all_reduce,22,2,-1,0,-1,"8,9,10,11"
ar_l23_tp8_9_10_11,8,-1,100663296,100.663296,all_reduce,909.6146225849144,912.431363118392,2.8167405334775797,tp_all_reduce,23,2,-1,0,-1,"8,9,10,11"
ar_l16_tp24_25_26_27,24,-1,100663296,100.663296,all_reduce,886.4850078570141,889.3030395053213,2.8180316483071843,tp_all_reduce,16,2,-1,1,-1,"24,25,26,27"
ar_l17_tp24_25_26_27,24,-1,100663296,100.663296,all_reduce,889.8804866671139,892.6939783732942,2.813491706180171,tp_all_reduce,17,2,-1,1,-1,"24,25,26,27"
ar_l18_tp24_25_26_27,24,-1,100663296,100.663296,all_reduce,893.1293641548154,895.9421280137628,2.8127638589473536,tp_all_reduce,18,2,-1,1,-1,"24,25,26,27"
ar_l19_tp24_25_26_27,24,-1,100663296,100.663296,all_reduce,896.4005156218154,899.2170715224012,2.8165559005857155,tp_all_reduce,19,2,-1,1,-1,"24,25,26,27"
ar_l20_tp24_25_26_27,24,-1,100663296,100.663296,all_reduce,899.7723282159697,902.5863561567179,2.814027940748254,tp_all_reduce,20,2,-1,1,-1,"24,25,26,27"
ar_l21_tp24_25_26_27,24,-1,100663296,100.663296,all_reduce,903.0297288172557,905.8467805430666,2.8170517258110372,tp_all_reduce,21,2,-1,1,-1,"24,25,26,27"
ar_l22_tp24_25_26_27,24,-1,100663296,100.663296,all_reduce,906.2705778575329,909.0839504832902,2.8133726257573155,tp_all_reduce,22,2,-1,1,-1,"24,25,26,27"
ar_l23_tp24_25_26_27,24,-1,100663296,100.663296,all_reduce,909.4649704528226,912.281275791139,2.8163053383164494,tp_all_reduce,23,2,-1,1,-1,"24,25,26,27"
ar_l16_tp40_41_42_43,40,-1,100663296,100.663296,all_reduce,886.4850078570141,889.299802210793,2.814794353778849,tp_all_reduce,16,2,-1,2,-1,"40,41,42,43"
ar_l17_tp40_41_42_43,40,-1,100663296,100.663296,all_reduce,889.7235212497778,892.5419178864639,2.818396636686149,tp_all_reduce,17,2,-1,2,-1,"40,41,42,43"
ar_l18_tp40_41_42_43,40,-1,100663296,100.663296,all_reduce,892.9568993882972,895.7723390536163,2.815439665319164,tp_all_reduce,18,2,-1,2,-1,"40,41,42,43"
ar_l19_tp40_41_42_43,40,-1,100663296,100.663296,all_reduce,896.1395878588223,898.9525237042399,2.81293584541753,tp_all_reduce,19,2,-1,2,-1,"40,41,42,43"
ar_l20_tp40_41_42_43,40,-1,100663296,100.663296,all_reduce,899.376488344751,902.1892067561209,2.8127184113698744,tp_all_reduce,20,2,-1,2,-1,"40,41,42,43"
ar_l21_tp40_41_42_43,40,-1,100663296,100.663296,all_reduce,902.5515738078707,905.3655559167529,2.8139821088822847,tp_all_reduce,21,2,-1,2,-1,"40,41,42,43"
ar_l22_tp40_41_42_43,40,-1,100663296,100.663296,all_reduce,905.7216373892564,908.5373344322658,2.815697043009324,tp_all_reduce,22,2,-1,2,-1,"40,41,42,43"
ar_l23_tp40_41_42_43,40,-1,100663296,100.663296,all_reduce,908.9031459827058,911.7192671130504,2.8161211303445732,tp_all_reduce,23,2,-1,2,-1,"40,41,42,43"
ar_l16_tp56_57_58_59,56,-1,100663296,100.663296,all_reduce,886.4850078570141,889.2988883469629,2.8138804899487946,tp_all_reduce,16,2,-1,3,-1,"56,57,58,59"
ar_l17_tp56_57_58_59,56,-1,100663296,100.663296,all_reduce,889.7852814177929,892.6001233822154,2.8148419644224987,tp_all_reduce,17,2,-1,3,-1,"56,57,58,59"
ar_l18_tp56_57_58_59,56,-1,100663296,100.663296,all_reduce,893.2508048409154,896.0658209002936,2.8150160593781726,tp_all_reduce,18,2,-1,3,-1,"56,57,58,59"
ar_l19_tp56_57_58_59,56,-1,100663296,100.663296,all_reduce,896.4670444814329,899.2808766735798,2.8138321921469256,tp_all_reduce,19,2,-1,3,-1,"56,57,58,59"
ar_l20_tp56_57_58_59,56,-1,100663296,100.663296,all_reduce,899.8120781808892,902.6304648887386,2.8183867078493963,tp_all_reduce,20,2,-1,3,-1,"56,57,58,59"
ar_l21_tp56_57_58_59,56,-1,100663296,100.663296,all_reduce,902.9905682039622,905.8079023232954,2.817334119333159,tp_all_reduce,21,2,-1,3,-1,"56,57,58,59"
ar_l22_tp56_57_58_59,56,-1,100663296,100.663296,all_reduce,906.1712286011991,908.9837845537421,2.812555952542928,tp_all_reduce,22,2,-1,3,-1,"56,57,58,59"
ar_l23_tp56_57_58_59,56,-1,100663296,100.663296,all_reduce,909.331505619494,912.1485122700697,2.817006650575604,tp_all_reduce,23,2,-1,3,-1,"56,57,58,59"
p2p_fwd_mb8_s2_dp0,8,12,67108864,67.108864,p2p,912.8509781257349,914.1010510665492,1.2500729408142508,pp_forward,2,2,3,0,0,"8,12"
p2p_fwd_mb8_s2_dp1,24,28,67108864,67.108864,p2p,912.8509781257349,914.1010510665492,1.2500729408142508,pp_forward,2,2,3,1,1,"24,28"
p2p_fwd_mb8_s2_dp2,40,44,67108864,67.108864,p2p,912.8509781257349,914.1010510665492,1.2500729408142508,pp_forward,2,2,3,2,2,"40,44"
p2p_fwd_mb8_s2_dp3,56,60,67108864,67.108864,p2p,912.8509781257349,914.1010510665492,1.2500729408142508,pp_forward,2,2,3,3,3,"56,60"
ar_l24_tp12_13_14_15,12,-1,100663296,100.663296,all_reduce,848.31370919907,851.129999586957,2.8162903878869994,tp_all_reduce,24,3,-1,0,-1,"12,13,14,15"
ar_l25_tp12_13_14_15,12,-1,100663296,100.663296,all_reduce,858.2326500396084,861.0479045576775,2.815254518069077,tp_all_reduce,25,3,-1,0,-1,"12,13,14,15"
ar_l26_tp12_13_14_15,12,-1,100663296,100.663296,all_reduce,865.0881390261922,867.9056043420547,2.8174653158625773,tp_all_reduce,26,3,-1,0,-1,"12,13,14,15"
ar_l27_tp12_13_14_15,12,-1,100663296,100.663296,all_reduce,874.931982746772,877.7486442704294,2.816661523657449,tp_all_reduce,27,3,-1,0,-1,"12,13,14,15"
ar_l28_tp12_13_14_15,12,-1,100663296,100.663296,all_reduce,881.3688212161309,884.184355771834,2.8155345557031586,tp_all_reduce,28,3,-1,0,-1,"12,13,14,15"
ar_l29_tp12_13_14_15,12,-1,100663296,100.663296,all_reduce,891.1768912625699,893.9951773149854,2.8182860524155195,tp_all_reduce,29,3,-1,0,-1,"12,13,14,15"
ar_l30_tp12_13_14_15,12,-1,100663296,100.663296,all_reduce,897.6939404336738,900.5094888947491,2.8155484610753456,tp_all_reduce,30,3,-1,0,-1,"12,13,14,15"
ar_l31_tp12_13_14_15,12,-1,100663296,100.663296,all_reduce,907.8269167879128,910.642649646246,2.815732858333253,tp_all_reduce,31,3,-1,0,-1,"12,13,14,15"
ar_l24_tp28_29_30_31,28,-1,100663296,100.663296,all_reduce,848.31370919907,851.1288840371709,2.815174838100898,tp_all_reduce,24,3,-1,1,-1,"28,29,30,31"
ar_l25_tp28_29_30_31,28,-1,100663296,100.663296,all_reduce,858.286097345966,861.1044317178288,2.8183343718627407,tp_all_reduce,25,3,-1,1,-1,"28,29,30,31"
ar_l26_tp28_29_30_31,28,-1,100663296,100.663296,all_reduce,864.905866527695,867.7197290521492,2.813862524454147,tp_all_reduce,26,3,-1,1,-1,"28,29,30,31"
ar_l27_tp28_29_30_31,28,-1,100663296,100.663296,all_reduce,875.2728909173793,878.0900712256973,2.8171803083181235,tp_all_reduce,27,3,-1,1,-1,"28,29,30,31"
ar_l28_tp28_29_30_31,28,-1,100663296,100.663296,all_reduce,881.5741661061109,884.390681076539,2.816514970428119,tp_all_reduce,28,3,-1,1,-1,"28,29,30,31"
ar_l29_tp28_29_30_31,28,-1,100663296,100.663296,all_reduce,891.9536118690834,894.7696653620487,2.8160534929653203,tp_all_reduce,29,3,-1,1,-1,"28,29,30,31"
ar_l30_tp28_29_30_31,28,-1,100663296,100.663296,all_reduce,898.4276337965475,901.2438766206084,2.8162428240607884,tp_all_reduce,30,3,-1,1,-1,"28,29,30,31"
ar_l31_tp28_29_30_31,28,-1,100663296,100.663296,all_reduce,908.0775948025023,910.8948118225401,2.8172170200377877,tp_all_reduce,31,3,-1,1,-1,"28,29,30,31"
ar_l24_tp44_45_46_47,44,-1,100663296,100.663296,all_reduce,848.31370919907,851.128508731635,2.8147995325649156,tp_all_reduce,24,3,-1,2,-1,"44,45,46,47"
ar_l25_tp44_45_46_47,44,-1,100663296,100.663296,all_reduce,858.4141189211929,861.2317393177796,2.8176203965866176,tp_all_reduce,25,3,-1,2,-1,"44,45,46,47"
ar_l26_tp44_45_46_47,44,-1,100663296,100.663296,all_reduce,865.3317275140437,868.1470106667068,2.815283152663217,tp_all_reduce,26,3,-1,2,-1,"44,45,46,47"
ar_l27_tp44_45_46_47,44,-1,100663296,100.663296,all_reduce,875.0869163476638,877.9042773243618,2.8173609766980467,tp_all_reduce,27,3,-1,2,-1,"44,45,46,47"
ar_l28_tp44_45_46_47,44,-1,100663296,100.663296,all_reduce,881.749207621872,884.5674960579461,2.8182884360741234,tp_all_reduce,28,3,-1,2,-1,"44,45,46,47"
ar_l29_tp44_45_46_47,44,-1,100663296,100.663296,all_reduce,891.6903040802813,894.5072681330166,2.816964052735349,tp_all_reduce,29,3,-1,2,-1,"44,45,46,47"
ar_l30_tp44_45_46_47,44,-1,100663296,100.663296,all_reduce,898.1975788976551,901.0143341900063,2.8167552923510364,tp_all_reduce,30,3,-1,2,-1,"44,45,46,47"
ar_l31_tp44_45_46_47,44,-1,100663296,100.663296,all_reduce,908.2080046219324,911.022691731542,2.814687109609526,tp_all_reduce,31,3,-1,2,-1,"44,45,46,47"
ar_l24_tp60_61_62_63,60,-1,100663296,100.663296,all_reduce,848.31370919907,851.130945078355,2.8172358792849517,tp_all_reduce,24,3,-1,3,-1,"60,61,62,63"
ar_l25_tp60_61_62_63,60,-1,100663296,100.663296,all_reduce,858.0690501576802,860.8867126265128,2.817662468832638,tp_all_reduce,25,3,-1,3,-1,"60,61,62,63"
ar_l26_tp60_61_62_63,60,-1,100663296,100.663296,all_reduce,864.6115434711261,867.4262518136517,2.814708342525507,tp_all_reduce,26,3,-1,3,-1,"60,61,62,63"
ar_l27_tp60_61_62_63,60,-1,100663296,100.663296,all_reduce,874.6766045637845,877.4927463991668,2.8161418353822576,tp_all_reduce,27,3,-1,3,-1,"60,61,62,63"
ar_l28_tp60_61_62_63,60,-1,100663296,100.663296,all_reduce,880.9989214468123,883.8156656404905,2.8167441936780557,tp_all_reduce,28,3,-1,3,-1,"60,61,62,63"
ar_l29_tp60_61_62_63,60,-1,100663296,100.663296,all_reduce,890.7662637037262,893.5837240017116,2.8174602979854635,tp_all_reduce,29,3,-1,3,-1,"60,61,62,63"
ar_l30_tp60_61_62_63,60,-1,100663296,100.663296,all_reduce,897.358513086298,900.1740721351739,2.815559048875871,tp_all_reduce,30,3,-1,3,-1,"60,61,62,63"
ar_l31_tp60_61_62_63,60,-1,100663296,100.663296,all_reduce,907.2153337203838,910.0288381596683,2.81350443928452,tp_all_reduce,31,3,-1,3,-1,"60,61,62,63"
p2p_bwd_mb7_s3_dp0,12,8,67108864,67.108864,p2p,921.6721979358862,922.9222552726721,1.250057336785959,pp_backward,3,3,2,0,0,"12,8"
p2p_bwd_mb7_s3_dp1,28,24,67108864,67.108864,p2p,921.6721979358862,922.9222552726721,1.250057336785959,pp_backward,3,3,2,1,1,"28,24"
p2p_bwd_mb7_s3_dp2,44,40,67108864,67.108864,p2p,921.6721979358862,922.9222552726721,1.250057336785959,pp_backward,3,3,2,2,2,"44,40"
p2p_bwd_mb7_s3_dp3,60,56,67108864,67.108864,p2p,921.6721979358862,922.9222552726721,1.250057336785959,pp_backward,3,3,2,3,3,"60,56"
ar_l0_tp0_1_2_3,0,-1,100663296,100.663296,all_reduce,954.1301622543325,956.9462832242208,2.8161209698882583,tp_all_reduce,0,0,-1,0,-1,"0,1,2,3"
ar_l1_tp0_1_2_3,0,-1,100663296,100.663296,all_reduce,963.8961548093158,966.7146961342173,2.818541324901558,tp_all_reduce,1,0,-1,0,-1,"0,1,2,3"
ar_l2_tp0_1_2_3,0,-1,100663296,100.663296,all_reduce,970.7748078556963,973.5884623761146,2.813654520418374,tp_all_reduce,2,0,-1,0,-1,"0,1,2,3"
ar_l3_tp0_1_2_3,0,-1,100663296,100.663296,all_reduce,980.423752461162,983.2389430764508,2.8151906152887873,tp_all_reduce,3,0,-1,0,-1,"0,1,2,3"
ar_l4_tp0_1_2_3,0,-1,100663296,100.663296,all_reduce,986.9141449458317,989.7317236375602,2.817578691728495,tp_all_reduce,4,0,-1,0,-1,"0,1,2,3"
ar_l5_tp0_1_2_3,0,-1,100663296,100.663296,all_reduce,997.0465694099764,999.8631804775205,2.8166110675440503,tp_all_reduce,5,0,-1,0,-1,"0,1,2,3"
ar_l6_tp0_1_2_3,0,-1,100663296,100.663296,all_reduce,1003.514938920423,1006.3329486950649,2.818009774641972,tp_all_reduce,6,0,-1,0,-1,"0,1,2,3"
ar_l7_tp0_1_2_3,0,-1,100663296,100.663296,all_reduce,1013.252430819773,1016.0653244228535,2.8128936030804574,tp_all_reduce,7,0,-1,0,-1,"0,1,2,3"
ar_l0_tp16_17_18_19,16,-1,100663296,100.663296,all_reduce,954.1297271031975,956.9425695382918,2.812842435094165,tp_all_reduce,0,0,-1,1,-1,"16,17,18,19"
ar_l1_tp16_17_18_19,16,-1,100663296,100.663296,all_reduce,963.9479112539148,966.7642492906874,2.8163380367726143,tp_all_reduce,1,0,-1,1,-1,"16,17,18,19"
ar_l2_tp16_17_18_19,16,-1,100663296,100.663296,all_reduce,970.5271135080559,973.3434262686226,2.816312760566708,tp_all_reduce,2,0,-1,1,-1,"16,17,18,19"
ar_l3_tp16_17_18_19,16,-1,100663296,100.663296,all_reduce,980.7355768294302,983.5534708159674,2.817893986537201,tp_all_reduce,3,0,-1,1,-1,"16,17,18,19"
ar_l4_tp16_17_18_19,16,-1,100663296,100.663296,all_reduce,987.139290105379,989.9523963210644,2.8131062156853126,tp_all_reduce,4,0,-1,1,-1,"16,17,18,19"
ar_l5_tp16_17_18_19,16,-1,100663296,100.663296,all_reduce,997.547657721558,1000.3625558575316,2.814898135973465,tp_all_reduce,5,0,-1,1,-1,"16,17,18,19"
ar_l6_tp16_17_18_19,16,-1,100663296,100.663296,all_reduce,1004.0260523770344,1006.8436169139359,2.817564536901518,tp_all_reduce,6,0,-1,1,-1,"16,17,18,19"
ar_l7_tp16_17_18_19,16,-1,100663296,100.663296,all_reduce,1014.0226076784558,1016.8410083547268,2.818400676271038,tp_all_reduce,7,0,-1,1,-1,"16,17,18,19"
ar_l0_tp32_33_34_35,32,-1,100663296,100.663296,all_reduce,954.1276253466558,956.9461594617873,2.8185341151314436,tp_all_reduce,0,0,-1,2,-1,"32,33,34,35"
ar_l1_tp32_33_34_35,32,-1,100663296,100.663296,all_reduce,964.1126394724691,966.9293677739971,2.8167283015279043,tp_all_reduce,1,0,-1,2,-1,"32,33,34,35"
ar_l2_tp32_33_34_35,32,-1,100663296,100.663296,all_reduce,970.6535123587165,973.4708835593458,2.817371200629193,tp_all_reduce,2,0,-1,2,-1,"32,33,34,35"
ar_l3_tp32_33_34_35,32,-1,100663296,100.663296,all_reduce,980.3529563353524,983.1687499539282,2.815793618575868,tp_all_reduce,3,0,-1,2,-1,"32,33,34,35"
ar_l4_tp32_33_34_35,32,-1,100663296,100.663296,all_reduce,987.1144418064383,989.9304706912444,2.816028884806032,tp_all_reduce,4,0,-1,2,-1,"32,33,34,35"
ar_l5_tp32_33_34_35,32,-1,100663296,100.663296,all_reduce,997.433353237852,1000.2477926226436,2.814439384791645,tp_all_reduce,5,0,-1,2,-1,"32,33,34,35"
ar_l6_tp32_33_34_35,32,-1,100663296,100.663296,all_reduce,1004.2522000324896,1007.0679218181042,2.815721785614622,tp_all_reduce,6,0,-1,2,-1,"32,33,34,35"
ar_l7_tp32_33_34_35,32,-1,100663296,100.663296,all_reduce,1013.7858015039108,1016.6041299145899,2.818328410679083,tp_all_reduce,7,0,-1,2,-1,"32,33,34,35"
ar_l0_tp48_49_50_51,48,-1,100663296,100.663296,all_reduce,954.1351778302136,956.9536103956981,2.818432565484419,tp_all_reduce,0,0,-1,3,-1,"48,49,50,51"
ar_l1_tp48_49_50_51,48,-1,100663296,100.663296,all_reduce,964.046994699298,966.860046446445,2.8130517471470773,tp_all_reduce,1,0,-1,3,-1,"48,49,50,51"
ar_l2_tp48_49_50_51,48,-1,100663296,100.663296,all_reduce,970.9785976944128,973.7967102787545,2.8181125843417254,tp_all_reduce,2,0,-1,3,-1,"48,49,50,51"
ar_l3_tp48_49_50_51,48,-1,100663296,100.663296,all_reduce,981.0392081585896,983.8540930099603,2.8148848513706026,tp_all_reduce,3,0,-1,3,-1,"48,49,50,51"
ar_l4_tp48_49_50_51,48,-1,100663296,100.663296,all_reduce,987.6071997783081,990.424302634314,2.817102856005893,tp_all_reduce,4,0,-1,3,-1,"48,49,50,51"
ar_l5_tp48_49_50_51,48,-1,100663296,100.663296,all_reduce,997.8614114993971,1000.6796684504038,2.8182569510066813,tp_all_reduce,5,0,-1,3,-1,"48,49,50,51"
ar_l6_tp48_49_50_51,48,-1,100663296,100.663296,all_reduce,1004.3090247346378,1007.1266473568044,2.81762262216656,tp_all_reduce,6,0,-1,3,-1,"48,49,50,51"
ar_l7_tp48_49_50_51,48,-1,100663296,100.663296,all_reduce,1014.5040164048718,1017.3176873934561,2.813670988584427,tp_all_reduce,7,0,-1,3,-1,"48,49,50,51"
ar_l8_tp4_5_6_7,4,-1,100663296,100.663296,all_reduce,954.0303228826274,956.8482342854696,2.817911402842266,tp_all_reduce,8,1,-1,0,-1,"4,5,6,7"
ar_l9_tp4_5_6_7,4,-1,100663296,100.663296,all_reduce,957.309989437344,960.1247616529122,2.81477221556814,tp_all_reduce,9,1,-1,0,-1,"4,5,6,7"
ar_l10_tp4_5_6_7,4,-1,100663296,100.663296,all_reduce,960.7400856339744,963.554397614454,2.8143119804796557,tp_all_reduce,10,1,-1,0,-1,"4,5,6,7"
ar_l11_tp4_5_6_7,4,-1,100663296,100.663296,all_reduce,964.1908336047605,967.0079019158666,2.8170683111060635,tp_all_reduce,11,1,-1,0,-1,"4,5,6,7"
ar_l12_tp4_5_6_7,4,-1,100663296,100.663296,all_reduce,967.516510092962,970.3335991905607,2.8170890975987017,tp_all_reduce,12,1,-1,0,-1,"4,5,6,7"
ar_l13_tp4_5_6_7,4,-1,100663296,100.663296,all_reduce,970.9635998539129,973.7771837848346,2.8135839309216815,tp_all_reduce,13,1,-1,0,-1,"4,5,6,7"
ar_l14_tp4_5_6_7,4,-1,100663296,100.663296,all_reduce,974.3340539515624,977.151776027288,2.817722075725615,tp_all_reduce,14,1,-1,0,-1,"4,5,6,7"
ar_l15_tp4_5_6_7,4,-1,100663296,100.663296,all_reduce,977.5951486726293,980.4120647714616,2.8169160988322783,tp_all_reduce,15,1,-1,0,-1,"4,5,6,7"
ar_l8_tp20_21_22_23,20,-1,100663296,100.663296,all_reduce,954.0303228826274,956.8486521881634,2.818329305536049,tp_all_reduce,8,1,-1,1,-1,"20,21,22,23"
ar_l9_tp20_21_22_23,20,-1,100663296,100.663296,all_reduce,957.225149846125,960.0421529188886,2.8170030727636686,tp_all_reduce,9,1,-1,1,-1,"20,21,22,23"
ar_l10_tp20_21_22_23,20,-1,100663296,100.663296,all_reduce,960.4650223893834,963.2824531999581,2.817430810574617,tp_all_reduce,10,1,-1,1,-1,"20,21,22,23"
ar_l11_tp20_21_22_23,20,-1,100663296,100.663296,all_reduce,963.6344214489695,966.4489979250243,2.8145764760547642,tp_all_reduce,11,1,-1,1,-1,"20,21,22,23"
ar_l12_tp20_21_22_23,20,-1,100663296,100.663296,all_reduce,966.8128220848629,969.6284534545413,2.8156313696784396,tp_all_reduce,12,1,-1,1,-1,"20,21,22,23"
ar_l13_tp20_21_22_23,20,-1,100663296,100.663296,all_reduce,970.1062862614934,972.9245109465686,2.818224685075199,tp_all_reduce,13,1,-1,1,-1,"20,21,22,23"
ar_l14_tp20_21_22_23,20,-1,100663296,100.663296,all_reduce,973.54650371647,976.3645757099683,2.8180719934983722,tp_all_reduce,14,1,-1,1,-1,"20,21,22,23"
ar_l15_tp20_21_22_23,20,-1,100663296,100.663296,all_reduce,976.9968738937786,979.8107692556507,2.813895361872154,tp_all_reduce,15,1,-1,1,-1,"20,21,22,23"
ar_l8_tp36_37_38_39,36,-1,100663296,100.663296,all_reduce,954.0303228826274,956.8429614609975,2.812638578370108,tp_all_reduce,8,1,-1,2,-1,"36,37,38,39"
ar_l9_tp36_37_38_39,36,-1,100663296,100.663296,all_reduce,957.469521207772,960.287319200504,2.817797992732074,tp_all_reduce,9,1,-1,2,-1,"36,37,38,39"
ar_l10_tp36_37_38_39,36,-1,100663296,100.663296,all_reduce,960.7980517815457,963.6115302251803,2.813478443634554,tp_all_reduce,10,1,-1,2,-1,"36,37,38,39"
ar_l11_tp36_37_38_39,36,-1,100663296,100.663296,all_reduce,964.1152878254715,966.9321080267212,2.8168202012497368,tp_all_reduce,11,1,-1,2,-1,"36,37,38,39"
ar_l12_tp36_37_38_39,36,-1,100663296,100.663296,all_reduce,967.4604140798352,970.2788281996872,2.818414119851953,tp_all_reduce,12,1,-1,2,-1,"36,37,38,39"
ar_l13_tp36_37_38_39,36,-1,100663296,100.663296,all_reduce,970.7008640031077,973.5165304603906,2.815666457283039,tp_all_reduce,13,1,-1,2,-1,"36,37,38,39"
ar_l14_tp36_37_38_39,36,-1,100663296,100.663296,all_reduce,974.0868096637239,976.9000425291736,2.8132328654497663,tp_all_reduce,14,1,-1,2,-1,"36,37,38,39"
ar_l15_tp36_37_38_39,36,-1,100663296,100.663296,all_reduce,977.3264543773871,980.1449451471889,2.8184907698017847,tp_all_reduce,15,1,-1,2,-1,"36,37,38,39"
ar_l8_tp52_53_54_55,52,-1,100663296,100.663296,all_reduce,954.0303228826274,956.8449997287893,2.8146768461618787,tp_all_reduce,8,1,-1,3,-1,"52,53,54,55"
ar_l9_tp52_53_54_55,52,-1,100663296,100.663296,all_reduce,957.3988023334132,960.213476558279,2.8146742248658096,tp_all_reduce,9,1,-1,3,-1,"52,53,54,55"
ar_l10_tp52_53_54_55,52,-1,100663296,100.663296,all_reduce,960.8273548059395,963.6417355975326,2.8143807915931296,tp_all_reduce,10,1,-1,3,-1,"52,53,54,55"
ar_l11_tp52_53_54_55,52,-1,100663296,100.663296,all_reduce,964.207734897876,967.0231157837159,2.815380885839991,tp_all_reduce,11,1,-1,3,-1,"52,53,54,55"
ar_l12_tp52_53_54_55,52,-1,100663296,100.663296,all_reduce,967.5343719769197,970.3471345976957,2.8127626207760104,tp_all_reduce,12,1,-1,3,-1,"52,53,54,55"
ar_l13_tp52_53_54_55,52,-1,100663296,100.663296,all_reduce,970.8509273751115,973.6663218333827,2.81539445827117,tp_all_reduce,13,1,-1,3,-1,"52,53,54,55"
ar_l14_tp52_53_54_55,52,-1,100663296,100.663296,all_reduce,974.0663237111438,976.8818413389713,2.815517627827502,tp_all_reduce,14,1,-1,3,-1,"52,53,54,55"
ar_l15_tp52_53_54_55,52,-1,100663296,100.663296,all_reduce,977.3714956248831,980.1899345857378,2.8184389608546523,tp_all_reduce,15,1,-1,3,-1,"52,53,54,55"
p2p_fwd_mb9_s1_dp0,4,8,67108864,67.108864,p2p,980.7632226926719,982.015502746982,1.2522800543099954,pp_forward,1,1,2,0,0,"4,8"
p2p_fwd_mb9_s1_dp1,20,24,67108864,67.108864,p2p,980.7632226926719,982.015502746982,1.2522800543099954,pp_forward,1,1,2,1,1,"20,24"
p2p_fwd_mb9_s1_dp2,36,40,67108864,67.108864,p2p,980.7632226926719,982.015502746982,1.2522800543099954,pp_forward,1,1,2,2,2,"36,40"
p2p_fwd_mb9_s1_dp3,52,56,67108864,67.108864,p2p,980.7632226926719,982.015502746982,1.2522800543099954,pp_forward,1,1,2,3,3,"52,56"
ar_l16_tp8_9_10_11,8,-1,100663296,100.663296,all_reduce,922.9222552726721,925.7369146337595,2.8146593610873794,tp_all_reduce,16,2,-1,0,-1,"8,9,10,11"
ar_l17_tp8_9_10_11,8,-1,100663296,100.663296,all_reduce,932.5059423108087,935.3244571876556,2.8185148768470336,tp_all_reduce,17,2,-1,0,-1,"8,9,10,11"
ar_l18_tp8_9_10_11,8,-1,100663296,100.663296,all_reduce,939.1783588039918,941.9937979534263,2.8154391494344955,tp_all_reduce,18,2,-1,0,-1,"8,9,10,11"
ar_l19_tp8_9_10_11,8,-1,100663296,100.663296,all_reduce,949.4610111877877,952.2754523226133,2.8144411348256515,tp_all_reduce,19,2,-1,0,-1,"8,9,10,11"
ar_l20_tp8_9_10_11,8,-1,100663296,100.663296,all_reduce,955.8625309571041,958.6784780957634,2.8159471386591806,tp_all_reduce,20,2,-1,0,-1,"8,9,10,11"
ar_l21_tp8_9_10_11,8,-1,100663296,100.663296,all_reduce,965.7869444173731,968.6054541860426,2.818509768669486,tp_all_reduce,21,2,-1,0,-1,"8,9,10,11"
ar_l22_tp8_9_10_11,8,-1,100663296,100.663296,all_reduce,972.4660644938238,975.28245776167,2.816393267846218,tp_all_reduce,22,2,-1,0,-1,"8,9,10,11"
ar_l23_tp8_9_10_11,8,-1,100663296,100.663296,all_reduce,982.1447149613757,984.9597742346444,2.8150592732687496,tp_all_reduce,23,2,-1,0,-1,"8,9,10,11"
ar_l16_tp24_25_26_27,24,-1,100663296,100.663296,all_reduce,922.9222552726721,925.7357459788959,2.8134907062238312,tp_all_reduce,16,2,-1,1,-1,"24,25,26,27"
ar_l17_tp24_25_26_27,24,-1,100663296,100.663296,all_reduce,932.7222352513361,935.5395906438516,2.817355392515486,tp_all_reduce,17,2,-1,1,-1,"24,25,26,27"
ar_l18_tp24_25_26_27,24,-1,100663296,100.663296,all_reduce,939.0451734378413,941.8606759412731,2.815502503431766,tp_all_reduce,18,2,-1,1,-1,"24,25,26,27"
ar_l19_tp24_25_26_27,24,-1,100663296,100.663296,all_reduce,948.8827113248885,951.696657756246,2.8139464313574614,tp_all_reduce,19,2,-1,1,-1,"24,25,26,27"
ar_l20_tp24_25_26_27,24,-1,100663296,100.663296,all_reduce,955.6476532172826,958.4605972071668,2.812943989884187,tp_all_reduce,20,2,-1,1,-1,"24,25,26,27"
ar_l21_tp24_25_26_27,24,-1,100663296,100.663296,all_reduce,965.8226218829645,968.6364604322439,2.8138385492794127,tp_all_reduce,21,2,-1,1,-1,"24,25,26,27"
ar_l22_tp24_25_26_27,24,-1,100663296,100.663296,all_reduce,972.5548449149654,975.3690090883105,2.814164173345013,tp_all_reduce,22,2,-1,1,-1,"24,25,26,27"
ar_l23_tp24_25_26_27,24,-1,100663296,100.663296,all_reduce,982.5152870238976,985.3281388770357,2.8128518531381763,tp_all_reduce,23,2,-1,1,-1,"24,25,26,27"
ar_l16_tp40_41_42_43,40,-1,100663296,100.663296,all_reduce,922.9222552726721,925.7351209327029,2.8128656600308055,tp_all_reduce,16,2,-1,2,-1,"40,41,42,43"
ar_l17_tp40_41_42_43,40,-1,100663296,100.663296,all_reduce,933.2576377520464,936.0712144868569,2.81357673481053,tp_all_reduce,17,2,-1,2,-1,"40,41,42,43"
ar_l18_tp40_41_42_43,40,-1,100663296,100.663296,all_reduce,940.1050352119715,942.9192074040883,2.8141721921167706,tp_all_reduce,18,2,-1,2,-1,"40,41,42,43"
ar_l19_tp40_41_42_43,40,-1,100663296,100.663296,all_reduce,950.2229738798131,953.0387443720343,2.815770492221148,tp_all_reduce,19,2,-1,2,-1,"40,41,42,43"
ar_l20_tp40_41_42_43,40,-1,100663296,100.663296,all_reduce,956.6921130336407,959.5046798847046,2.8125668510639024,tp_all_reduce,20,2,-1,2,-1,"40,41,42,43"
ar_l21_tp40_41_42_43,40,-1,100663296,100.663296,all_reduce,966.9339279900183,969.7504446704429,2.8165166804245967,tp_all_reduce,21,2,-1,2,-1,"40,41,42,43"
ar_l22_tp40_41_42_43,40,-1,100663296,100.663296,all_reduce,973.793509767651,976.607869553764,2.8143597861129965,tp_all_reduce,22,2,-1,2,-1,"40,41,42,43"
ar_l23_tp40_41_42_43,40,-1,100663296,100.663296,all_reduce,983.8395384534442,986.655345187545,2.8158067341007564,tp_all_reduce,23,2,-1,2,-1,"40,41,42,43"
ar_l16_tp56_57_58_59,56,-1,100663296,100.663296,all_reduce,922.9222552726721,925.735294742252,2.813039469579892,tp_all_reduce,16,2,-1,3,-1,"56,57,58,59"
ar_l17_tp56_57_58_59,56,-1,100663296,100.663296,all_reduce,932.9874430934594,935.8034510537032,2.816007960243616,tp_all_reduce,17,2,-1,3,-1,"56,57,58,59"
ar_l18_tp56_57_58_59,56,-1,100663296,100.663296,all_reduce,939.5884828920059,942.4042077888798,2.8157248968738724,tp_all_reduce,18,2,-1,3,-1,"56,57,58,59"
ar_l19_tp56_57_58_59,56,-1,100663296,100.663296,all_reduce,949.5058764014389,952.3210543716992,2.8151779702603186,tp_all_reduce,19,2,-1,3,-1,"56,57,58,59"
ar_l20_tp56_57_58_59,56,-1,100663296,100.663296,all_reduce,956.2774751731046,959.0922547945704,2.8147796214658127,tp_all_reduce,20,2,-1,3,-1,"56,57,58,59"
ar_l21_tp56_57_58_59,56,-1,100663296,100.663296,all_reduce,966.3502024708528,969.1654194002509,2.8152169293981233,tp_all_reduce,21,2,-1,3,-1,"56,57,58,59"
ar_l22_tp56_57_58_59,56,-1,100663296,100.663296,all_reduce,972.9598178152569,975.7761040595159,2.816286244259003,tp_all_reduce,22,2,-1,3,-1,"56,57,58,59"
ar_l23_tp56_57_58_59,56,-1,100663296,100.663296,all_reduce,983.0473733108421,985.8608637102443,2.813490399402152,tp_all_reduce,23,2,-1,3,-1,"56,57,58,59"
p2p_bwd_mb7_s2_dp0,8,4,67108864,67.108864,p2p,990.7146667170817,991.9667758643834,1.252109147301672,pp_backward,2,2,1,0,0,"8,4"
p2p_bwd_mb7_s2_dp1,24,20,67108864,67.108864,p2p,990.7146667170817,991.9667758643834,1.252109147301672,pp_backward,2,2,1,1,1,"24,20"
p2p_bwd_mb7_s2_dp2,40,36,67108864,67.108864,p2p,990.7146667170817,991.9667758643834,1.252109147301672,pp_backward,2,2,1,2,2,"40,36"
p2p_bwd_mb7_s2_dp3,56,52,67108864,67.108864,p2p,990.7146667170817,991.9667758643834,1.252109147301672,pp_backward,2,2,1,3,3,"56,52"
ar_l24_tp12_13_14_15,12,-1,100663296,100.663296,all_reduce,922.9222552726721,925.7379434782027,2.8156882055305754,tp_all_reduce,24,3,-1,0,-1,"12,13,14,15"
ar_l25_tp12_13_14_15,12,-1,100663296,100.663296,all_reduce,926.2379919087065,929.0544078278734,2.816415919166926,tp_all_reduce,25,3,-1,0,-1,"12,13,14,15"
ar_l26_tp12_13_14_15,12,-1,100663296,100.663296,all_reduce,929.480290320408,932.2984052276141,2.8181149072060707,tp_all_reduce,26,3,-1,0,-1,"12,13,14,15"
ar_l27_tp12_13_14_15,12,-1,100663296,100.663296,all_reduce,932.7015483114902,935.5196783291407,2.818130017650411,tp_all_reduce,27,3,-1,0,-1,"12,13,14,15"
ar_l28_tp12_13_14_15,12,-1,100663296,100.663296,all_reduce,936.1731082950506,938.9871071410523,2.813998846001642,tp_all_reduce,28,3,-1,0,-1,"12,13,14,15"
ar_l29_tp12_13_14_15,12,-1,100663296,100.663296,all_reduce,939.5375718098343,942.3517593770067,2.8141875671724437,tp_all_reduce,29,3,-1,0,-1,"12,13,14,15"
ar_l30_tp12_13_14_15,12,-1,100663296,100.663296,all_reduce,942.7355278823577,945.5532889190368,2.8177610366791894,tp_all_reduce,30,3,-1,0,-1,"12,13,14,15"
ar_l31_tp12_13_14_15,12,-1,100663296,100.663296,all_reduce,946.1179746328874,948.9344449070211,2.8164702741336756,tp_all_reduce,31,3,-1,0,-1,"12,13,14,15"
ar_l24_tp28_29_30_31,28,-1,100663296,100.663296,all_reduce,922.9222552726721,925.7364091702555,2.814153897583327,tp_all_reduce,24,3,-1,1,-1,"28,29,30,31"
ar_l25_tp28_29_30_31,28,-1,100663296,100.663296,all_reduce,926.1112151378239,928.9295466120321,2.81833147420818,tp_all_reduce,25,3,-1,1,-1,"28,29,30,31"
ar_l26_tp28_29_30_31,28,-1,100663296,100.663296,all_reduce,929.4862826483344,932.3004336532921,2.8141510049576324,tp_all_reduce,26,3,-1,1,-1,"28,29,30,31"
ar_l27_tp28_29_30_31,28,-1,100663296,100.663296,all_reduce,932.7113463980602,935.5253926234896,2.8140462254293563,tp_all_reduce,27,3,-1,1,-1,"28,29,30,31"
ar_l28_tp28_29_30_31,28,-1,100663296,100.663296,all_reduce,936.1134832889246,938.9294760410316,2.815992752106977,tp_all_reduce,28,3,-1,1,-1,"28,29,30,31"
ar_l29_tp28_29_30_31,28,-1,100663296,100.663296,all_reduce,939.3156016524308,942.1299501515765,2.814348499145747,tp_all_reduce,29,3,-1,1,-1,"28,29,30,31"
ar_l30_tp28_29_30_31,28,-1,100663296,100.663296,all_reduce,942.7152224902064,945.5332096675814,2.8179871773750254,tp_all_reduce,30,3,-1,1,-1,"28,29,30,31"
ar_l31_tp28_29_30_31,28,-1,100663296,100.663296,all_reduce,946.1097380288629,948.9241304228377,2.8143923939748516,tp_all_reduce,31,3,-1,1,-1,"28,29,30,31"
ar_l24_tp44_45_46_47,44,-1,100663296,100.663296,all_reduce,922.9222552726721,925.7367676230102,2.8145123503381386,tp_all_reduce,24,3,-1,2,-1,"44,45,46,47"
ar_l25_tp44_45_46_47,44,-1,100663296,100.663296,all_reduce,926.2226617661195,929.0396677795692,2.8170060134496966,tp_all_reduce,25,3,-1,2,-1,"44,45,46,47"
ar_l26_tp44_45_46_47,44,-1,100663296,100.663296,all_reduce,929.6736835508568,932.4913240473103,2.8176404964534996,tp_all_reduce,26,3,-1,2,-1,"44,45,46,47"
ar_l27_tp44_45_46_47,44,-1,100663296,100.663296,all_reduce,932.9268834789954,935.7443758222839,2.8174923432886523,tp_all_reduce,27,3,-1,2,-1,"44,45,46,47"
ar_l28_tp44_45_46_47,44,-1,100663296,100.663296,all_reduce,936.2786570007565,939.0942738063911,2.81561680563458,tp_all_reduce,28,3,-1,2,-1,"44,45,46,47"
ar_l29_tp44_45_46_47,44,-1,100663296,100.663296,all_reduce,939.6263323646773,942.444393234108,2.818060869430705,tp_all_reduce,29,3,-1,2,-1,"44,45,46,47"
ar_l30_tp44_45_46_47,44,-1,100663296,100.663296,all_reduce,942.8674927455718,945.6831785022038,2.815685756631936,tp_all_reduce,30,3,-1,2,-1,"44,45,46,47"
ar_l31_tp44_45_46_47,44,-1,100663296,100.663296,all_reduce,946.2155373639943,949.0311189904327,2.815581626438468,tp_all_reduce,31,3,-1,2,-1,"44,45,46,47"
ar_l24_tp60_61_62_63,60,-1,100663296,100.663296,all_reduce,922.9222552726721,925.7406818837699,2.8184266110977685,tp_all_reduce,24,3,-1,3,-1,"60,61,62,63"
ar_l25_tp60_61_62_63,60,-1,100663296,100.663296,all_reduce,926.2568296012886,929.0732608026523,2.816431201363656,tp_all_reduce,25,3,-1,3,-1,"60,61,62,63"
ar_l26_tp60_61_62_63,60,-1,100663296,100.663296,all_reduce,929.6747554373823,932.487973353647,2.8132179162647653,tp_all_reduce,26,3,-1,3,-1,"60,61,62,63"
ar_l27_tp60_61_62_63,60,-1,100663296,100.663296,all_reduce,932.9408160482197,935.759205770037,2.8183897218172493,tp_all_reduce,27,3,-1,3,-1,"60,61,62,63"
ar_l28_tp60_61_62_63,60,-1,100663296,100.663296,all_reduce,936.1147752016083,938.9299777379176,2.8152025363094024,tp_all_reduce,28,3,-1,3,-1,"60,61,62,63"
ar_l29_tp60_61_62_63,60,-1,100663296,100.663296,all_reduce,939.3304600890995,942.1452529468346,2.8147928577351156,tp_all_reduce,29,3,-1,3,-1,"60,61,62,63"
ar_l30_tp60_61_62_63,60,-1,100663296,100.663296,all_reduce,942.7611240910927,945.5740301774005,2.812906086307798,tp_all_reduce,30,3,-1,3,-1,"60,61,62,63"
ar_l31_tp60_61_62_63,60,-1,100663296,100.663296,all_reduce,945.9383675711846,948.7557127996685,2.8173452284838696,tp_all_reduce,31,3,-1,3,-1,"60,61,62,63"
ar_l0_tp0_1_2_3,0,-1,100663296,100.663296,all_reduce,1021.1427511093596,1023.9589338066555,2.816182697295888,tp_all_reduce,0,0,-1,0,-1,"0,1,2,3"
ar_l1_tp0_1_2_3,0,-1,100663296,100.663296,all_reduce,1024.4565604143493,1027.2718296121725,2.815269197823378,tp_all_reduce,1,0,-1,0,-1,"0,1,2,3"
ar_l2_tp0_1_2_3,0,-1,100663296,100.663296,all_reduce,1027.695772170353,1030.5088081870874,2.813036016734438,tp_all_reduce,2,0,-1,0,-1,"0,1,2,3"
ar_l3_tp0_1_2_3,0,-1,100663296,100.663296,all_reduce,1031.1624549009714,1033.9795482589789,2.8170933580073942,tp_all_reduce,3,0,-1,0,-1,"0,1,2,3"
ar_l4_tp0_1_2_3,0,-1,100663296,100.663296,all_reduce,1034.6153921388727,1037.433810616638,2.8184184777653165,tp_all_reduce,4,0,-1,0,-1,"0,1,2,3"
ar_l5_tp0_1_2_3,0,-1,100663296,100.663296,all_reduce,1038.0324889682438,1040.8477037464993,2.815214778255637,tp_all_reduce,5,0,-1,0,-1,"0,1,2,3"
ar_l6_tp0_1_2_3,0,-1,100663296,100.663296,all_reduce,1041.3446699948227,1044.1611988267405,2.8165288319179638,tp_all_reduce,6,0,-1,0,-1,"0,1,2,3"
ar_l7_tp0_1_2_3,0,-1,100663296,100.663296,all_reduce,1044.606315073681,1047.419280483947,2.8129654102662105,tp_all_reduce,7,0,-1,0,-1,"0,1,2,3"
ar_l0_tp16_17_18_19,16,-1,100663296,100.663296,all_reduce,1021.1404458521607,1023.9580272398603,2.817581387699608,tp_all_reduce,0,0,-1,1,-1,"16,17,18,19"
ar_l1_tp16_17_18_19,16,-1,100663296,100.663296,all_reduce,1024.3642741462552,1027.177356030741,2.813081884486035,tp_all_reduce,1,0,-1,1,-1,"16,17,18,19"
ar_l2_tp16_17_18_19,16,-1,100663296,100.663296,all_reduce,1027.6215171870824,1030.4370260611731,2.8155088740906553,tp_all_reduce,2,0,-1,1,-1,"16,17,18,19"
ar_l3_tp16_17_18_19,16,-1,100663296,100.663296,all_reduce,1030.9871128064053,1033.8032440878799,2.81613128147451,tp_all_reduce,3,0,-1,1,-1,"16,17,18,19"
ar_l4_tp16_17_18_19,16,-1,100663296,100.663296,all_reduce,1034.1642387155728,1036.9772517149763,2.813012999403508,tp_all_reduce,4,0,-1,1,-1,"16,17,18,19"
ar_l5_tp16_17_18_19,16,-1,100663296,100.663296,all_reduce,1037.3982528147455,1040.2108556684466,2.812602853700996,tp_all_reduce,5,0,-1,1,-1,"16,17,18,19"
ar_l6_tp16_17_18_19,16,-1,100663296,100.663296,all_reduce,1040.5757925721753,1043.391692173442,2.8158996012666027,tp_all_reduce,6,0,-1,1,-1,"16,17,18,19"
ar_l7_tp16_17_18_19,16,-1,100663296,100.663296,all_reduce,1043.895723138146,1046.713535350232,2.8178122120858795,tp_all_reduce,7,0,-1,1,-1,"16,17,18,19"
ar_l0_tp32_33_34_35,32,-1,100663296,100.663296,all_reduce,1021.1448041955866,1023.9629282863178,2.8181240907312333,tp_all_reduce,0,0,-1,2,-1,"32,33,34,35"
ar_l1_tp32_33_34_35,32,-1,100663296,100.663296,all_reduce,1024.3465700906293,1027.1642209420659,2.8176508514365928,tp_all_reduce,1,0,-1,2,-1,"32,33,34,35"
ar_l2_tp32_33_34_35,32,-1,100663296,100.663296,all_reduce,1027.7980467769337,1030.6132490506002,2.815202273666495,tp_all_reduce,2,0,-1,2,-1,"32,33,34,35"
ar_l3_tp32_33_34_35,32,-1,100663296,100.663296,all_reduce,1031.0954126380877,1033.9126440432178,2.8172314051300162,tp_all_reduce,3,0,-1,2,-1,"32,33,34,35"
ar_l4_tp32_33_34_35,32,-1,100663296,100.663296,all_reduce,1034.3903448028657,1037.2076411465691,2.8172963437034237,tp_all_reduce,4,0,-1,2,-1,"32,33,34,35"
ar_l5_tp32_33_34_35,32,-1,100663296,100.663296,all_reduce,1037.7769298980536,1040.59344774663,2.816517848576394,tp_all_reduce,5,0,-1,2,-1,"32,33,34,35"
ar_l6_tp32_33_34_35,32,-1,100663296,100.663296,all_reduce,1041.029623383343,1043.8478251028537,2.818201719510416,tp_all_reduce,6,0,-1,2,-1,"32,33,34,35"
ar_l7_tp32_33_34_35,32,-1,100663296,100.663296,all_reduce,1044.3029250083514,1047.120046704442,2.8171216960908296,tp_all_reduce,7,0,-1,2,-1,"32,33,34,35"
ar_l0_tp48_49_50_51,48,-1,100663296,100.663296,all_reduce,1021.1404495523519,1023.9585122887212,2.818062736369198,tp_all_reduce,0,0,-1,3,-1,"48,49,50,51"
ar_l1_tp48_49_50_51,48,-1,100663296,100.663296,all_reduce,1024.4086544264223,1027.2243220233515,2.8156675969290834,tp_all_reduce,1,0,-1,3,-1,"48,49,50,51"
ar_l2_tp48_49_50_51,48,-1,100663296,100.663296,all_reduce,1027.5639720314064,1030.3791473696997,2.815175338293452,tp_all_reduce,2,0,-1,3,-1,"48,49,50,51"
ar_l3_tp48_49_50_51,48,-1,100663296,100.663296,all_reduce,1030.918942640057,1033.7369773122323,2.81803467217534,tp_all_reduce,3,0,-1,3,-1,"48,49,50,51"
ar_l4_tp48_49_50_51,48,-1,100663296,100.663296,all_reduce,1034.2809484646257,1037.0978587710367,2.816910306411069,tp_all_reduce,4,0,-1,3,-1,"48,49,50,51"
ar_l5_tp48_49_50_51,48,-1,100663296,100.663296,all_reduce,1037.4753796332448,1040.2922688551641,2.816889221919361,tp_all_reduce,5,0,-1,3,-1,"48,49,50,51"
ar_l6_tp48_49_50_51,48,-1,100663296,100.663296,all_reduce,1040.8019243772487,1043.6182443572166,2.816319979968007,tp_all_reduce,6,0,-1,3,-1,"48,49,50,51"
ar_l7_tp48_49_50_51,48,-1,100663296,100.663296,all_reduce,1044.2678197447642,1047.0859612667448,2.818141521980566,tp_all_reduce,7,0,-1,3,-1,"48,49,50,51"
p2p_fwd_mb10_s0_dp0,0,4,67108864,67.108864,p2p,1047.9691074475027,1049.219730421351,1.2506229738482588,pp_forward,0,0,1,0,0,"0,4"
p2p_fwd_mb10_s0_dp1,16,20,67108864,67.108864,p2p,1047.9691074475027,1049.219730421351,1.2506229738482588,pp_forward,0,0,1,1,1,"16,20"
p2p_fwd_mb10_s0_dp2,32,36,67108864,67.108864,p2p,1047.9691074475027,1049.219730421351,1.2506229738482588,pp_forward,0,0,1,2,2,"32,36"
p2p_fwd_mb10_s0_dp3,48,52,67108864,67.108864,p2p,1047.9691074475027,1049.219730421351,1.2506229738482588,pp_forward,0,0,1,3,3,"48,52"
ar_l8_tp4_5_6_7,4,-1,100663296,100.663296,all_reduce,991.9667758643834,994.7811622284732,2.814386364089816,tp_all_reduce,8,1,-1,0,-1,"4,5,6,7"
ar_l9_tp4_5_6_7,4,-1,100663296,100.663296,all_reduce,1001.8269250031169,1004.6425023966947,2.8155773935778505,tp_all_reduce,9,1,-1,0,-1,"4,5,6,7"
ar_l10_tp4_5_6_7,4,-1,100663296,100.663296,all_reduce,1008.34068244645,1011.1584216260736,2.8177391796235796,tp_all_reduce,10,1,-1,0,-1,"4,5,6,7"
ar_l11_tp4_5_6_7,4,-1,100663296,100.663296,all_reduce,1018.5298664659599,1021.3454915888854,2.815625122925436,tp_all_reduce,11,1,-1,0,-1,"4,5,6,7"
ar_l12_tp4_5_6_7,4,-1,100663296,100.663296,all_reduce,1025.3068932936073,1028.120206298998,2.813313005390672,tp_all_reduce,12,1,-1,0,-1,"4,5,6,7"
ar_l13_tp4_5_6_7,4,-1,100663296,100.663296,all_reduce,1035.1984817914831,1038.0160244409174,2.817542649434124,tp_all_reduce,13,1,-1,0,-1,"4,5,6,7"
ar_l14_tp4_5_6_7,4,-1,100663296,100.663296,all_reduce,1041.695173597933,1044.511669527672,2.8164959297389824,tp_all_reduce,14,1,-1,0,-1,"4,5,6,7"
ar_l15_tp4_5_6_7,4,-1,100663296,100.663296,all_reduce,1051.6279031864958,1054.4451743800475,2.8172711935516848,tp_all_reduce,15,1,-1,0,-1,"4,5,6,7"
ar_l8_tp20_21_22_23,20,-1,100663296,100.663296,all_reduce,991.9667758643834,994.7808837929043,2.8141079285208814,tp_all_reduce,8,1,-1,1,-1,"20,21,22,23"
ar_l9_tp20_21_22_23,20,-1,100663296,100.663296,all_reduce,1002.1869397027599,1005.0002668841449,2.8133271813850502,tp_all_reduce,9,1,-1,1,-1,"20,21,22,23"
ar_l10_tp20_21_22_23,20,-1,100663296,100.663296,all_reduce,1008.5632980562658,1011.3813703925942,2.81807233632847,tp_all_reduce,10,1,-1,1,-1,"20,21,22,23"
ar_l11_tp20_21_22_23,20,-1,100663296,100.663296,all_reduce,1018.4255517788963,1021.2397736557668,2.8142218768705263,tp_all_reduce,11,1,-1,1,-1,"20,21,22,23"
ar_l12_tp20_21_22_23,20,-1,100663296,100.663296,all_reduce,1024.8796197128152,1027.693045344316,2.8134256315008876,tp_all_reduce,12,1,-1,1,-1,"20,21,22,23"
ar_l13_tp20_21_22_23,20,-1,100663296,100.663296,all_reduce,1034.9389359185352,1037.7562851878893,2.8173492693539526,tp_all_reduce,13,1,-1,1,-1,"20,21,22,23"
ar_l14_tp20_21_22_23,20,-1,100663296,100.663296,all_reduce,1041.2369895142501,1044.0517349315546,2.8147454173044206,tp_all_reduce,14,1,-1,1,-1,"20,21,22,23"
ar_l15_tp20_21_22_23,20,-1,100663296,100.663296,all_reduce,1051.2183516921289,1054.0362394932295,2.8178878011004826,tp_all_reduce,15,1,-1,1,-1,"20,21,22,23"
ar_l8_tp36_37_38_39,36,-1,100663296,100.663296,all_reduce,991.9667758643834,994.7811220457023,2.8143461813189274,tp_all_reduce,8,1,-1,2,-1,"36,37,38,39"
ar_l9_tp36_37_38_39,36,-1,100663296,100.663296,all_reduce,1001.8231172375722,1004.6395051937276,2.816387956155353,tp_all_reduce,9,1,-1,2,-1,"36,37,38,39"
ar_l10_tp36_37_38_39,36,-1,100663296,100.663296,all_reduce,1008.3577652890399,1011.1756825656024,2.8179172765625538,tp_all_reduce,10,1,-1,2,-1,"36,37,38,39"
ar_l11_tp36_37_38_39,36,-1,100663296,100.663296,all_reduce,1018.3694860156647,1021.1830220232798,2.813536007615136,tp_all_reduce,11,1,-1,2,-1,"36,37,38,39"
ar_l12_tp36_37_38_39,36,-1,100663296,100.663296,all_reduce,1025.1123299537667,1027.9267949462874,2.8144649925205822,tp_all_reduce,12,1,-1,2,-1,"36,37,38,39"
ar_l13_tp36_37_38_39,36,-1,100663296,100.663296,all_reduce,1035.0008548774756,1037.814639485692,2.813784608216352,tp_all_reduce,13,1,-1,2,-1,"36,37,38,39"
ar_l14_tp36_37_38_39,36,-1,100663296,100.663296,all_reduce,1041.3041252903574,1044.1221659857852,2.8180406954276815,tp_all_reduce,14,1,-1,2,-1,"36,37,38,39"
ar_l15_tp36_37_38_39,36,-1,100663296,100.663296,all_reduce,1051.0991554683405,1053.9117514271525,2.812595958812114,tp_all_reduce,15,1,-1,2,-1,"36,37,38,39"
ar_l8_tp52_53_54_55,52,-1,100663296,100.663296,all_reduce,991.9667758643834,994.7816780789055,2.814902214522075,tp_all_reduce,8,1,-1,3,-1,"52,53,54,55"
ar_l9_tp52_53_54_55,52,-1,100663296,100.663296,all_reduce,1002.2301408037049,1005.04489106293,2.814750259225063,tp_all_reduce,9,1,-1,3,-1,"52,53,54,55"
ar_l10_tp52_53_54_55,52,-1,100663296,100.663296,all_reduce,1009.1831366047053,1011.9968920354526,2.8137554307472445,tp_all_reduce,10,1,-1,3,-1,"52,53,54,55"
ar_l11_tp52_53_54_55,52,-1,100663296,100.663296,all_reduce,1019.0012174770682,1021.8151704754692,2.813952998401037,tp_all_reduce,11,1,-1,3,-1,"52,53,54,55"
ar_l12_tp52_53_54_55,52,-1,100663296,100.663296,all_reduce,1025.6726015513289,1028.4863878977333,2.81378634640439,tp_all_reduce,12,1,-1,3,-1,"52,53,54,55"
ar_l13_tp52_53_54_55,52,-1,100663296,100.663296,all_reduce,1035.5556590619544,1038.3719623248596,2.816303262905384,tp_all_reduce,13,1,-1,3,-1,"52,53,54,55"
ar_l14_tp52_53_54_55,52,-1,100663296,100.663296,all_reduce,1042.4419468551532,1045.256563253149,2.8146163979958505,tp_all_reduce,14,1,-1,3,-1,"52,53,54,55"
ar_l15_tp52_53_54_55,52,-1,100663296,100.663296,all_reduce,1052.426370198032,1055.241849587114,2.8154793890822205,tp_all_reduce,15,1,-1,3,-1,"52,53,54,55"
p2p_bwd_mb7_s1_dp0,4,0,67108864,67.108864,p2p,1059.082677600236,1060.333028612716,1.2503510124799444,pp_backward,1,1,0,0,0,"4,0"
p2p_bwd_mb7_s1_dp1,20,16,67108864,67.108864,p2p,1059.082677600236,1060.333028612716,1.2503510124799444,pp_backward,1,1,0,1,1,"20,16"
p2p_bwd_mb7_s1_dp2,36,32,67108864,67.108864,p2p,1059.082677600236,1060.333028612716,1.2503510124799444,pp_backward,1,1,0,2,2,"36,32"
p2p_bwd_mb7_s1_dp3,52,48,67108864,67.108864,p2p,1059.082677600236,1060.333028612716,1.2503510124799444,pp_backward,1,1,0,3,3,"52,48"
ar_l16_tp8_9_10_11,8,-1,100663296,100.663296,all_reduce,991.9667758643834,994.7807158502696,2.8139399858861935,tp_all_reduce,16,2,-1,0,-1,"8,9,10,11"
ar_l17_tp8_9_10_11,8,-1,100663296,100.663296,all_reduce,995.2796114046414,998.0970772041816,2.817465799540231,tp_all_reduce,17,2,-1,0,-1,"8,9,10,11"
ar_l18_tp8_9_10_11,8,-1,100663296,100.663296,all_reduce,998.7560225787635,1001.5699247337877,2.813902155024195,tp_all_reduce,18,2,-1,0,-1,"8,9,10,11"
ar_l19_tp8_9_10_11,8,-1,100663296,100.663296,all_reduce,1002.2164354308203,1005.0337078692344,2.81727243841412,tp_all_reduce,19,2,-1,0,-1,"8,9,10,11"
ar_l20_tp8_9_10_11,8,-1,100663296,100.663296,all_reduce,1005.6151015895891,1008.432192709408,2.817091119818871,tp_all_reduce,20,2,-1,0,-1,"8,9,10,11"
ar_l21_tp8_9_10_11,8,-1,100663296,100.663296,all_reduce,1009.0760405276582,1011.893277218296,2.8172366906378254,tp_all_reduce,21,2,-1,0,-1,"8,9,10,11"
ar_l22_tp8_9_10_11,8,-1,100663296,100.663296,all_reduce,1012.379843898976,1015.1976096737914,2.817765774815406,tp_all_reduce,22,2,-1,0,-1,"8,9,10,11"
ar_l23_tp8_9_10_11,8,-1,100663296,100.663296,all_reduce,1015.7353707915446,1018.5513820539131,2.816011262368523,tp_all_reduce,23,2,-1,0,-1,"8,9,10,11"
ar_l16_tp24_25_26_27,24,-1,100663296,100.663296,all_reduce,991.9667758643834,994.7850775019331,2.8183016375497028,tp_all_reduce,16,2,-1,1,-1,"24,25,26,27"
ar_l17_tp24_25_26_27,24,-1,100663296,100.663296,all_reduce,995.1593087266457,997.9769727611689,2.817664034523215,tp_all_reduce,17,2,-1,1,-1,"24,25,26,27"
ar_l18_tp24_25_26_27,24,-1,100663296,100.663296,all_reduce,998.464981152299,1001.2831534670435,2.8181723147444604,tp_all_reduce,18,2,-1,1,-1,"24,25,26,27"
ar_l19_tp24_25_26_27,24,-1,100663296,100.663296,all_reduce,1001.8973258754161,1004.7106679704129,2.813342094996951,tp_all_reduce,19,2,-1,1,-1,"24,25,26,27"
ar_l20_tp24_25_26_27,24,-1,100663296,100.663296,all_reduce,1005.2210549192415,1008.0361081713289,2.8150532520874183,tp_all_reduce,20,2,-1,1,-1,"24,25,26,27"
ar_l21_tp24_25_26_27,24,-1,100663296,100.663296,all_reduce,1008.4988794934565,1011.3171119722832,2.818232478826843,tp_all_reduce,21,2,-1,1,-1,"24,25,26,27"
ar_l22_tp24_25_26_27,24,-1,100663296,100.663296,all_reduce,1011.87215579375,1014.6886498601051,2.816494066355091,tp_all_reduce,22,2,-1,1,-1,"24,25,26,27"
ar_l23_tp24_25_26_27,24,-1,100663296,100.663296,all_reduce,1015.0364820568967,1017.8525815016277,2.816099444731046,tp_all_reduce,23,2,-1,1,-1,"24,25,26,27"
ar_l16_tp40_41_42_43,40,-1,100663296,100.663296,all_reduce,991.9667758643834,994.779739909004,2.812964044620503,tp_all_reduce,16,2,-1,2,-1,"40,41,42,43"
ar_l17_tp40_41_42_43,40,-1,100663296,100.663296,all_reduce,995.3671524867696,998.1829975112837,2.815845024514152,tp_all_reduce,17,2,-1,2,-1,"40,41,42,43"
ar_l18_tp40_41_42_43,40,-1,100663296,100.663296,all_reduce,998.6013317386013,1001.4139892296148,2.8126574910134483,tp_all_reduce,18,2,-1,2,-1,"40,41,42,43"
ar_l19_tp40_41_42_43,40,-1,100663296,100.663296,all_reduce,1001.9665701331171,1004.7820606706513,2.81549053753416,tp_all_reduce,19,2,-1,2,-1,"40,41,42,43"
ar_l20_tp40_41_42_43,40,-1,100663296,100.663296,all_reduce,1005.228103737825,1008.0435894870373,2.8154857492121987,tp_all_reduce,20,2,-1,2,-1,"40,41,42,43"
ar_l21_tp40_41_42_43,40,-1,100663296,100.663296,all_reduce,1008.6865705139573,1011.5010224352988,2.814451921341332,tp_all_reduce,21,2,-1,2,-1,"40,41,42,43"
ar_l22_tp40_41_42_43,40,-1,100663296,100.663296,all_reduce,1012.1351804018808,1014.9498389476066,2.8146585457258233,tp_all_reduce,22,2,-1,2,-1,"40,41,42,43"
ar_l23_tp40_41_42_43,40,-1,100663296,100.663296,all_reduce,1015.5768034015107,1018.3903682703519,2.813564868841212,tp_all_reduce,23,2,-1,2,-1,"40,41,42,43"
ar_l16_tp56_57_58_59,56,-1,100663296,100.663296,all_reduce,991.9667758643834,994.7846234540098,2.817847589626332,tp_all_reduce,16,2,-1,3,-1,"56,57,58,59"
ar_l17_tp56_57_58_59,56,-1,100663296,100.663296,all_reduce,995.1243408254951,997.9382596424126,2.8139188169175045,tp_all_reduce,17,2,-1,3,-1,"56,57,58,59"
ar_l18_tp56_57_58_59,56,-1,100663296,100.663296,all_reduce,998.5318862703518,1001.3488530115329,2.8169667411810373,tp_all_reduce,18,2,-1,3,-1,"56,57,58,59"
ar_l19_tp56_57_58_59,56,-1,100663296,100.663296,all_reduce,1001.7571390214222,1004.5699462581777,2.812807236755477,tp_all_reduce,19,2,-1,3,-1,"56,57,58,59"
ar_l20_tp56_57_58_59,56,-1,100663296,100.663296,all_reduce,1004.9569587745098,1007.7720515920952,2.8150928175854073,tp_all_reduce,20,2,-1,3,-1,"56,57,58,59"
ar_l21_tp56_57_58_59,56,-1,100663296,100.663296,all_reduce,1008.1521738496859,1010.9701657662247,2.8179919165387535,tp_all_reduce,21,2,-1,3,-1,"56,57,58,59"
ar_l22_tp56_57_58_59,56,-1,100663296,100.663296,all_reduce,1011.3113368741517,1014.1244836810511,2.8131468068992582,tp_all_reduce,22,2,-1,3,-1,"56,57,58,59"
ar_l23_tp56_57_58_59,56,-1,100663296,100.663296,all_reduce,1014.7788456230669,1017.5964738239569,2.8176282008900433,tp_all_reduce,23,2,-1,3,-1,"56,57,58,59"
p2p_fwd_mb9_s2_dp0,8,12,67108864,67.108864,p2p,1019.1254938507557,1020.3763331159062,1.2508392651504607,pp_forward,2,2,3,0,0,"8,12"
p2p_fwd_mb9_s2_dp1,24,28,67108864,67.108864,p2p,1019.1254938507557,1020.3763331159062,1.2508392651504607,pp_forward,2,2,3,1,1,"24,28"
p2p_fwd_mb9_s2_dp2,40,44,67108864,67.108864,p2p,1019.1254938507557,1020.3763331159062,1.2508392651504607,pp_forward,2,2,3,2,2,"40,44"
p2p_fwd_mb9_s2_dp3,56,60,67108864,67.108864,p2p,1019.1254938507557,1020.3763331159062,1.2508392651504607,pp_forward,2,2,3,3,3,"56,60"
ar_l24_tp12_13_14_15,12,-1,100663296,100.663296,all_reduce,952.850918947986,955.6638212868346,2.8129023388485663,tp_all_reduce,24,3,-1,0,-1,"12,13,14,15"
ar_l25_tp12_13_14_15,12,-1,100663296,100.663296,all_reduce,962.6663671802758,965.4819941797184,2.8156269994425998,tp_all_reduce,25,3,-1,0,-1,"12,13,14,15"
ar_l26_tp12_13_14_15,12,-1,100663296,100.663296,all_reduce,969.3843934265036,972.2024224457361,2.8180290192325597,tp_all_reduce,26,3,-1,0,-1,"12,13,14,15"
ar_l27_tp12_13_14_15,12,-1,100663296,100.663296,all_reduce,979.120515691124,981.9358355414754,2.8153198503515497,tp_all_reduce,27,3,-1,0,-1,"12,13,14,15"
ar_l28_tp12_13_14_15,12,-1,100663296,100.663296,all_reduce,985.8495763464512,988.6650499518889,2.8154736054377683,tp_all_reduce,28,3,-1,0,-1,"12,13,14,15"
ar_l29_tp12_13_14_15,12,-1,100663296,100.663296,all_reduce,995.74400856305,998.5584813144333,2.8144727513832457,tp_all_reduce,29,3,-1,0,-1,"12,13,14,15"
ar_l30_tp12_13_14_15,12,-1,100663296,100.663296,all_reduce,1002.4040217105423,1005.2167546082025,2.812732897660153,tp_all_reduce,30,3,-1,0,-1,"12,13,14,15"
ar_l31_tp12_13_14_15,12,-1,100663296,100.663296,all_reduce,1012.1757813197762,1014.9919178005792,2.816136480803033,tp_all_reduce,31,3,-1,0,-1,"12,13,14,15"
ar_l24_tp28_29_30_31,28,-1,100663296,100.663296,all_reduce,952.850918947986,955.6654975012656,2.814578553279601,tp_all_reduce,24,3,-1,1,-1,"28,29,30,31"
ar_l25_tp28_29_30_31,28,-1,100663296,100.663296,all_reduce,962.763376385863,965.5791582990934,2.8157819132302864,tp_all_reduce,25,3,-1,1,-1,"28,29,30,31"
ar_l26_tp28_29_30_31,28,-1,100663296,100.663296,all_reduce,969.063331256042,971.8774309570712,2.8140997010290825,tp_all_reduce,26,3,-1,1,-1,"28,29,30,31"
ar_l27_tp28_29_30_31,28,-1,100663296,100.663296,all_reduce,978.8283261303019,981.6416265979783,2.8133004676763607,tp_all_reduce,27,3,-1,1,-1,"28,29,30,31"
ar_l28_tp28_29_30_31,28,-1,100663296,100.663296,all_reduce,985.5563133358162,988.3727208998537,2.8164075640374486,tp_all_reduce,28,3,-1,1,-1,"28,29,30,31"
ar_l29_tp28_29_30_31,28,-1,100663296,100.663296,all_reduce,995.5631039485414,998.3777566299527,2.814652681411345,tp_all_reduce,29,3,-1,1,-1,"28,29,30,31"
ar_l30_tp28_29_30_31,28,-1,100663296,100.663296,all_reduce,1002.052517024826,1004.8668938995376,2.8143768747115327,tp_all_reduce,30,3,-1,1,-1,"28,29,30,31"
ar_l31_tp28_29_30_31,28,-1,100663296,100.663296,all_reduce,1011.6636469572549,1014.4765016911706,2.8128547339156817,tp_all_reduce,31,3,-1,1,-1,"28,29,30,31"
ar_l24_tp44_45_46_47,44,-1,100663296,100.663296,all_reduce,952.850918947986,955.6686532876207,2.8177343396347254,tp_all_reduce,24,3,-1,2,-1,"44,45,46,47"
ar_l25_tp44_45_46_47,44,-1,100663296,100.663296,all_reduce,962.6415430603042,965.458535380562,2.816992320257783,tp_all_reduce,25,3,-1,2,-1,"44,45,46,47"
ar_l26_tp44_45_46_47,44,-1,100663296,100.663296,all_reduce,969.0212712424936,971.8365022439224,2.815231001428775,tp_all_reduce,26,3,-1,2,-1,"44,45,46,47"
ar_l27_tp44_45_46_47,44,-1,100663296,100.663296,all_reduce,979.1085058919247,981.9264629901958,2.817957098271151,tp_all_reduce,27,3,-1,2,-1,"44,45,46,47"
ar_l28_tp44_45_46_47,44,-1,100663296,100.663296,all_reduce,985.8139519660828,988.6266516315159,2.8126996654330716,tp_all_reduce,28,3,-1,2,-1,"44,45,46,47"
ar_l29_tp44_45_46_47,44,-1,100663296,100.663296,all_reduce,995.7501469534592,998.5677006517427,2.8175536982835148,tp_all_reduce,29,3,-1,2,-1,"44,45,46,47"
ar_l30_tp44_45_46_47,44,-1,100663296,100.663296,all_reduce,1002.2201376135079,1005.0373603989642,2.8172227854563747,tp_all_reduce,30,3,-1,2,-1,"44,45,46,47"
ar_l31_tp44_45_46_47,44,-1,100663296,100.663296,all_reduce,1012.2066156900145,1015.0244700122695,2.817854322255009,tp_all_reduce,31,3,-1,2,-1,"44,45,46,47"
ar_l24_tp60_61_62_63,60,-1,100663296,100.663296,all_reduce,952.850918947986,955.6643401251474,2.813421177161435,tp_all_reduce,24,3,-1,3,-1,"60,61,62,63"
ar_l25_tp60_61_62_63,60,-1,100663296,100.663296,all_reduce,963.0281344180419,965.8423903488755,2.81425593083362,tp_all_reduce,25,3,-1,3,-1,"60,61,62,63"
ar_l26_tp60_61_62_63,60,-1,100663296,100.663296,all_reduce,969.7658789610318,972.5814665057261,2.8155875446942424,tp_all_reduce,26,3,-1,3,-1,"60,61,62,63"
ar_l27_tp60_61_62_63,60,-1,100663296,100.663296,all_reduce,979.6567131750612,982.469804717124,2.8130915420627733,tp_all_reduce,27,3,-1,3,-1,"60,61,62,63"
ar_l28_tp60_61_62_63,60,-1,100663296,100.663296,all_reduce,985.9899915757824,988.8066435223091,2.8166519465266937,tp_all_reduce,28,3,-1,3,-1,"60,61,62,63"
ar_l29_tp60_61_62_63,60,-1,100663296,100.663296,all_reduce,996.0313156163974,998.8492060605597,2.817890444162363,tp_all_reduce,29,3,-1,3,-1,"60,61,62,63"
ar_l30_tp60_61_62_63,60,-1,100663296,100.663296,all_reduce,1002.7322801120946,1005.5508107244995,2.8185306124048903,tp_all_reduce,30,3,-1,3,-1,"60,61,62,63"
ar_l31_tp60_61_62_63,60,-1,100663296,100.663296,all_reduce,1012.8324707971932,1015.6473593539434,2.8148885567502724,tp_all_reduce,31,3,-1,3,-1,"60,61,62,63"
p2p_bwd_mb8_s3_dp0,12,8,67108864,67.108864,p2p,1025.9273388603426,1027.1778373415202,1.25049848117742,pp_backward,3,3,2,0,0,"12,8"
p2p_bwd_mb8_s3_dp1,28,24,67108864,67.108864,p2p,1025.9273388603426,1027.1778373415202,1.25049848117742,pp_backward,3,3,2,1,1,"28,24"
p2p_bwd_mb8_s3_dp2,44,40,67108864,67.108864,p2p,1025.9273388603426,1027.1778373415202,1.25049848117742,pp_backward,3,3,2,2,2,"44,40"
p2p_bwd_mb8_s3_dp3,60,56,67108864,67.108864,p2p,1025.9273388603426,1027.1778373415202,1.25049848117742,pp_backward,3,3,2,3,3,"60,56"
ar_l0_tp0_1_2_3,0,-1,100663296,100.663296,all_reduce,1060.4374920028142,1063.2553617554108,2.81786975259668,tp_all_reduce,0,0,-1,0,-1,"0,1,2,3"
ar_l1_tp0_1_2_3,0,-1,100663296,100.663296,all_reduce,1070.0882060941617,1072.903163224988,2.8149571308262455,tp_all_reduce,1,0,-1,0,-1,"0,1,2,3"
ar_l2_tp0_1_2_3,0,-1,100663296,100.663296,all_reduce,1076.4548887057326,1079.269021666364,2.814132960631488,tp_all_reduce,2,0,-1,0,-1,"0,1,2,3"
ar_l3_tp0_1_2_3,0,-1,100663296,100.663296,all_reduce,1086.408105236463,1089.223389013119,2.8152837766561856,tp_all_reduce,3,0,-1,0,-1,"0,1,2,3"
ar_l4_tp0_1_2_3,0,-1,100663296,100.663296,all_reduce,1092.7287973791733,1095.5430917988647,2.8142944196913877,tp_all_reduce,4,0,-1,0,-1,"0,1,2,3"
ar_l5_tp0_1_2_3,0,-1,100663296,100.663296,all_reduce,1102.6571048517997,1105.4697292318142,2.8126243800146167,tp_all_reduce,5,0,-1,0,-1,"0,1,2,3"
ar_l6_tp0_1_2_3,0,-1,100663296,100.663296,all_reduce,1109.4506791001781,1112.2647395113536,2.8140604111754897,tp_all_reduce,6,0,-1,0,-1,"0,1,2,3"
ar_l7_tp0_1_2_3,0,-1,100663296,100.663296,all_reduce,1119.6013719243992,1122.4192815691574,2.817909644758032,tp_all_reduce,7,0,-1,0,-1,"0,1,2,3"
ar_l0_tp16_17_18_19,16,-1,100663296,100.663296,all_reduce,1060.4356716386733,1063.2517508132478,2.816079174574382,tp_all_reduce,0,0,-1,1,-1,"16,17,18,19"
ar_l1_tp16_17_18_19,16,-1,100663296,100.663296,all_reduce,1070.2438736853182,1073.0621984992645,2.8183248139463934,tp_all_reduce,1,0,-1,1,-1,"16,17,18,19"
ar_l2_tp16_17_18_19,16,-1,100663296,100.663296,all_reduce,1077.0484986185843,1079.8669505004043,2.818451881820172,tp_all_reduce,2,0,-1,1,-1,"16,17,18,19"
ar_l3_tp16_17_18_19,16,-1,100663296,100.663296,all_reduce,1086.5440144886222,1089.36215089145,2.8181364028276867,tp_all_reduce,3,0,-1,1,-1,"16,17,18,19"
ar_l4_tp16_17_18_19,16,-1,100663296,100.663296,all_reduce,1093.3763920222405,1096.1914889445027,2.815096922262228,tp_all_reduce,4,0,-1,1,-1,"16,17,18,19"
ar_l5_tp16_17_18_19,16,-1,100663296,100.663296,all_reduce,1103.311665057247,1106.1277539749487,2.816088917701798,tp_all_reduce,5,0,-1,1,-1,"16,17,18,19"
ar_l6_tp16_17_18_19,16,-1,100663296,100.663296,all_reduce,1110.2379224851727,1113.0557265249479,2.8178040397752735,tp_all_reduce,6,0,-1,1,-1,"16,17,18,19"
ar_l7_tp16_17_18_19,16,-1,100663296,100.663296,all_reduce,1120.0543499969754,1122.870833416597,2.816483419621596,tp_all_reduce,7,0,-1,1,-1,"16,17,18,19"
ar_l0_tp32_33_34_35,32,-1,100663296,100.663296,all_reduce,1060.430130007334,1063.242986370154,2.8128563628200265,tp_all_reduce,0,0,-1,2,-1,"32,33,34,35"
ar_l1_tp32_33_34_35,32,-1,100663296,100.663296,all_reduce,1070.3789623909395,1073.1918465824363,2.812884191496723,tp_all_reduce,1,0,-1,2,-1,"32,33,34,35"
ar_l2_tp32_33_34_35,32,-1,100663296,100.663296,all_reduce,1076.7927666899773,1079.6086639003447,2.8158972103675683,tp_all_reduce,2,0,-1,2,-1,"32,33,34,35"
ar_l3_tp32_33_34_35,32,-1,100663296,100.663296,all_reduce,1086.4472647898594,1089.2607375139573,2.813472724097821,tp_all_reduce,3,0,-1,2,-1,"32,33,34,35"
ar_l4_tp32_33_34_35,32,-1,100663296,100.663296,all_reduce,1093.0539335071917,1095.8697444498926,2.8158109427010025,tp_all_reduce,4,0,-1,2,-1,"32,33,34,35"
ar_l5_tp32_33_34_35,32,-1,100663296,100.663296,all_reduce,1102.8327091809197,1105.6456948656519,2.8129856847323165,tp_all_reduce,5,0,-1,2,-1,"32,33,34,35"
ar_l6_tp32_33_34_35,32,-1,100663296,100.663296,all_reduce,1109.1877662793538,1112.0017432206348,2.813976941280938,tp_all_reduce,6,0,-1,2,-1,"32,33,34,35"
ar_l7_tp32_33_34_35,32,-1,100663296,100.663296,all_reduce,1119.1356329216824,1121.9524231267412,2.8167902050588722,tp_all_reduce,7,0,-1,2,-1,"32,33,34,35"
ar_l0_tp48_49_50_51,48,-1,100663296,100.663296,all_reduce,1060.4314680051943,1063.246677850184,2.815209844989619,tp_all_reduce,0,0,-1,3,-1,"48,49,50,51"
ar_l1_tp48_49_50_51,48,-1,100663296,100.663296,all_reduce,1070.675284931406,1073.4908736502568,2.8155887188510142,tp_all_reduce,1,0,-1,3,-1,"48,49,50,51"
ar_l2_tp48_49_50_51,48,-1,100663296,100.663296,all_reduce,1077.3158612836032,1080.131190823912,2.8153295403088308,tp_all_reduce,2,0,-1,3,-1,"48,49,50,51"
ar_l3_tp48_49_50_51,48,-1,100663296,100.663296,all_reduce,1087.4570414553884,1090.269666380299,2.812624924910523,tp_all_reduce,3,0,-1,3,-1,"48,49,50,51"
ar_l4_tp48_49_50_51,48,-1,100663296,100.663296,all_reduce,1094.1956407667162,1097.0127457727779,2.817105006061693,tp_all_reduce,4,0,-1,3,-1,"48,49,50,51"
ar_l5_tp48_49_50_51,48,-1,100663296,100.663296,all_reduce,1104.4899983800458,1107.30654173193,2.816543351884304,tp_all_reduce,5,0,-1,3,-1,"48,49,50,51"
ar_l6_tp48_49_50_51,48,-1,100663296,100.663296,all_reduce,1110.8157922280614,1113.6303631196358,2.8145708915745526,tp_all_reduce,6,0,-1,3,-1,"48,49,50,51"
ar_l7_tp48_49_50_51,48,-1,100663296,100.663296,all_reduce,1120.8232259304223,1123.6363525657462,2.8131266353239592,tp_all_reduce,7,0,-1,3,-1,"48,49,50,51"
ar_l8_tp4_5_6_7,4,-1,100663296,100.663296,all_reduce,1060.333028612716,1063.1510175370336,2.817988924317616,tp_all_reduce,8,1,-1,0,-1,"4,5,6,7"
ar_l9_tp4_5_6_7,4,-1,100663296,100.663296,all_reduce,1063.7441426662256,1066.5599938293763,2.81585116315064,tp_all_reduce,9,1,-1,0,-1,"4,5,6,7"
ar_l10_tp4_5_6_7,4,-1,100663296,100.663296,all_reduce,1067.181499828922,1069.9984392549056,2.8169394259836,tp_all_reduce,10,1,-1,0,-1,"4,5,6,7"
ar_l11_tp4_5_6_7,4,-1,100663296,100.663296,all_reduce,1070.3663144090394,1073.1802097959903,2.813895386950982,tp_all_reduce,11,1,-1,0,-1,"4,5,6,7"
ar_l12_tp4_5_6_7,4,-1,100663296,100.663296,all_reduce,1073.7595911629646,1076.5760439228977,2.8164527599330302,tp_all_reduce,12,1,-1,0,-1,"4,5,6,7"
ar_l13_tp4_5_6_7,4,-1,100663296,100.663296,all_reduce,1076.9368839876668,1079.7541574505938,2.817273462927039,tp_all_reduce,13,1,-1,0,-1,"4,5,6,7"
ar_l14_tp4_5_6_7,4,-1,100663296,100.663296,all_reduce,1080.3461663500702,1083.1594477042386,2.813281354168362,tp_all_reduce,14,1,-1,0,-1,"4,5,6,7"
ar_l15_tp4_5_6_7,4,-1,100663296,100.663296,all_reduce,1083.817842059572,1086.6324342197172,2.814592160145013,tp_all_reduce,15,1,-1,0,-1,"4,5,6,7"
ar_l8_tp20_21_22_23,20,-1,100663296,100.663296,all_reduce,1060.333028612716,1063.1456219125387,2.812593299822641,tp_all_reduce,8,1,-1,1,-1,"20,21,22,23"
ar_l9_tp20_21_22_23,20,-1,100663296,100.663296,all_reduce,1063.5249819347487,1066.3416946187808,2.8167126840321632,tp_all_reduce,9,1,-1,1,-1,"20,21,22,23"
ar_l10_tp20_21_22_23,20,-1,100663296,100.663296,all_reduce,1066.788625466321,1069.606273982741,2.8176485164199683,tp_all_reduce,10,1,-1,1,-1,"20,21,22,23"
ar_l11_tp20_21_22_23,20,-1,100663296,100.663296,all_reduce,1070.255132526309,1073.069068147576,2.813935621267083,tp_all_reduce,11,1,-1,1,-1,"20,21,22,23"
ar_l12_tp20_21_22_23,20,-1,100663296,100.663296,all_reduce,1073.615990517974,1076.432750053324,2.8167595353500996,tp_all_reduce,12,1,-1,1,-1,"20,21,22,23"
ar_l13_tp20_21_22_23,20,-1,100663296,100.663296,all_reduce,1076.9355406625423,1079.751432057613,2.8158913950708797,tp_all_reduce,13,1,-1,1,-1,"20,21,22,23"
ar_l14_tp20_21_22_23,20,-1,100663296,100.663296,all_reduce,1080.3881684111434,1083.2010845170912,2.8129161059478047,tp_all_reduce,14,1,-1,1,-1,"20,21,22,23"
ar_l15_tp20_21_22_23,20,-1,100663296,100.663296,all_reduce,1083.5399334561407,1086.3578129308028,2.817879474662055,tp_all_reduce,15,1,-1,1,-1,"20,21,22,23"
ar_l8_tp36_37_38_39,36,-1,100663296,100.663296,all_reduce,1060.333028612716,1063.1467042052677,2.8136755925518564,tp_all_reduce,8,1,-1,2,-1,"36,37,38,39"
ar_l9_tp36_37_38_39,36,-1,100663296,100.663296,all_reduce,1063.6324429603749,1066.4460863488391,2.8136433884642376,tp_all_reduce,9,1,-1,2,-1,"36,37,38,39"
ar_l10_tp36_37_38_39,36,-1,100663296,100.663296,all_reduce,1066.8598024845605,1069.674488420484,2.814685935923489,tp_all_reduce,10,1,-1,2,-1,"36,37,38,39"
ar_l11_tp36_37_38_39,36,-1,100663296,100.663296,all_reduce,1070.3022884066552,1073.1164125897574,2.81412418310234,tp_all_reduce,11,1,-1,2,-1,"36,37,38,39"
ar_l12_tp36_37_38_39,36,-1,100663296,100.663296,all_reduce,1073.5224119750262,1076.3352911154684,2.8128791404422593,tp_all_reduce,12,1,-1,2,-1,"36,37,38,39"
ar_l13_tp36_37_38_39,36,-1,100663296,100.663296,all_reduce,1076.6696553446905,1079.4868736903752,2.8172183456847133,tp_all_reduce,13,1,-1,2,-1,"36,37,38,39"
ar_l14_tp36_37_38_39,36,-1,100663296,100.663296,all_reduce,1080.047141038434,1082.863956421241,2.816815382807203,tp_all_reduce,14,1,-1,2,-1,"36,37,38,39"
ar_l15_tp36_37_38_39,36,-1,100663296,100.663296,all_reduce,1083.4701525136313,1086.2842370070703,2.8140844934390064,tp_all_reduce,15,1,-1,2,-1,"36,37,38,39"
ar_l8_tp52_53_54_55,52,-1,100663296,100.663296,all_reduce,1060.333028612716,1063.1480595161706,2.815030903454696,tp_all_reduce,8,1,-1,3,-1,"52,53,54,55"
ar_l9_tp52_53_54_55,52,-1,100663296,100.663296,all_reduce,1063.6558772440965,1066.47211943869,2.8162421945934213,tp_all_reduce,9,1,-1,3,-1,"52,53,54,55"
ar_l10_tp52_53_54_55,52,-1,100663296,100.663296,all_reduce,1067.0406318436922,1069.8547740121942,2.814142168501954,tp_all_reduce,10,1,-1,3,-1,"52,53,54,55"
ar_l11_tp52_53_54_55,52,-1,100663296,100.663296,all_reduce,1070.3419872335382,1073.158179175878,2.8161919423399517,tp_all_reduce,11,1,-1,3,-1,"52,53,54,55"
ar_l12_tp52_53_54_55,52,-1,100663296,100.663296,all_reduce,1073.6501380140573,1076.4668213140965,2.8166833000391467,tp_all_reduce,12,1,-1,3,-1,"52,53,54,55"
ar_l13_tp52_53_54_55,52,-1,100663296,100.663296,all_reduce,1076.849237753668,1079.663266937267,2.814029183599187,tp_all_reduce,13,1,-1,3,-1,"52,53,54,55"
ar_l14_tp52_53_54_55,52,-1,100663296,100.663296,all_reduce,1080.2127452872353,1083.0299669436067,2.817221656371549,tp_all_reduce,14,1,-1,3,-1,"52,53,54,55"
ar_l15_tp52_53_54_55,52,-1,100663296,100.663296,all_reduce,1083.6020326078924,1086.4203821068343,2.8183494989419966,tp_all_reduce,15,1,-1,3,-1,"52,53,54,55"
p2p_fwd_mb10_s1_dp0,4,8,67108864,67.108864,p2p,1087.0459593816524,1088.2986410602869,1.2526816786344597,pp_forward,1,1,2,0,0,"4,8"
p2p_fwd_mb10_s1_dp1,20,24,67108864,67.108864,p2p,1087.0459593816524,1088.2986410602869,1.2526816786344597,pp_forward,1,1,2,1,1,"20,24"
p2p_fwd_mb10_s1_dp2,36,40,67108864,67.108864,p2p,1087.0459593816524,1088.2986410602869,1.2526816786344597,pp_forward,1,1,2,2,2,"36,40"
p2p_fwd_mb10_s1_dp3,52,56,67108864,67.108864,p2p,1087.0459593816524,1088.2986410602869,1.2526816786344597,pp_forward,1,1,2,3,3,"52,56"
ar_l16_tp8_9_10_11,8,-1,100663296,100.663296,all_reduce,1027.1778373415202,1029.9950809542152,2.817243612694975,tp_all_reduce,16,2,-1,0,-1,"8,9,10,11"
ar_l17_tp8_9_10_11,8,-1,100663296,100.663296,all_reduce,1037.1479881800717,1039.9617183868102,2.813730206738363,tp_all_reduce,17,2,-1,0,-1,"8,9,10,11"
ar_l18_tp8_9_10_11,8,-1,100663296,100.663296,all_reduce,1043.6702430284677,1046.4849144267423,2.8146713982746263,tp_all_reduce,18,2,-1,0,-1,"8,9,10,11"
ar_l19_tp8_9_10_11,8,-1,100663296,100.663296,all_reduce,1053.5230564741344,1056.337588572361,2.814532098226463,tp_all_reduce,19,2,-1,0,-1,"8,9,10,11"
ar_l20_tp8_9_10_11,8,-1,100663296,100.663296,all_reduce,1059.9302149607358,1062.7469209495396,2.8167059888035695,tp_all_reduce,20,2,-1,0,-1,"8,9,10,11"
ar_l21_tp8_9_10_11,8,-1,100663296,100.663296,all_reduce,1069.8968872884113,1072.713048145379,2.8161608569674534,tp_all_reduce,21,2,-1,0,-1,"8,9,10,11"
ar_l22_tp8_9_10_11,8,-1,100663296,100.663296,all_reduce,1076.435669577024,1079.2485201928753,2.8128506158511257,tp_all_reduce,22,2,-1,0,-1,"8,9,10,11"
ar_l23_tp8_9_10_11,8,-1,100663296,100.663296,all_reduce,1086.5928380721166,1089.4083860152791,2.815547943162411,tp_all_reduce,23,2,-1,0,-1,"8,9,10,11"
ar_l16_tp24_25_26_27,24,-1,100663296,100.663296,all_reduce,1027.1778373415202,1029.990909460405,2.8130721188848185,tp_all_reduce,16,2,-1,1,-1,"24,25,26,27"
ar_l17_tp24_25_26_27,24,-1,100663296,100.663296,all_reduce,1036.7561539716132,1039.5727381788122,2.816584207198991,tp_all_reduce,17,2,-1,1,-1,"24,25,26,27"
ar_l18_tp24_25_26_27,24,-1,100663296,100.663296,all_reduce,1043.4081596106873,1046.222408671691,2.814249061003915,tp_all_reduce,18,2,-1,1,-1,"24,25,26,27"
ar_l19_tp24_25_26_27,24,-1,100663296,100.663296,all_reduce,1052.9952244798342,1055.8106462749608,2.815421795126616,tp_all_reduce,19,2,-1,1,-1,"24,25,26,27"
ar_l20_tp24_25_26_27,24,-1,100663296,100.663296,all_reduce,1059.822245233072,1062.6358504706852,2.8136052376133147,tp_all_reduce,20,2,-1,1,-1,"24,25,26,27"
ar_l21_tp24_25_26_27,24,-1,100663296,100.663296,all_reduce,1070.1379740719751,1072.9538815538433,2.8159074818681074,tp_all_reduce,21,2,-1,1,-1,"24,25,26,27"
ar_l22_tp24_25_26_27,24,-1,100663296,100.663296,all_reduce,1077.0424465245017,1079.8579579103612,2.8155113858594483,tp_all_reduce,22,2,-1,1,-1,"24,25,26,27"
ar_l23_tp24_25_26_27,24,-1,100663296,100.663296,all_reduce,1087.181450159227,1089.9980490355522,2.816598876324905,tp_all_reduce,23,2,-1,1,-1,"24,25,26,27"
ar_l16_tp40_41_42_43,40,-1,100663296,100.663296,all_reduce,1027.1778373415202,1029.993504075208,2.815666733687827,tp_all_reduce,16,2,-1,2,-1,"40,41,42,43"
ar_l17_tp40_41_42_43,40,-1,100663296,100.663296,all_reduce,1037.4941407651274,1040.3078789202868,2.8137381551593954,tp_all_reduce,17,2,-1,2,-1,"40,41,42,43"
ar_l18_tp40_41_42_43,40,-1,100663296,100.663296,all_reduce,1044.0141506877062,1046.8322418408447,2.818091153138358,tp_all_reduce,18,2,-1,2,-1,"40,41,42,43"
ar_l19_tp40_41_42_43,40,-1,100663296,100.663296,all_reduce,1054.0788945002848,1056.8972331912005,2.818338690915745,tp_all_reduce,19,2,-1,2,-1,"40,41,42,43"
ar_l20_tp40_41_42_43,40,-1,100663296,100.663296,all_reduce,1060.5586889611898,1063.3718392509513,2.813150289761479,tp_all_reduce,20,2,-1,2,-1,"40,41,42,43"
ar_l21_tp40_41_42_43,40,-1,100663296,100.663296,all_reduce,1070.8935353526551,1073.711870601906,2.818335249250792,tp_all_reduce,21,2,-1,2,-1,"40,41,42,43"
ar_l22_tp40_41_42_43,40,-1,100663296,100.663296,all_reduce,1077.7504648365816,1080.5650126941032,2.8145478575214433,tp_all_reduce,22,2,-1,2,-1,"40,41,42,43"
ar_l23_tp40_41_42_43,40,-1,100663296,100.663296,all_reduce,1087.9316339696738,1090.7489930239847,2.8173590543107974,tp_all_reduce,23,2,-1,2,-1,"40,41,42,43"
ar_l16_tp56_57_58_59,56,-1,100663296,100.663296,all_reduce,1027.1778373415202,1029.9908266506532,2.812989309133096,tp_all_reduce,16,2,-1,3,-1,"56,57,58,59"
ar_l17_tp56_57_58_59,56,-1,100663296,100.663296,all_reduce,1036.981316232534,1039.7986984727036,2.817382240169364,tp_all_reduce,17,2,-1,3,-1,"56,57,58,59"
ar_l18_tp56_57_58_59,56,-1,100663296,100.663296,all_reduce,1043.3794843194833,1046.1940081734565,2.814523853973183,tp_all_reduce,18,2,-1,3,-1,"56,57,58,59"
ar_l19_tp56_57_58_59,56,-1,100663296,100.663296,all_reduce,1053.0664248524877,1055.8799512796309,2.813526427143165,tp_all_reduce,19,2,-1,3,-1,"56,57,58,59"
ar_l20_tp56_57_58_59,56,-1,100663296,100.663296,all_reduce,1059.5405791499975,1062.3549303789334,2.8143512289360295,tp_all_reduce,20,2,-1,3,-1,"56,57,58,59"
ar_l21_tp56_57_58_59,56,-1,100663296,100.663296,all_reduce,1069.5542886068413,1072.3675499702547,2.813261363413533,tp_all_reduce,21,2,-1,3,-1,"56,57,58,59"
ar_l22_tp56_57_58_59,56,-1,100663296,100.663296,all_reduce,1075.8883090313932,1078.7011945080826,2.812885476689564,tp_all_reduce,22,2,-1,3,-1,"56,57,58,59"
ar_l23_tp56_57_58_59,56,-1,100663296,100.663296,all_reduce,1086.1514205403066,1088.9646080556886,2.813187515381843,tp_all_reduce,23,2,-1,3,-1,"56,57,58,59"
p2p_bwd_mb8_s2_dp0,8,4,67108864,67.108864,p2p,1094.2571611941019,1095.5098918039525,1.2527306098506497,pp_backward,2,2,1,0,0,"8,4"
p2p_bwd_mb8_s2_dp1,24,20,67108864,67.108864,p2p,1094.2571611941019,1095.5098918039525,1.2527306098506497,pp_backward,2,2,1,1,1,"24,20"
p2p_bwd_mb8_s2_dp2,40,36,67108864,67.108864,p2p,1094.2571611941019,1095.5098918039525,1.2527306098506497,pp_backward,2,2,1,2,2,"40,36"
p2p_bwd_mb8_s2_dp3,56,52,67108864,67.108864,p2p,1094.2571611941019,1095.5098918039525,1.2527306098506497,pp_backward,2,2,1,3,3,"56,52"
ar_l24_tp12_13_14_15,12,-1,100663296,100.663296,all_reduce,1027.1778373415202,1029.9935366545894,2.815699313069242,tp_all_reduce,24,3,-1,0,-1,"12,13,14,15"
ar_l25_tp12_13_14_15,12,-1,100663296,100.663296,all_reduce,1030.5326232706864,1033.3474912789356,2.8148680082491495,tp_all_reduce,25,3,-1,0,-1,"12,13,14,15"
ar_l26_tp12_13_14_15,12,-1,100663296,100.663296,all_reduce,1033.9676362469336,1036.7854225762924,2.817786329358807,tp_all_reduce,26,3,-1,0,-1,"12,13,14,15"
ar_l27_tp12_13_14_15,12,-1,100663296,100.663296,all_reduce,1037.3277751103462,1040.1456562764404,2.8178811660941605,tp_all_reduce,27,3,-1,0,-1,"12,13,14,15"
ar_l28_tp12_13_14_15,12,-1,100663296,100.663296,all_reduce,1040.782630253013,1043.5960448685103,2.813414615497223,tp_all_reduce,28,3,-1,0,-1,"12,13,14,15"
ar_l29_tp12_13_14_15,12,-1,100663296,100.663296,all_reduce,1043.94374123578,1046.7569902415728,2.8132490057928283,tp_all_reduce,29,3,-1,0,-1,"12,13,14,15"
ar_l30_tp12_13_14_15,12,-1,100663296,100.663296,all_reduce,1047.2196572414425,1050.0367783606346,2.8171211191920786,tp_all_reduce,30,3,-1,0,-1,"12,13,14,15"
ar_l31_tp12_13_14_15,12,-1,100663296,100.663296,all_reduce,1050.502804656214,1053.320920060168,2.818115403953936,tp_all_reduce,31,3,-1,0,-1,"12,13,14,15"
ar_l24_tp28_29_30_31,28,-1,100663296,100.663296,all_reduce,1027.1778373415202,1029.9924912128495,2.814653871329398,tp_all_reduce,24,3,-1,1,-1,"28,29,30,31"
ar_l25_tp28_29_30_31,28,-1,100663296,100.663296,all_reduce,1030.6488373034338,1033.4666731253483,2.817835821914638,tp_all_reduce,25,3,-1,1,-1,"28,29,30,31"
ar_l26_tp28_29_30_31,28,-1,100663296,100.663296,all_reduce,1033.9479180638693,1036.7631460695716,2.8152280057023304,tp_all_reduce,26,3,-1,1,-1,"28,29,30,31"
ar_l27_tp28_29_30_31,28,-1,100663296,100.663296,all_reduce,1037.1001455540365,1039.913773983064,2.813628429027437,tp_all_reduce,27,3,-1,1,-1,"28,29,30,31"
ar_l28_tp28_29_30_31,28,-1,100663296,100.663296,all_reduce,1040.538105080652,1043.3536056060352,2.815500525383152,tp_all_reduce,28,3,-1,1,-1,"28,29,30,31"
ar_l29_tp28_29_30_31,28,-1,100663296,100.663296,all_reduce,1043.7544693463567,1046.5671953017977,2.812725955440909,tp_all_reduce,29,3,-1,1,-1,"28,29,30,31"
ar_l30_tp28_29_30_31,28,-1,100663296,100.663296,all_reduce,1047.0946982587689,1049.9119315336561,2.817233274887254,tp_all_reduce,30,3,-1,1,-1,"28,29,30,31"
ar_l31_tp28_29_30_31,28,-1,100663296,100.663296,all_reduce,1050.3873699299625,1053.2058746679036,2.8185047379412076,tp_all_reduce,31,3,-1,1,-1,"28,29,30,31"
ar_l24_tp44_45_46_47,44,-1,100663296,100.663296,all_reduce,1027.1778373415202,1029.992711642927,2.8148743014067,tp_all_reduce,24,3,-1,2,-1,"44,45,46,47"
ar_l25_tp44_45_46_47,44,-1,100663296,100.663296,all_reduce,1030.4271295669766,1033.24155761201,2.8144280450332904,tp_all_reduce,25,3,-1,2,-1,"44,45,46,47"
ar_l26_tp44_45_46_47,44,-1,100663296,100.663296,all_reduce,1033.8295885986743,1036.6476298007767,2.8180412021023837,tp_all_reduce,26,3,-1,2,-1,"44,45,46,47"
ar_l27_tp44_45_46_47,44,-1,100663296,100.663296,all_reduce,1037.0446241798059,1039.8627230366124,2.8180988568065057,tp_all_reduce,27,3,-1,2,-1,"44,45,46,47"
ar_l28_tp44_45_46_47,44,-1,100663296,100.663296,all_reduce,1040.4855202967194,1043.3036676910542,2.8181473943349467,tp_all_reduce,28,3,-1,2,-1,"44,45,46,47"
ar_l29_tp44_45_46_47,44,-1,100663296,100.663296,all_reduce,1043.8435350283394,1046.6584492931179,2.814914264778423,tp_all_reduce,29,3,-1,2,-1,"44,45,46,47"
ar_l30_tp44_45_46_47,44,-1,100663296,100.663296,all_reduce,1047.2160642367621,1050.032153254421,2.8160890176589515,tp_all_reduce,30,3,-1,2,-1,"44,45,46,47"
ar_l31_tp44_45_46_47,44,-1,100663296,100.663296,all_reduce,1050.645657808645,1053.460173056707,2.8145152480620883,tp_all_reduce,31,3,-1,2,-1,"44,45,46,47"
ar_l24_tp60_61_62_63,60,-1,100663296,100.663296,all_reduce,1027.1778373415202,1029.9922063634506,2.8143690219304407,tp_all_reduce,24,3,-1,3,-1,"60,61,62,63"
ar_l25_tp60_61_62_63,60,-1,100663296,100.663296,all_reduce,1030.4310273815904,1033.2439565059208,2.812929124330399,tp_all_reduce,25,3,-1,3,-1,"60,61,62,63"
ar_l26_tp60_61_62_63,60,-1,100663296,100.663296,all_reduce,1033.6585571314913,1036.4734607117366,2.814903580245165,tp_all_reduce,26,3,-1,3,-1,"60,61,62,63"
ar_l27_tp60_61_62_63,60,-1,100663296,100.663296,all_reduce,1036.9713606189962,1039.7881966121731,2.816835993177058,tp_all_reduce,27,3,-1,3,-1,"60,61,62,63"
ar_l28_tp60_61_62_63,60,-1,100663296,100.663296,all_reduce,1040.2911554469604,1043.1051069785362,2.813951531575931,tp_all_reduce,28,3,-1,3,-1,"60,61,62,63"
ar_l29_tp60_61_62_63,60,-1,100663296,100.663296,all_reduce,1043.7275174119943,1046.5418080435295,2.8142906315353766,tp_all_reduce,29,3,-1,3,-1,"60,61,62,63"
ar_l30_tp60_61_62_63,60,-1,100663296,100.663296,all_reduce,1046.9066807302838,1049.7192848515117,2.8126041212279684,tp_all_reduce,30,3,-1,3,-1,"60,61,62,63"
ar_l31_tp60_61_62_63,60,-1,100663296,100.663296,all_reduce,1050.2334914762157,1053.0478634486803,2.814371972464702,tp_all_reduce,31,3,-1,3,-1,"60,61,62,63"
ar_l0_tp0_1_2_3,0,-1,100663296,100.663296,all_reduce,1127.3042614437857,1130.1171730828428,2.8129116390571696,tp_all_reduce,0,0,-1,0,-1,"0,1,2,3"
ar_l1_tp0_1_2_3,0,-1,100663296,100.663296,all_reduce,1130.775437131781,1133.589191790928,2.8137546591469054,tp_all_reduce,1,0,-1,0,-1,"0,1,2,3"
ar_l2_tp0_1_2_3,0,-1,100663296,100.663296,all_reduce,1134.225226241141,1137.0434787953334,2.8182525541924353,tp_all_reduce,2,0,-1,0,-1,"0,1,2,3"
ar_l3_tp0_1_2_3,0,-1,100663296,100.663296,all_reduce,1137.6543355159895,1140.4725113625425,2.8181758465530837,tp_all_reduce,3,0,-1,0,-1,"0,1,2,3"
ar_l4_tp0_1_2_3,0,-1,100663296,100.663296,all_reduce,1141.0821811073872,1143.899382642569,2.8172015351817237,tp_all_reduce,4,0,-1,0,-1,"0,1,2,3"
ar_l5_tp0_1_2_3,0,-1,100663296,100.663296,all_reduce,1144.477167746098,1147.2914538790692,2.814286132971189,tp_all_reduce,5,0,-1,0,-1,"0,1,2,3"
ar_l6_tp0_1_2_3,0,-1,100663296,100.663296,all_reduce,1147.8949696082225,1150.7080145759444,2.813044967721723,tp_all_reduce,6,0,-1,0,-1,"0,1,2,3"
ar_l7_tp0_1_2_3,0,-1,100663296,100.663296,all_reduce,1151.2404318431652,1154.0554374925011,2.8150056493359,tp_all_reduce,7,0,-1,0,-1,"0,1,2,3"
ar_l0_tp16_17_18_19,16,-1,100663296,100.663296,all_reduce,1127.2992468267482,1130.1172222142202,2.8179753874719715,tp_all_reduce,0,0,-1,1,-1,"16,17,18,19"
ar_l1_tp16_17_18_19,16,-1,100663296,100.663296,all_reduce,1130.665660608783,1133.48007708819,2.814416479407278,tp_all_reduce,1,0,-1,1,-1,"16,17,18,19"
ar_l2_tp16_17_18_19,16,-1,100663296,100.663296,all_reduce,1134.0893868373864,1136.9020803021924,2.8126934648058377,tp_all_reduce,2,0,-1,1,-1,"16,17,18,19"
ar_l3_tp16_17_18_19,16,-1,100663296,100.663296,all_reduce,1137.379525926686,1140.1959547812164,2.816428854530262,tp_all_reduce,3,0,-1,1,-1,"16,17,18,19"
ar_l4_tp16_17_18_19,16,-1,100663296,100.663296,all_reduce,1140.8195671925564,1143.6366402588483,2.817073066291753,tp_all_reduce,4,0,-1,1,-1,"16,17,18,19"
ar_l5_tp16_17_18_19,16,-1,100663296,100.663296,all_reduce,1144.2571304008118,1147.0704343972222,2.8133039964104434,tp_all_reduce,5,0,-1,1,-1,"16,17,18,19"
ar_l6_tp16_17_18_19,16,-1,100663296,100.663296,all_reduce,1147.4566436575012,1150.2747040736942,2.8180604161931466,tp_all_reduce,6,0,-1,1,-1,"16,17,18,19"
ar_l7_tp16_17_18_19,16,-1,100663296,100.663296,all_reduce,1150.9024690095594,1153.7163338380103,2.8138648284510293,tp_all_reduce,7,0,-1,1,-1,"16,17,18,19"
ar_l0_tp32_33_34_35,32,-1,100663296,100.663296,all_reduce,1127.2990577289224,1130.112478174956,2.813420446033721,tp_all_reduce,0,0,-1,2,-1,"32,33,34,35"
ar_l1_tp32_33_34_35,32,-1,100663296,100.663296,all_reduce,1130.481620450182,1133.2970630506766,2.815442600494489,tp_all_reduce,1,0,-1,2,-1,"32,33,34,35"
ar_l2_tp32_33_34_35,32,-1,100663296,100.663296,all_reduce,1133.806195126493,1136.6204852690857,2.8142901425927125,tp_all_reduce,2,0,-1,2,-1,"32,33,34,35"
ar_l3_tp32_33_34_35,32,-1,100663296,100.663296,all_reduce,1137.0486144293088,1139.8657279896236,2.8171135603147768,tp_all_reduce,3,0,-1,2,-1,"32,33,34,35"
ar_l4_tp32_33_34_35,32,-1,100663296,100.663296,all_reduce,1140.2488416309227,1143.0637183820681,2.8148767511455564,tp_all_reduce,4,0,-1,2,-1,"32,33,34,35"
ar_l5_tp32_33_34_35,32,-1,100663296,100.663296,all_reduce,1143.4671303300768,1146.28302499462,2.8158946645433502,tp_all_reduce,5,0,-1,2,-1,"32,33,34,35"
ar_l6_tp32_33_34_35,32,-1,100663296,100.663296,all_reduce,1146.6583931436433,1149.4747876331448,2.8163944895016613,tp_all_reduce,6,0,-1,2,-1,"32,33,34,35"
ar_l7_tp32_33_34_35,32,-1,100663296,100.663296,all_reduce,1149.988219852022,1152.8009318655693,2.8127120135472694,tp_all_reduce,7,0,-1,2,-1,"32,33,34,35"
ar_l0_tp48_49_50_51,48,-1,100663296,100.663296,all_reduce,1127.3029348634072,1130.1209455920134,2.818010728606213,tp_all_reduce,0,0,-1,3,-1,"48,49,50,51"
ar_l1_tp48_49_50_51,48,-1,100663296,100.663296,all_reduce,1130.647225261907,1133.4601818483316,2.812956586424775,tp_all_reduce,1,0,-1,3,-1,"48,49,50,51"
ar_l2_tp48_49_50_51,48,-1,100663296,100.663296,all_reduce,1133.9193859541463,1136.735100951619,2.8157149974725737,tp_all_reduce,2,0,-1,3,-1,"48,49,50,51"
ar_l3_tp48_49_50_51,48,-1,100663296,100.663296,all_reduce,1137.2998928311679,1140.1167891463645,2.8168963151964377,tp_all_reduce,3,0,-1,3,-1,"48,49,50,51"
ar_l4_tp48_49_50_51,48,-1,100663296,100.663296,all_reduce,1140.6862940302256,1143.4993706950684,2.813076664842873,tp_all_reduce,4,0,-1,3,-1,"48,49,50,51"
ar_l5_tp48_49_50_51,48,-1,100663296,100.663296,all_reduce,1144.0544115621442,1146.8691319627872,2.8147204006427895,tp_all_reduce,5,0,-1,3,-1,"48,49,50,51"
ar_l6_tp48_49_50_51,48,-1,100663296,100.663296,all_reduce,1147.437516785944,1150.2535081139015,2.815991327957734,tp_all_reduce,6,0,-1,3,-1,"48,49,50,51"
ar_l7_tp48_49_50_51,48,-1,100663296,100.663296,all_reduce,1150.8898534349792,1153.7045778874615,2.81472445248232,tp_all_reduce,7,0,-1,3,-1,"48,49,50,51"
p2p_fwd_mb11_s0_dp0,0,4,67108864,67.108864,p2p,1154.5067462300017,1155.7571420815318,1.250395851530195,pp_forward,0,0,1,0,0,"0,4"
p2p_fwd_mb11_s0_dp1,16,20,67108864,67.108864,p2p,1154.5067462300017,1155.7571420815318,1.250395851530195,pp_forward,0,0,1,1,1,"16,20"
p2p_fwd_mb11_s0_dp2,32,36,67108864,67.108864,p2p,1154.5067462300017,1155.7571420815318,1.250395851530195,pp_forward,0,0,1,2,2,"32,36"
p2p_fwd_mb11_s0_dp3,48,52,67108864,67.108864,p2p,1154.5067462300017,1155.7571420815318,1.250395851530195,pp_forward,0,0,1,3,3,"48,52"
ar_l8_tp4_5_6_7,4,-1,100663296,100.663296,all_reduce,1095.5098918039525,1098.3270210596045,2.817129255652029,tp_all_reduce,8,1,-1,0,-1,"4,5,6,7"
ar_l9_tp4_5_6_7,4,-1,100663296,100.663296,all_reduce,1105.1260548559183,1107.9437906593464,2.817735803428034,tp_all_reduce,9,1,-1,0,-1,"4,5,6,7"
ar_l10_tp4_5_6_7,4,-1,100663296,100.663296,all_reduce,1111.4220737687563,1114.2354235307253,2.8133497619688974,tp_all_reduce,10,1,-1,0,-1,"4,5,6,7"
ar_l11_tp4_5_6_7,4,-1,100663296,100.663296,all_reduce,1121.3460695623312,1124.1588967505177,2.8128271881864286,tp_all_reduce,11,1,-1,0,-1,"4,5,6,7"
ar_l12_tp4_5_6_7,4,-1,100663296,100.663296,all_reduce,1128.187440789219,1131.0053566018044,2.817915812585392,tp_all_reduce,12,1,-1,0,-1,"4,5,6,7"
ar_l13_tp4_5_6_7,4,-1,100663296,100.663296,all_reduce,1137.8714299189053,1140.685544251884,2.8141143329787344,tp_all_reduce,13,1,-1,0,-1,"4,5,6,7"
ar_l14_tp4_5_6_7,4,-1,100663296,100.663296,all_reduce,1144.2594904386324,1147.0736060766924,2.8141156380601107,tp_all_reduce,14,1,-1,0,-1,"4,5,6,7"
ar_l15_tp4_5_6_7,4,-1,100663296,100.663296,all_reduce,1153.9376922194458,1156.7532787735918,2.8155865541459324,tp_all_reduce,15,1,-1,0,-1,"4,5,6,7"
ar_l8_tp20_21_22_23,20,-1,100663296,100.663296,all_reduce,1095.5098918039525,1098.3251747188458,2.8152829148933023,tp_all_reduce,8,1,-1,1,-1,"20,21,22,23"
ar_l9_tp20_21_22_23,20,-1,100663296,100.663296,all_reduce,1105.7719530043557,1108.5850010058643,2.8130480015087223,tp_all_reduce,9,1,-1,1,-1,"20,21,22,23"
ar_l10_tp20_21_22_23,20,-1,100663296,100.663296,all_reduce,1112.2186697549828,1115.0330100119256,2.8143402569429377,tp_all_reduce,10,1,-1,1,-1,"20,21,22,23"
ar_l11_tp20_21_22_23,20,-1,100663296,100.663296,all_reduce,1122.1035402766558,1124.921567837895,2.818027561239056,tp_all_reduce,11,1,-1,1,-1,"20,21,22,23"
ar_l12_tp20_21_22_23,20,-1,100663296,100.663296,all_reduce,1128.58687661331,1131.4052838593473,2.8184072460373244,tp_all_reduce,12,1,-1,1,-1,"20,21,22,23"
ar_l13_tp20_21_22_23,20,-1,100663296,100.663296,all_reduce,1138.2593441804404,1141.076339535417,2.8169953549765925,tp_all_reduce,13,1,-1,1,-1,"20,21,22,23"
ar_l14_tp20_21_22_23,20,-1,100663296,100.663296,all_reduce,1144.6318712467144,1147.4496734674249,2.817802220710597,tp_all_reduce,14,1,-1,1,-1,"20,21,22,23"
ar_l15_tp20_21_22_23,20,-1,100663296,100.663296,all_reduce,1154.5920203405194,1157.404833809037,2.812813468517694,tp_all_reduce,15,1,-1,1,-1,"20,21,22,23"
ar_l8_tp36_37_38_39,36,-1,100663296,100.663296,all_reduce,1095.5098918039525,1098.3254890168962,2.8155972129437767,tp_all_reduce,8,1,-1,2,-1,"36,37,38,39"
ar_l9_tp36_37_38_39,36,-1,100663296,100.663296,all_reduce,1105.4010766361887,1108.217178548145,2.816101911956581,tp_all_reduce,9,1,-1,2,-1,"36,37,38,39"
ar_l10_tp36_37_38_39,36,-1,100663296,100.663296,all_reduce,1112.2517966927346,1115.0655790432093,2.8137823504748027,tp_all_reduce,10,1,-1,2,-1,"36,37,38,39"
ar_l11_tp36_37_38_39,36,-1,100663296,100.663296,all_reduce,1122.1374096440468,1124.9516547776066,2.8142451335597674,tp_all_reduce,11,1,-1,2,-1,"36,37,38,39"
ar_l12_tp36_37_38_39,36,-1,100663296,100.663296,all_reduce,1128.6680461474375,1131.4835924914132,2.81554634397585,tp_all_reduce,12,1,-1,2,-1,"36,37,38,39"
ar_l13_tp36_37_38_39,36,-1,100663296,100.663296,all_reduce,1138.7926273655703,1141.6099103050294,2.8172829394592647,tp_all_reduce,13,1,-1,2,-1,"36,37,38,39"
ar_l14_tp36_37_38_39,36,-1,100663296,100.663296,all_reduce,1145.4031098113235,1148.2156580056758,2.8125481943521713,tp_all_reduce,14,1,-1,2,-1,"36,37,38,39"
ar_l15_tp36_37_38_39,36,-1,100663296,100.663296,all_reduce,1155.140345366155,1157.9581183885248,2.8177730223697406,tp_all_reduce,15,1,-1,2,-1,"36,37,38,39"
ar_l8_tp52_53_54_55,52,-1,100663296,100.663296,all_reduce,1095.5098918039525,1098.3248704421317,2.814978638179033,tp_all_reduce,8,1,-1,3,-1,"52,53,54,55"
ar_l9_tp52_53_54_55,52,-1,100663296,100.663296,all_reduce,1105.045287642699,1107.8588256416294,2.813537998930693,tp_all_reduce,9,1,-1,3,-1,"52,53,54,55"
ar_l10_tp52_53_54_55,52,-1,100663296,100.663296,all_reduce,1111.4191009406245,1114.2375259130345,2.8184249724099164,tp_all_reduce,10,1,-1,3,-1,"52,53,54,55"
ar_l11_tp52_53_54_55,52,-1,100663296,100.663296,all_reduce,1121.1123434088743,1123.9302725573664,2.8179291484919933,tp_all_reduce,11,1,-1,3,-1,"52,53,54,55"
ar_l12_tp52_53_54_55,52,-1,100663296,100.663296,all_reduce,1127.9257310303847,1130.741839360584,2.816108330199185,tp_all_reduce,12,1,-1,3,-1,"52,53,54,55"
ar_l13_tp52_53_54_55,52,-1,100663296,100.663296,all_reduce,1137.7350160958304,1140.5503071190376,2.8152910232073225,tp_all_reduce,13,1,-1,3,-1,"52,53,54,55"
ar_l14_tp52_53_54_55,52,-1,100663296,100.663296,all_reduce,1144.4793758420012,1147.295257377199,2.8158815351977395,tp_all_reduce,14,1,-1,3,-1,"52,53,54,55"
ar_l15_tp52_53_54_55,52,-1,100663296,100.663296,all_reduce,1154.147328066916,1156.9623612830126,2.815033216096552,tp_all_reduce,15,1,-1,3,-1,"52,53,54,55"
p2p_bwd_mb8_s1_dp0,4,0,67108864,67.108864,p2p,1161.4396155330323,1162.6902191986128,1.2506036655803854,pp_backward,1,1,0,0,0,"4,0"
p2p_bwd_mb8_s1_dp1,20,16,67108864,67.108864,p2p,1161.4396155330323,1162.6902191986128,1.2506036655803854,pp_backward,1,1,0,1,1,"20,16"
p2p_bwd_mb8_s1_dp2,36,32,67108864,67.108864,p2p,1161.4396155330323,1162.6902191986128,1.2506036655803854,pp_backward,1,1,0,2,2,"36,32"
p2p_bwd_mb8_s1_dp3,52,48,67108864,67.108864,p2p,1161.4396155330323,1162.6902191986128,1.2506036655803854,pp_backward,1,1,0,3,3,"52,48"
ar_l16_tp8_9_10_11,8,-1,100663296,100.663296,all_reduce,1095.5098918039525,1098.3260794919977,2.8161876880452574,tp_all_reduce,16,2,-1,0,-1,"8,9,10,11"
ar_l17_tp8_9_10_11,8,-1,100663296,100.663296,all_reduce,1098.878124304507,1101.6949481104705,2.8168238059633754,tp_all_reduce,17,2,-1,0,-1,"8,9,10,11"
ar_l18_tp8_9_10_11,8,-1,100663296,100.663296,all_reduce,1102.027616649013,1104.8412333441543,2.81361669514113,tp_all_reduce,18,2,-1,0,-1,"8,9,10,11"
ar_l19_tp8_9_10_11,8,-1,100663296,100.663296,all_reduce,1105.289205235093,1108.1049213294125,2.8157160943194093,tp_all_reduce,19,2,-1,0,-1,"8,9,10,11"
ar_l20_tp8_9_10_11,8,-1,100663296,100.663296,all_reduce,1108.727300796915,1111.5449307059794,2.817629909064312,tp_all_reduce,20,2,-1,0,-1,"8,9,10,11"
ar_l21_tp8_9_10_11,8,-1,100663296,100.663296,all_reduce,1111.9381922917767,1114.7519578529905,2.8137655612139323,tp_all_reduce,21,2,-1,0,-1,"8,9,10,11"
ar_l22_tp8_9_10_11,8,-1,100663296,100.663296,all_reduce,1115.284113192966,1118.0984212262692,2.814308033303181,tp_all_reduce,22,2,-1,0,-1,"8,9,10,11"
ar_l23_tp8_9_10_11,8,-1,100663296,100.663296,all_reduce,1118.734021912312,1121.551097997441,2.8170760851289334,tp_all_reduce,23,2,-1,0,-1,"8,9,10,11"
ar_l16_tp24_25_26_27,24,-1,100663296,100.663296,all_reduce,1095.5098918039525,1098.3269526587299,2.817060854777287,tp_all_reduce,16,2,-1,1,-1,"24,25,26,27"
ar_l17_tp24_25_26_27,24,-1,100663296,100.663296,all_reduce,1098.7878347433534,1101.6029203905473,2.8150856471937935,tp_all_reduce,17,2,-1,1,-1,"24,25,26,27"
ar_l18_tp24_25_26_27,24,-1,100663296,100.663296,all_reduce,1102.2216552646832,1105.0373624620267,2.8157071973433645,tp_all_reduce,18,2,-1,1,-1,"24,25,26,27"
ar_l19_tp24_25_26_27,24,-1,100663296,100.663296,all_reduce,1105.6036277659764,1108.4215913609723,2.817963594995865,tp_all_reduce,19,2,-1,1,-1,"24,25,26,27"
ar_l20_tp24_25_26_27,24,-1,100663296,100.663296,all_reduce,1108.91541346638,1111.7319160616273,2.81650259524735,tp_all_reduce,20,2,-1,1,-1,"24,25,26,27"
ar_l21_tp24_25_26_27,24,-1,100663296,100.663296,all_reduce,1112.2324793427047,1115.0498012050305,2.81732186232575,tp_all_reduce,21,2,-1,1,-1,"24,25,26,27"
ar_l22_tp24_25_26_27,24,-1,100663296,100.663296,all_reduce,1115.7038945727202,1118.5165144203563,2.812619847636144,tp_all_reduce,22,2,-1,1,-1,"24,25,26,27"
ar_l23_tp24_25_26_27,24,-1,100663296,100.663296,all_reduce,1118.996136151687,1121.8094061821816,2.8132700304945857,tp_all_reduce,23,2,-1,1,-1,"24,25,26,27"
ar_l16_tp40_41_42_43,40,-1,100663296,100.663296,all_reduce,1095.5098918039525,1098.3233046762457,2.8134128722931973,tp_all_reduce,16,2,-1,2,-1,"40,41,42,43"
ar_l17_tp40_41_42_43,40,-1,100663296,100.663296,all_reduce,1098.9809399301628,1101.7935092084442,2.8125692782814404,tp_all_reduce,17,2,-1,2,-1,"40,41,42,43"
ar_l18_tp40_41_42_43,40,-1,100663296,100.663296,all_reduce,1102.3117918918226,1105.1287735206586,2.816981628835924,tp_all_reduce,18,2,-1,2,-1,"40,41,42,43"
ar_l19_tp40_41_42_43,40,-1,100663296,100.663296,all_reduce,1105.6344073304513,1108.4470410207234,2.8126336902720706,tp_all_reduce,19,2,-1,2,-1,"40,41,42,43"
ar_l20_tp40_41_42_43,40,-1,100663296,100.663296,all_reduce,1108.9644741359475,1111.7815778009742,2.8171036650268544,tp_all_reduce,20,2,-1,2,-1,"40,41,42,43"
ar_l21_tp40_41_42_43,40,-1,100663296,100.663296,all_reduce,1112.3943314508465,1115.2095684135063,2.8152369626599505,tp_all_reduce,21,2,-1,2,-1,"40,41,42,43"
ar_l22_tp40_41_42_43,40,-1,100663296,100.663296,all_reduce,1115.6784123713373,1118.4942163926576,2.8158040213204227,tp_all_reduce,22,2,-1,2,-1,"40,41,42,43"
ar_l23_tp40_41_42_43,40,-1,100663296,100.663296,all_reduce,1119.0283647238944,1121.8431313128049,2.8147665889104445,tp_all_reduce,23,2,-1,2,-1,"40,41,42,43"
ar_l16_tp56_57_58_59,56,-1,100663296,100.663296,all_reduce,1095.5098918039525,1098.3225540508013,2.8126622468487295,tp_all_reduce,16,2,-1,3,-1,"56,57,58,59"
ar_l17_tp56_57_58_59,56,-1,100663296,100.663296,all_reduce,1098.7267366874707,1101.5394203518645,2.8126836643938002,tp_all_reduce,17,2,-1,3,-1,"56,57,58,59"
ar_l18_tp56_57_58_59,56,-1,100663296,100.663296,all_reduce,1101.9684382354123,1104.7832841953707,2.8148459599581788,tp_all_reduce,18,2,-1,3,-1,"56,57,58,59"
ar_l19_tp56_57_58_59,56,-1,100663296,100.663296,all_reduce,1105.1752924739017,1107.9914755987481,2.8161831248465496,tp_all_reduce,19,2,-1,3,-1,"56,57,58,59"
ar_l20_tp56_57_58_59,56,-1,100663296,100.663296,all_reduce,1108.6307382063608,1111.4460130447285,2.815274838367854,tp_all_reduce,20,2,-1,3,-1,"56,57,58,59"
ar_l21_tp56_57_58_59,56,-1,100663296,100.663296,all_reduce,1112.0326015067194,1114.845936686346,2.813335179626675,tp_all_reduce,21,2,-1,3,-1,"56,57,58,59"
ar_l22_tp56_57_58_59,56,-1,100663296,100.663296,all_reduce,1115.2747902204633,1118.0906582729385,2.8158680524754676,tp_all_reduce,22,2,-1,3,-1,"56,57,58,59"
ar_l23_tp56_57_58_59,56,-1,100663296,100.663296,all_reduce,1118.612741194955,1121.4308742847081,2.8181330897529833,tp_all_reduce,23,2,-1,3,-1,"56,57,58,59"
p2p_fwd_mb10_s2_dp0,8,12,67108864,67.108864,p2p,1122.3109691313648,1123.5615748758876,1.250605744522737,pp_forward,2,2,3,0,0,"8,12"
p2p_fwd_mb10_s2_dp1,24,28,67108864,67.108864,p2p,1122.3109691313648,1123.5615748758876,1.250605744522737,pp_forward,2,2,3,1,1,"24,28"
p2p_fwd_mb10_s2_dp2,40,44,67108864,67.108864,p2p,1122.3109691313648,1123.5615748758876,1.250605744522737,pp_forward,2,2,3,2,2,"40,44"
p2p_fwd_mb10_s2_dp3,56,60,67108864,67.108864,p2p,1122.3109691313648,1123.5615748758876,1.250605744522737,pp_forward,2,2,3,3,3,"56,60"
ar_l24_tp12_13_14_15,12,-1,100663296,100.663296,all_reduce,1057.292406864966,1060.1095433651012,2.8171365001352644,tp_all_reduce,24,3,-1,0,-1,"12,13,14,15"
ar_l25_tp12_13_14_15,12,-1,100663296,100.663296,all_reduce,1067.307446434309,1070.1209255995382,2.8134791652290048,tp_all_reduce,25,3,-1,0,-1,"12,13,14,15"
ar_l26_tp12_13_14_15,12,-1,100663296,100.663296,all_reduce,1074.1957322141177,1077.013009736051,2.8172775219330592,tp_all_reduce,26,3,-1,0,-1,"12,13,14,15"
ar_l27_tp12_13_14_15,12,-1,100663296,100.663296,all_reduce,1084.2378471760571,1087.054490463245,2.81664328718767,tp_all_reduce,27,3,-1,0,-1,"12,13,14,15"
ar_l28_tp12_13_14_15,12,-1,100663296,100.663296,all_reduce,1090.7170494488441,1093.5341975867896,2.8171481379455354,tp_all_reduce,28,3,-1,0,-1,"12,13,14,15"
ar_l29_tp12_13_14_15,12,-1,100663296,100.663296,all_reduce,1100.956983235132,1103.774125150384,2.8171419152518418,tp_all_reduce,29,3,-1,0,-1,"12,13,14,15"
ar_l30_tp12_13_14_15,12,-1,100663296,100.663296,all_reduce,1107.8301764077007,1110.6459370619484,2.815760654247601,tp_all_reduce,30,3,-1,0,-1,"12,13,14,15"
ar_l31_tp12_13_14_15,12,-1,100663296,100.663296,all_reduce,1117.7508396705282,1120.5649111200548,2.8140714495266117,tp_all_reduce,31,3,-1,0,-1,"12,13,14,15"
ar_l24_tp28_29_30_31,28,-1,100663296,100.663296,all_reduce,1057.292406864966,1060.1050109377263,2.812604072760294,tp_all_reduce,24,3,-1,1,-1,"28,29,30,31"
ar_l25_tp28_29_30_31,28,-1,100663296,100.663296,all_reduce,1067.2079343908433,1070.0262116924005,2.8182773015570373,tp_all_reduce,25,3,-1,1,-1,"28,29,30,31"
ar_l26_tp28_29_30_31,28,-1,100663296,100.663296,all_reduce,1073.6998774132605,1076.5131874290346,2.8133100157741175,tp_all_reduce,26,3,-1,1,-1,"28,29,30,31"
ar_l27_tp28_29_30_31,28,-1,100663296,100.663296,all_reduce,1083.2281108635411,1086.0429845554563,2.814873691915132,tp_all_reduce,27,3,-1,1,-1,"28,29,30,31"
ar_l28_tp28_29_30_31,28,-1,100663296,100.663296,all_reduce,1089.8482597551576,1092.6665269758794,2.8182672207217596,tp_all_reduce,28,3,-1,1,-1,"28,29,30,31"
ar_l29_tp28_29_30_31,28,-1,100663296,100.663296,all_reduce,1099.9279148591452,1102.7433953330872,2.815480473941978,tp_all_reduce,29,3,-1,1,-1,"28,29,30,31"
ar_l30_tp28_29_30_31,28,-1,100663296,100.663296,all_reduce,1106.2341824174246,1109.0512059556286,2.8170235382039,tp_all_reduce,30,3,-1,1,-1,"28,29,30,31"
ar_l31_tp28_29_30_31,28,-1,100663296,100.663296,all_reduce,1116.4021232982993,1119.2171112739952,2.814987975696015,tp_all_reduce,31,3,-1,1,-1,"28,29,30,31"
ar_l24_tp44_45_46_47,44,-1,100663296,100.663296,all_reduce,1057.292406864966,1060.1075638119898,2.8151569470238336,tp_all_reduce,24,3,-1,2,-1,"44,45,46,47"
ar_l25_tp44_45_46_47,44,-1,100663296,100.663296,all_reduce,1067.063634008816,1069.8800718576754,2.816437848859321,tp_all_reduce,25,3,-1,2,-1,"44,45,46,47"
ar_l26_tp44_45_46_47,44,-1,100663296,100.663296,all_reduce,1073.4501722373343,1076.2685721005382,2.8183998632040907,tp_all_reduce,26,3,-1,2,-1,"44,45,46,47"
ar_l27_tp44_45_46_47,44,-1,100663296,100.663296,all_reduce,1083.662909820376,1086.4792232616978,2.816313441321716,tp_all_reduce,27,3,-1,2,-1,"44,45,46,47"
ar_l28_tp44_45_46_47,44,-1,100663296,100.663296,all_reduce,1090.6140938945289,1093.4300993831284,2.8160054885997265,tp_all_reduce,28,3,-1,2,-1,"44,45,46,47"
ar_l29_tp44_45_46_47,44,-1,100663296,100.663296,all_reduce,1100.6728836104228,1103.4888333492308,2.8159497388080545,tp_all_reduce,29,3,-1,2,-1,"44,45,46,47"
ar_l30_tp44_45_46_47,44,-1,100663296,100.663296,all_reduce,1107.6031865922996,1110.4194374602996,2.816250868000081,tp_all_reduce,30,3,-1,2,-1,"44,45,46,47"
ar_l31_tp44_45_46_47,44,-1,100663296,100.663296,all_reduce,1117.1283644666903,1119.9419522488922,2.813587782201976,tp_all_reduce,31,3,-1,2,-1,"44,45,46,47"
ar_l24_tp60_61_62_63,60,-1,100663296,100.663296,all_reduce,1057.292406864966,1060.106324476039,2.813917611072858,tp_all_reduce,24,3,-1,3,-1,"60,61,62,63"
ar_l25_tp60_61_62_63,60,-1,100663296,100.663296,all_reduce,1067.1473665720448,1069.9642776541946,2.8169110821498755,tp_all_reduce,25,3,-1,3,-1,"60,61,62,63"
ar_l26_tp60_61_62_63,60,-1,100663296,100.663296,all_reduce,1074.0512675651278,1076.8656233353934,2.814355770265564,tp_all_reduce,26,3,-1,3,-1,"60,61,62,63"
ar_l27_tp60_61_62_63,60,-1,100663296,100.663296,all_reduce,1084.0810077357523,1086.8943745463098,2.8133668105574383,tp_all_reduce,27,3,-1,3,-1,"60,61,62,63"
ar_l28_tp60_61_62_63,60,-1,100663296,100.663296,all_reduce,1090.7918425627931,1093.6096559556786,2.8178133928853377,tp_all_reduce,28,3,-1,3,-1,"60,61,62,63"
ar_l29_tp60_61_62_63,60,-1,100663296,100.663296,all_reduce,1100.46241039129,1103.2749879964804,2.8125776051903806,tp_all_reduce,29,3,-1,3,-1,"60,61,62,63"
ar_l30_tp60_61_62_63,60,-1,100663296,100.663296,all_reduce,1107.006458760857,1109.8246521671663,2.8181934063091774,tp_all_reduce,30,3,-1,3,-1,"60,61,62,63"
ar_l31_tp60_61_62_63,60,-1,100663296,100.663296,all_reduce,1116.924035311758,1119.7420468538521,2.8180115420941565,tp_all_reduce,31,3,-1,3,-1,"60,61,62,63"
p2p_bwd_mb9_s3_dp0,12,8,67108864,67.108864,p2p,1130.7609096863923,1132.0115835630086,1.2506738766162595,pp_backward,3,3,2,0,0,"12,8"
p2p_bwd_mb9_s3_dp1,28,24,67108864,67.108864,p2p,1130.7609096863923,1132.0115835630086,1.2506738766162595,pp_backward,3,3,2,1,1,"28,24"
p2p_bwd_mb9_s3_dp2,44,40,67108864,67.108864,p2p,1130.7609096863923,1132.0115835630086,1.2506738766162595,pp_backward,3,3,2,2,2,"44,40"
p2p_bwd_mb9_s3_dp3,60,56,67108864,67.108864,p2p,1130.7609096863923,1132.0115835630086,1.2506738766162595,pp_backward,3,3,2,3,3,"60,56"
ar_l0_tp0_1_2_3,0,-1,100663296,100.663296,all_reduce,1162.7950363425853,1165.6107501992,2.815713856614943,tp_all_reduce,0,0,-1,0,-1,"0,1,2,3"
ar_l1_tp0_1_2_3,0,-1,100663296,100.663296,all_reduce,1172.482723874371,1175.2985969836582,2.8158731092873257,tp_all_reduce,1,0,-1,0,-1,"0,1,2,3"
ar_l2_tp0_1_2_3,0,-1,100663296,100.663296,all_reduce,1179.2741986018148,1182.0873091576384,2.8131105558237834,tp_all_reduce,2,0,-1,0,-1,"0,1,2,3"
ar_l3_tp0_1_2_3,0,-1,100663296,100.663296,all_reduce,1189.484435598388,1192.2989978561827,2.8145622577946394,tp_all_reduce,3,0,-1,0,-1,"0,1,2,3"
ar_l4_tp0_1_2_3,0,-1,100663296,100.663296,all_reduce,1196.3095070574857,1199.1249359217452,2.8154288642596725,tp_all_reduce,4,0,-1,0,-1,"0,1,2,3"
ar_l5_tp0_1_2_3,0,-1,100663296,100.663296,all_reduce,1206.362086839305,1209.1764887975887,2.814401958283641,tp_all_reduce,5,0,-1,0,-1,"0,1,2,3"
ar_l6_tp0_1_2_3,0,-1,100663296,100.663296,all_reduce,1213.2339749704925,1216.0500433059551,2.8160683354625515,tp_all_reduce,6,0,-1,0,-1,"0,1,2,3"
ar_l7_tp0_1_2_3,0,-1,100663296,100.663296,all_reduce,1222.9778611501727,1225.7954221336788,2.817560983506162,tp_all_reduce,7,0,-1,0,-1,"0,1,2,3"
ar_l0_tp16_17_18_19,16,-1,100663296,100.663296,all_reduce,1162.7951090527047,1165.6102298269716,2.8151207742668216,tp_all_reduce,0,0,-1,1,-1,"16,17,18,19"
ar_l1_tp16_17_18_19,16,-1,100663296,100.663296,all_reduce,1173.188098764632,1176.0053318258865,2.817233061254365,tp_all_reduce,1,0,-1,1,-1,"16,17,18,19"
ar_l2_tp16_17_18_19,16,-1,100663296,100.663296,all_reduce,1180.077577755626,1182.895244285001,2.8176665293748737,tp_all_reduce,2,0,-1,1,-1,"16,17,18,19"
ar_l3_tp16_17_18_19,16,-1,100663296,100.663296,all_reduce,1190.4561034828005,1193.2704438707478,2.814340387947256,tp_all_reduce,3,0,-1,1,-1,"16,17,18,19"
ar_l4_tp16_17_18_19,16,-1,100663296,100.663296,all_reduce,1197.2754154004838,1200.088917855827,2.8135024553430643,tp_all_reduce,4,0,-1,1,-1,"16,17,18,19"
ar_l5_tp16_17_18_19,16,-1,100663296,100.663296,all_reduce,1207.2617026466096,1210.080147451475,2.818444804865372,tp_all_reduce,5,0,-1,1,-1,"16,17,18,19"
ar_l6_tp16_17_18_19,16,-1,100663296,100.663296,all_reduce,1213.848487059081,1216.6629638746215,2.8144768155407007,tp_all_reduce,6,0,-1,1,-1,"16,17,18,19"
ar_l7_tp16_17_18_19,16,-1,100663296,100.663296,all_reduce,1223.8743431581277,1226.6888850168232,2.814541858695563,tp_all_reduce,7,0,-1,1,-1,"16,17,18,19"
ar_l0_tp32_33_34_35,32,-1,100663296,100.663296,all_reduce,1162.7889403227139,1165.6035980764557,2.8146577537417894,tp_all_reduce,0,0,-1,2,-1,"32,33,34,35"
ar_l1_tp32_33_34_35,32,-1,100663296,100.663296,all_reduce,1172.9265535214238,1175.7428296159549,2.816276094531167,tp_all_reduce,1,0,-1,2,-1,"32,33,34,35"
ar_l2_tp32_33_34_35,32,-1,100663296,100.663296,all_reduce,1179.7749009249148,1182.5900590104961,2.815158085581304,tp_all_reduce,2,0,-1,2,-1,"32,33,34,35"
ar_l3_tp32_33_34_35,32,-1,100663296,100.663296,all_reduce,1189.6839895439418,1192.5003233448776,2.816333800935933,tp_all_reduce,3,0,-1,2,-1,"32,33,34,35"
ar_l4_tp32_33_34_35,32,-1,100663296,100.663296,all_reduce,1196.5538250025959,1199.368814865802,2.814989863206163,tp_all_reduce,4,0,-1,2,-1,"32,33,34,35"
ar_l5_tp32_33_34_35,32,-1,100663296,100.663296,all_reduce,1206.0888765781324,1208.9032254415608,2.814348863428462,tp_all_reduce,5,0,-1,2,-1,"32,33,34,35"
ar_l6_tp32_33_34_35,32,-1,100663296,100.663296,all_reduce,1212.5152627096265,1215.3329912403146,2.8177285306880684,tp_all_reduce,6,0,-1,2,-1,"32,33,34,35"
ar_l7_tp32_33_34_35,32,-1,100663296,100.663296,all_reduce,1222.2277616966824,1225.0406988418983,2.81293714521591,tp_all_reduce,7,0,-1,2,-1,"32,33,34,35"
ar_l0_tp48_49_50_51,48,-1,100663296,100.663296,all_reduce,1162.7906609856216,1165.605419681786,2.814758696164432,tp_all_reduce,0,0,-1,3,-1,"48,49,50,51"
ar_l1_tp48_49_50_51,48,-1,100663296,100.663296,all_reduce,1172.4510628429439,1175.2657023396598,2.8146394967158983,tp_all_reduce,1,0,-1,3,-1,"48,49,50,51"
ar_l2_tp48_49_50_51,48,-1,100663296,100.663296,all_reduce,1179.008973567601,1181.823870137604,2.8148965700030004,tp_all_reduce,2,0,-1,3,-1,"48,49,50,51"
ar_l3_tp48_49_50_51,48,-1,100663296,100.663296,all_reduce,1188.8584535590276,1191.67645739513,2.818003836102312,tp_all_reduce,3,0,-1,3,-1,"48,49,50,51"
ar_l4_tp48_49_50_51,48,-1,100663296,100.663296,all_reduce,1195.7974080697043,1198.6123498690838,2.8149417993794668,tp_all_reduce,4,0,-1,3,-1,"48,49,50,51"
ar_l5_tp48_49_50_51,48,-1,100663296,100.663296,all_reduce,1205.7720322833618,1208.5889357020249,2.8169034186629194,tp_all_reduce,5,0,-1,3,-1,"48,49,50,51"
ar_l6_tp48_49_50_51,48,-1,100663296,100.663296,all_reduce,1212.4618531464914,1215.2796370011108,2.8177838546192824,tp_all_reduce,6,0,-1,3,-1,"48,49,50,51"
ar_l7_tp48_49_50_51,48,-1,100663296,100.663296,all_reduce,1222.1477697752255,1224.9610642104133,2.813294435187741,tp_all_reduce,7,0,-1,3,-1,"48,49,50,51"
ar_l8_tp4_5_6_7,4,-1,100663296,100.663296,all_reduce,1162.6902191986128,1165.5072958952394,2.8170766966266747,tp_all_reduce,8,1,-1,0,-1,"4,5,6,7"
ar_l9_tp4_5_6_7,4,-1,100663296,100.663296,all_reduce,1165.8413352160958,1168.6568133388266,2.8154781227309744,tp_all_reduce,9,1,-1,0,-1,"4,5,6,7"
ar_l10_tp4_5_6_7,4,-1,100663296,100.663296,all_reduce,1169.2226040354533,1172.0394716350668,2.816867599613637,tp_all_reduce,10,1,-1,0,-1,"4,5,6,7"
ar_l11_tp4_5_6_7,4,-1,100663296,100.663296,all_reduce,1172.3759004247884,1175.1901112127427,2.8142107879542966,tp_all_reduce,11,1,-1,0,-1,"4,5,6,7"
ar_l12_tp4_5_6_7,4,-1,100663296,100.663296,all_reduce,1175.593486777512,1178.4080992095955,2.8146124320835852,tp_all_reduce,12,1,-1,0,-1,"4,5,6,7"
ar_l13_tp4_5_6_7,4,-1,100663296,100.663296,all_reduce,1179.0100803147927,1181.823634933282,2.813554618489311,tp_all_reduce,13,1,-1,0,-1,"4,5,6,7"
ar_l14_tp4_5_6_7,4,-1,100663296,100.663296,all_reduce,1182.2441428917516,1185.0624338257771,2.8182909340255247,tp_all_reduce,14,1,-1,0,-1,"4,5,6,7"
ar_l15_tp4_5_6_7,4,-1,100663296,100.663296,all_reduce,1185.6207466585217,1188.4375284878029,2.816781829281023,tp_all_reduce,15,1,-1,0,-1,"4,5,6,7"
ar_l8_tp20_21_22_23,20,-1,100663296,100.663296,all_reduce,1162.6902191986128,1165.5039863044076,2.81376710579484,tp_all_reduce,8,1,-1,1,-1,"20,21,22,23"
ar_l9_tp20_21_22_23,20,-1,100663296,100.663296,all_reduce,1165.9950385896886,1168.8106374838662,2.8155988941775956,tp_all_reduce,9,1,-1,1,-1,"20,21,22,23"
ar_l10_tp20_21_22_23,20,-1,100663296,100.663296,all_reduce,1169.166318444813,1171.9798506205368,2.8135321757238874,tp_all_reduce,10,1,-1,1,-1,"20,21,22,23"
ar_l11_tp20_21_22_23,20,-1,100663296,100.663296,all_reduce,1172.5022484076958,1175.315803651709,2.813555244013388,tp_all_reduce,11,1,-1,1,-1,"20,21,22,23"
ar_l12_tp20_21_22_23,20,-1,100663296,100.663296,all_reduce,1175.728597900313,1178.5431336867885,2.8145357864755027,tp_all_reduce,12,1,-1,1,-1,"20,21,22,23"
ar_l13_tp20_21_22_23,20,-1,100663296,100.663296,all_reduce,1178.9585431372739,1181.7715107067297,2.8129675694559264,tp_all_reduce,13,1,-1,1,-1,"20,21,22,23"
ar_l14_tp20_21_22_23,20,-1,100663296,100.663296,all_reduce,1182.3376762822288,1185.1521820142973,2.8145057320685396,tp_all_reduce,14,1,-1,1,-1,"20,21,22,23"
ar_l15_tp20_21_22_23,20,-1,100663296,100.663296,all_reduce,1185.7994787603236,1188.6133195413715,2.8138407810478494,tp_all_reduce,15,1,-1,1,-1,"20,21,22,23"
ar_l8_tp36_37_38_39,36,-1,100663296,100.663296,all_reduce,1162.6902191986128,1165.5045260972295,2.814306898616614,tp_all_reduce,8,1,-1,2,-1,"36,37,38,39"
ar_l9_tp36_37_38_39,36,-1,100663296,100.663296,all_reduce,1166.080075548553,1168.896507122229,2.8164315736760592,tp_all_reduce,9,1,-1,2,-1,"36,37,38,39"
ar_l10_tp36_37_38_39,36,-1,100663296,100.663296,all_reduce,1169.3492432049886,1172.1650228280769,2.8157796230883214,tp_all_reduce,10,1,-1,2,-1,"36,37,38,39"
ar_l11_tp36_37_38_39,36,-1,100663296,100.663296,all_reduce,1172.823574050154,1175.6372978263064,2.8137237761522993,tp_all_reduce,11,1,-1,2,-1,"36,37,38,39"
ar_l12_tp36_37_38_39,36,-1,100663296,100.663296,all_reduce,1176.1045555392564,1178.919540637598,2.814985098341438,tp_all_reduce,12,1,-1,2,-1,"36,37,38,39"
ar_l13_tp36_37_38_39,36,-1,100663296,100.663296,all_reduce,1179.367230890834,1182.1837394016727,2.8165085108387,tp_all_reduce,13,1,-1,2,-1,"36,37,38,39"
ar_l14_tp36_37_38_39,36,-1,100663296,100.663296,all_reduce,1182.79515822118,1185.6097956544218,2.81463743324184,tp_all_reduce,14,1,-1,2,-1,"36,37,38,39"
ar_l15_tp36_37_38_39,36,-1,100663296,100.663296,all_reduce,1186.1103288792485,1188.92357148222,2.813242602971444,tp_all_reduce,15,1,-1,2,-1,"36,37,38,39"
ar_l8_tp52_53_54_55,52,-1,100663296,100.663296,all_reduce,1162.6902191986128,1165.5083455172546,2.818126318641756,tp_all_reduce,8,1,-1,3,-1,"52,53,54,55"
ar_l9_tp52_53_54_55,52,-1,100663296,100.663296,all_reduce,1165.9825240866528,1168.7962413429561,2.8137172563034163,tp_all_reduce,9,1,-1,3,-1,"52,53,54,55"
ar_l10_tp52_53_54_55,52,-1,100663296,100.663296,all_reduce,1169.345494963016,1172.1591555161983,2.813660553182107,tp_all_reduce,10,1,-1,3,-1,"52,53,54,55"
ar_l11_tp52_53_54_55,52,-1,100663296,100.663296,all_reduce,1172.5792016334856,1175.3958182870979,2.816616653612325,tp_all_reduce,11,1,-1,3,-1,"52,53,54,55"
ar_l12_tp52_53_54_55,52,-1,100663296,100.663296,all_reduce,1175.8528425214163,1178.6690445700299,2.8162020486135475,tp_all_reduce,12,1,-1,3,-1,"52,53,54,55"
ar_l13_tp52_53_54_55,52,-1,100663296,100.663296,all_reduce,1179.2503770231115,1182.0629429955925,2.812565972480918,tp_all_reduce,13,1,-1,3,-1,"52,53,54,55"
ar_l14_tp52_53_54_55,52,-1,100663296,100.663296,all_reduce,1182.6164068445769,1185.4297142549196,2.8133074103429134,tp_all_reduce,14,1,-1,3,-1,"52,53,54,55"
ar_l15_tp52_53_54_55,52,-1,100663296,100.663296,all_reduce,1186.064982431675,1188.8779645672669,2.8129821355920015,tp_all_reduce,15,1,-1,3,-1,"52,53,54,55"
p2p_fwd_mb11_s1_dp0,4,8,67108864,67.108864,p2p,1189.4710627359786,1190.7232756341336,1.2522128981551361,pp_forward,1,1,2,0,0,"4,8"
p2p_fwd_mb11_s1_dp1,20,24,67108864,67.108864,p2p,1189.4710627359786,1190.7232756341336,1.2522128981551361,pp_forward,1,1,2,1,1,"20,24"
p2p_fwd_mb11_s1_dp2,36,40,67108864,67.108864,p2p,1189.4710627359786,1190.7232756341336,1.2522128981551361,pp_forward,1,1,2,2,2,"36,40"
p2p_fwd_mb11_s1_dp3,52,56,67108864,67.108864,p2p,1189.4710627359786,1190.7232756341336,1.2522128981551361,pp_forward,1,1,2,3,3,"52,56"
ar_l16_tp8_9_10_11,8,-1,100663296,100.663296,all_reduce,1132.0115835630086,1134.8263647746446,2.8147812116359194,tp_all_reduce,16,2,-1,0,-1,"8,9,10,11"
ar_l17_tp8_9_10_11,8,-1,100663296,100.663296,all_reduce,1141.7415893176835,1144.5559905633,2.8144012456166045,tp_all_reduce,17,2,-1,0,-1,"8,9,10,11"
ar_l18_tp8_9_10_11,8,-1,100663296,100.663296,all_reduce,1148.125775173956,1150.9412725075365,2.815497333580552,tp_all_reduce,18,2,-1,0,-1,"8,9,10,11"
ar_l19_tp8_9_10_11,8,-1,100663296,100.663296,all_reduce,1157.7823347455217,1160.6002149537098,2.8178802081881837,tp_all_reduce,19,2,-1,0,-1,"8,9,10,11"
ar_l20_tp8_9_10_11,8,-1,100663296,100.663296,all_reduce,1164.3424780648659,1167.1594354846395,2.8169574197736136,tp_all_reduce,20,2,-1,0,-1,"8,9,10,11"
ar_l21_tp8_9_10_11,8,-1,100663296,100.663296,all_reduce,1174.344513703962,1177.1621417214672,2.8176280175049584,tp_all_reduce,21,2,-1,0,-1,"8,9,10,11"
ar_l22_tp8_9_10_11,8,-1,100663296,100.663296,all_reduce,1181.103612933414,1183.9170470469994,2.813434113585478,tp_all_reduce,22,2,-1,0,-1,"8,9,10,11"
ar_l23_tp8_9_10_11,8,-1,100663296,100.663296,all_reduce,1191.3227636791682,1194.1369506461924,2.8141869670241793,tp_all_reduce,23,2,-1,0,-1,"8,9,10,11"
ar_l16_tp24_25_26_27,24,-1,100663296,100.663296,all_reduce,1132.0115835630086,1134.8260715950105,2.814488032001794,tp_all_reduce,16,2,-1,1,-1,"24,25,26,27"
ar_l17_tp24_25_26_27,24,-1,100663296,100.663296,all_reduce,1141.5378082791428,1144.355148833222,2.8173405540792285,tp_all_reduce,17,2,-1,1,-1,"24,25,26,27"
ar_l18_tp24_25_26_27,24,-1,100663296,100.663296,all_reduce,1147.84732715086,1150.6635103317788,2.8161831809188076,tp_all_reduce,18,2,-1,1,-1,"24,25,26,27"
ar_l19_tp24_25_26_27,24,-1,100663296,100.663296,all_reduce,1157.713850615383,1160.5314239238385,2.8175733084554455,tp_all_reduce,19,2,-1,1,-1,"24,25,26,27"
ar_l20_tp24_25_26_27,24,-1,100663296,100.663296,all_reduce,1164.516299833874,1167.3318933606897,2.8155935268157073,tp_all_reduce,20,2,-1,1,-1,"24,25,26,27"
ar_l21_tp24_25_26_27,24,-1,100663296,100.663296,all_reduce,1174.287403495773,1177.1029164469194,2.8155129511462373,tp_all_reduce,21,2,-1,1,-1,"24,25,26,27"
ar_l22_tp24_25_26_27,24,-1,100663296,100.663296,all_reduce,1181.072173264096,1183.8887350620885,2.8165617979927227,tp_all_reduce,22,2,-1,1,-1,"24,25,26,27"
ar_l23_tp24_25_26_27,24,-1,100663296,100.663296,all_reduce,1190.6711136198767,1193.4861079990496,2.814994379173097,tp_all_reduce,23,2,-1,1,-1,"24,25,26,27"
ar_l16_tp40_41_42_43,40,-1,100663296,100.663296,all_reduce,1132.0115835630086,1134.8288562863063,2.8172727232975703,tp_all_reduce,16,2,-1,2,-1,"40,41,42,43"
ar_l17_tp40_41_42_43,40,-1,100663296,100.663296,all_reduce,1142.198523485973,1145.0111728217,2.812649335727002,tp_all_reduce,17,2,-1,2,-1,"40,41,42,43"
ar_l18_tp40_41_42_43,40,-1,100663296,100.663296,all_reduce,1149.13609744824,1151.9539659259362,2.8178684776962726,tp_all_reduce,18,2,-1,2,-1,"40,41,42,43"
ar_l19_tp40_41_42_43,40,-1,100663296,100.663296,all_reduce,1159.3047535809267,1162.1174618661582,2.812708285231613,tp_all_reduce,19,2,-1,2,-1,"40,41,42,43"
ar_l20_tp40_41_42_43,40,-1,100663296,100.663296,all_reduce,1165.6781434780141,1168.495605371913,2.817461893898754,tp_all_reduce,20,2,-1,2,-1,"40,41,42,43"
ar_l21_tp40_41_42_43,40,-1,100663296,100.663296,all_reduce,1175.9744268402276,1178.7909555332644,2.816528693036835,tp_all_reduce,21,2,-1,2,-1,"40,41,42,43"
ar_l22_tp40_41_42_43,40,-1,100663296,100.663296,all_reduce,1182.4785963386485,1185.2943449355716,2.815748596923351,tp_all_reduce,22,2,-1,2,-1,"40,41,42,43"
ar_l23_tp40_41_42_43,40,-1,100663296,100.663296,all_reduce,1192.6090659954102,1195.4275647973,2.8184988018897794,tp_all_reduce,23,2,-1,2,-1,"40,41,42,43"
ar_l16_tp56_57_58_59,56,-1,100663296,100.663296,all_reduce,1132.0115835630086,1134.8279326383868,2.8163490753780884,tp_all_reduce,16,2,-1,3,-1,"56,57,58,59"
ar_l17_tp56_57_58_59,56,-1,100663296,100.663296,all_reduce,1141.898200850385,1144.7131729257505,2.8149720753656293,tp_all_reduce,17,2,-1,3,-1,"56,57,58,59"
ar_l18_tp56_57_58_59,56,-1,100663296,100.663296,all_reduce,1148.2112662489124,1151.0243598789127,2.813093630000374,tp_all_reduce,18,2,-1,3,-1,"56,57,58,59"
ar_l19_tp56_57_58_59,56,-1,100663296,100.663296,all_reduce,1157.7959964769593,1160.6119929416498,2.815996464690551,tp_all_reduce,19,2,-1,3,-1,"56,57,58,59"
ar_l20_tp56_57_58_59,56,-1,100663296,100.663296,all_reduce,1164.2434117229623,1167.0604375831158,2.8170258601534215,tp_all_reduce,20,2,-1,3,-1,"56,57,58,59"
ar_l21_tp56_57_58_59,56,-1,100663296,100.663296,all_reduce,1174.3824484088657,1177.198986958778,2.816538549912373,tp_all_reduce,21,2,-1,3,-1,"56,57,58,59"
ar_l22_tp56_57_58_59,56,-1,100663296,100.663296,all_reduce,1181.0188048303464,1183.835835016291,2.81703018594448,tp_all_reduce,22,2,-1,3,-1,"56,57,58,59"
ar_l23_tp56_57_58_59,56,-1,100663296,100.663296,all_reduce,1190.9216052706404,1193.7363369566788,2.8147316860382965,tp_all_reduce,23,2,-1,3,-1,"56,57,58,59"
p2p_bwd_mb9_s2_dp0,8,4,67108864,67.108864,p2p,1199.447149710371,1200.6994847025057,1.2523349921347293,pp_backward,2,2,1,0,0,"8,4"
p2p_bwd_mb9_s2_dp1,24,20,67108864,67.108864,p2p,1199.447149710371,1200.6994847025057,1.2523349921347293,pp_backward,2,2,1,1,1,"24,20"
p2p_bwd_mb9_s2_dp2,40,36,67108864,67.108864,p2p,1199.447149710371,1200.6994847025057,1.2523349921347293,pp_backward,2,2,1,2,2,"40,36"
p2p_bwd_mb9_s2_dp3,56,52,67108864,67.108864,p2p,1199.447149710371,1200.6994847025057,1.2523349921347293,pp_backward,2,2,1,3,3,"56,52"
ar_l24_tp12_13_14_15,12,-1,100663296,100.663296,all_reduce,1132.0115835630086,1134.8254708268014,2.813887263792614,tp_all_reduce,24,3,-1,0,-1,"12,13,14,15"
ar_l25_tp12_13_14_15,12,-1,100663296,100.663296,all_reduce,1135.468332357293,1138.282297242806,2.8139648855127763,tp_all_reduce,25,3,-1,0,-1,"12,13,14,15"
ar_l26_tp12_13_14_15,12,-1,100663296,100.663296,all_reduce,1138.7211493682544,1141.5361620237773,2.815012655522864,tp_all_reduce,26,3,-1,0,-1,"12,13,14,15"
ar_l27_tp12_13_14_15,12,-1,100663296,100.663296,all_reduce,1142.189235467101,1145.0070569161328,2.8178214490317544,tp_all_reduce,27,3,-1,0,-1,"12,13,14,15"
ar_l28_tp12_13_14_15,12,-1,100663296,100.663296,all_reduce,1145.5594594131223,1148.3727525247323,2.813293111609827,tp_all_reduce,28,3,-1,0,-1,"12,13,14,15"
ar_l29_tp12_13_14_15,12,-1,100663296,100.663296,all_reduce,1148.7077285680216,1151.520829356524,2.8131007885023873,tp_all_reduce,29,3,-1,0,-1,"12,13,14,15"
ar_l30_tp12_13_14_15,12,-1,100663296,100.663296,all_reduce,1152.0243176294816,1154.8408535846554,2.816535955173949,tp_all_reduce,30,3,-1,0,-1,"12,13,14,15"
ar_l31_tp12_13_14_15,12,-1,100663296,100.663296,all_reduce,1155.4750014809076,1158.2900598779243,2.8150583970165677,tp_all_reduce,31,3,-1,0,-1,"12,13,14,15"
ar_l24_tp28_29_30_31,28,-1,100663296,100.663296,all_reduce,1132.0115835630086,1134.8254804558676,2.813896892858825,tp_all_reduce,24,3,-1,1,-1,"28,29,30,31"
ar_l25_tp28_29_30_31,28,-1,100663296,100.663296,all_reduce,1135.3196521171153,1138.1343802204074,2.8147281032919746,tp_all_reduce,25,3,-1,1,-1,"28,29,30,31"
ar_l26_tp28_29_30_31,28,-1,100663296,100.663296,all_reduce,1138.5263792475705,1141.344702291747,2.818323044176285,tp_all_reduce,26,3,-1,1,-1,"28,29,30,31"
ar_l27_tp28_29_30_31,28,-1,100663296,100.663296,all_reduce,1141.717693819895,1144.53384933931,2.8161555194150534,tp_all_reduce,27,3,-1,1,-1,"28,29,30,31"
ar_l28_tp28_29_30_31,28,-1,100663296,100.663296,all_reduce,1145.190634782777,1148.0041648859708,2.813530103193962,tp_all_reduce,28,3,-1,1,-1,"28,29,30,31"
ar_l29_tp28_29_30_31,28,-1,100663296,100.663296,all_reduce,1148.5598136798117,1151.3740501342934,2.8142364544816445,tp_all_reduce,29,3,-1,1,-1,"28,29,30,31"
ar_l30_tp28_29_30_31,28,-1,100663296,100.663296,all_reduce,1151.850923769428,1154.668880869012,2.817957099584101,tp_all_reduce,30,3,-1,1,-1,"28,29,30,31"
ar_l31_tp28_29_30_31,28,-1,100663296,100.663296,all_reduce,1155.2531165981175,1158.0656737701104,2.812557171992802,tp_all_reduce,31,3,-1,1,-1,"28,29,30,31"
ar_l24_tp44_45_46_47,44,-1,100663296,100.663296,all_reduce,1132.0115835630086,1134.828220863945,2.8166373009363976,tp_all_reduce,24,3,-1,2,-1,"44,45,46,47"
ar_l25_tp44_45_46_47,44,-1,100663296,100.663296,all_reduce,1135.3982211130165,1138.2152081103725,2.816986997355997,tp_all_reduce,25,3,-1,2,-1,"44,45,46,47"
ar_l26_tp44_45_46_47,44,-1,100663296,100.663296,all_reduce,1138.8145249041604,1141.6297560557932,2.8152311516329576,tp_all_reduce,26,3,-1,2,-1,"44,45,46,47"
ar_l27_tp44_45_46_47,44,-1,100663296,100.663296,all_reduce,1142.0430000129384,1144.8594179126071,2.8164178996685774,tp_all_reduce,27,3,-1,2,-1,"44,45,46,47"
ar_l28_tp44_45_46_47,44,-1,100663296,100.663296,all_reduce,1145.2779400777451,1148.094154831544,2.8162147537988957,tp_all_reduce,28,3,-1,2,-1,"44,45,46,47"
ar_l29_tp44_45_46_47,44,-1,100663296,100.663296,all_reduce,1148.6743957771657,1151.4915313857375,2.8171356085717747,tp_all_reduce,29,3,-1,2,-1,"44,45,46,47"
ar_l30_tp44_45_46_47,44,-1,100663296,100.663296,all_reduce,1152.1182119894518,1154.9343740401032,2.816162050651494,tp_all_reduce,30,3,-1,2,-1,"44,45,46,47"
ar_l31_tp44_45_46_47,44,-1,100663296,100.663296,all_reduce,1155.5036708924708,1158.3179410973041,2.814270204833269,tp_all_reduce,31,3,-1,2,-1,"44,45,46,47"
ar_l24_tp60_61_62_63,60,-1,100663296,100.663296,all_reduce,1132.0115835630086,1134.8299353137709,2.8183517507622824,tp_all_reduce,24,3,-1,3,-1,"60,61,62,63"
ar_l25_tp60_61_62_63,60,-1,100663296,100.663296,all_reduce,1135.402578991785,1138.2195126040242,2.8169336122392252,tp_all_reduce,25,3,-1,3,-1,"60,61,62,63"
ar_l26_tp60_61_62_63,60,-1,100663296,100.663296,all_reduce,1138.5955530467647,1141.41038055918,2.814827512415574,tp_all_reduce,26,3,-1,3,-1,"60,61,62,63"
ar_l27_tp60_61_62_63,60,-1,100663296,100.663296,all_reduce,1141.8877559481782,1144.705830699425,2.8180747512467352,tp_all_reduce,27,3,-1,3,-1,"60,61,62,63"
ar_l28_tp60_61_62_63,60,-1,100663296,100.663296,all_reduce,1145.2195858038508,1148.034661147017,2.8150753431661624,tp_all_reduce,28,3,-1,3,-1,"60,61,62,63"
ar_l29_tp60_61_62_63,60,-1,100663296,100.663296,all_reduce,1148.6074076761856,1151.4213977141414,2.8139900379557936,tp_all_reduce,29,3,-1,3,-1,"60,61,62,63"
ar_l30_tp60_61_62_63,60,-1,100663296,100.663296,all_reduce,1152.039709364049,1154.8524844357894,2.812775071740381,tp_all_reduce,30,3,-1,3,-1,"60,61,62,63"
ar_l31_tp60_61_62_63,60,-1,100663296,100.663296,all_reduce,1155.39926235223,1158.2134191414257,2.814156789195721,tp_all_reduce,31,3,-1,3,-1,"60,61,62,63"
ar_l0_tp0_1_2_3,0,-1,100663296,100.663296,all_reduce,1230.8762456045413,1233.6932273653963,2.8169817608549863,tp_all_reduce,0,0,-1,0,-1,"0,1,2,3"
ar_l1_tp0_1_2_3,0,-1,100663296,100.663296,all_reduce,1234.3309317515361,1237.1435614983614,2.812629746825168,tp_all_reduce,1,0,-1,0,-1,"0,1,2,3"
ar_l2_tp0_1_2_3,0,-1,100663296,100.663296,all_reduce,1237.5411626491457,1240.355896490459,2.814733841313144,tp_all_reduce,2,0,-1,0,-1,"0,1,2,3"
ar_l3_tp0_1_2_3,0,-1,100663296,100.663296,all_reduce,1240.9520769600126,1243.7653345731455,2.8132576131330023,tp_all_reduce,3,0,-1,0,-1,"0,1,2,3"
ar_l4_tp0_1_2_3,0,-1,100663296,100.663296,all_reduce,1244.283735341859,1247.0995022161007,2.8157668742416764,tp_all_reduce,4,0,-1,0,-1,"0,1,2,3"
ar_l5_tp0_1_2_3,0,-1,100663296,100.663296,all_reduce,1247.4685401122683,1250.2822451674454,2.813705055177085,tp_all_reduce,5,0,-1,0,-1,"0,1,2,3"
ar_l6_tp0_1_2_3,0,-1,100663296,100.663296,all_reduce,1250.6745217400792,1253.4902251638612,2.815703423781901,tp_all_reduce,6,0,-1,0,-1,"0,1,2,3"
ar_l7_tp0_1_2_3,0,-1,100663296,100.663296,all_reduce,1254.036804336016,1256.8506032056425,2.813798869626405,tp_all_reduce,7,0,-1,0,-1,"0,1,2,3"
ar_l0_tp16_17_18_19,16,-1,100663296,100.663296,all_reduce,1230.878365986533,1233.691825325913,2.8134593393800422,tp_all_reduce,0,0,-1,1,-1,"16,17,18,19"
ar_l1_tp16_17_18_19,16,-1,100663296,100.663296,all_reduce,1234.2745191884956,1237.0893457434934,2.8148265549976514,tp_all_reduce,1,0,-1,1,-1,"16,17,18,19"
ar_l2_tp16_17_18_19,16,-1,100663296,100.663296,all_reduce,1237.6367942271618,1240.4517824332304,2.814988206068625,tp_all_reduce,2,0,-1,1,-1,"16,17,18,19"
ar_l3_tp16_17_18_19,16,-1,100663296,100.663296,all_reduce,1241.0192312378613,1243.83516688098,2.815935643118994,tp_all_reduce,3,0,-1,1,-1,"16,17,18,19"
ar_l4_tp16_17_18_19,16,-1,100663296,100.663296,all_reduce,1244.3046906779996,1247.119020449386,2.8143297713865145,tp_all_reduce,4,0,-1,1,-1,"16,17,18,19"
ar_l5_tp16_17_18_19,16,-1,100663296,100.663296,all_reduce,1247.51115946458,1250.329641666521,2.8184822019410305,tp_all_reduce,5,0,-1,1,-1,"16,17,18,19"
ar_l6_tp16_17_18_19,16,-1,100663296,100.663296,all_reduce,1250.836026569568,1253.6508306233525,2.8148040537843144,tp_all_reduce,6,0,-1,1,-1,"16,17,18,19"
ar_l7_tp16_17_18_19,16,-1,100663296,100.663296,all_reduce,1254.2171713899872,1257.0356938666075,2.8185224766204,tp_all_reduce,7,0,-1,1,-1,"16,17,18,19"
ar_l0_tp32_33_34_35,32,-1,100663296,100.663296,all_reduce,1230.8740743811754,1233.6894708031493,2.815396421973926,tp_all_reduce,0,0,-1,2,-1,"32,33,34,35"
ar_l1_tp32_33_34_35,32,-1,100663296,100.663296,all_reduce,1234.0331700489098,1236.850938094292,2.8177680453820297,tp_all_reduce,1,0,-1,2,-1,"32,33,34,35"
ar_l2_tp32_33_34_35,32,-1,100663296,100.663296,all_reduce,1237.4273102244465,1240.2418392671636,2.814529042717284,tp_all_reduce,2,0,-1,2,-1,"32,33,34,35"
ar_l3_tp32_33_34_35,32,-1,100663296,100.663296,all_reduce,1240.787335347814,1243.605500028418,2.8181646806038074,tp_all_reduce,3,0,-1,2,-1,"32,33,34,35"
ar_l4_tp32_33_34_35,32,-1,100663296,100.663296,all_reduce,1243.9974402524572,1246.8121253832655,2.814685130808403,tp_all_reduce,4,0,-1,2,-1,"32,33,34,35"
ar_l5_tp32_33_34_35,32,-1,100663296,100.663296,all_reduce,1247.3158476857568,1250.13385161068,2.8180039249232625,tp_all_reduce,5,0,-1,2,-1,"32,33,34,35"
ar_l6_tp32_33_34_35,32,-1,100663296,100.663296,all_reduce,1250.7665286731,1253.5812626030297,2.8147339299295915,tp_all_reduce,6,0,-1,2,-1,"32,33,34,35"
ar_l7_tp32_33_34_35,32,-1,100663296,100.663296,all_reduce,1254.1571450579218,1256.9710018607877,2.813856802865944,tp_all_reduce,7,0,-1,2,-1,"32,33,34,35"
ar_l0_tp48_49_50_51,48,-1,100663296,100.663296,all_reduce,1230.8785915532155,1233.696157130154,2.8175655769384633,tp_all_reduce,0,0,-1,3,-1,"48,49,50,51"
ar_l1_tp48_49_50_51,48,-1,100663296,100.663296,all_reduce,1234.122265425697,1236.9400109969772,2.817745571280339,tp_all_reduce,1,0,-1,3,-1,"48,49,50,51"
ar_l2_tp48_49_50_51,48,-1,100663296,100.663296,all_reduce,1237.5620986389629,1240.3776105271609,2.8155118881980634,tp_all_reduce,2,0,-1,3,-1,"48,49,50,51"
ar_l3_tp48_49_50_51,48,-1,100663296,100.663296,all_reduce,1241.0116980643254,1243.8295234766833,2.817825412358088,tp_all_reduce,3,0,-1,3,-1,"48,49,50,51"
ar_l4_tp48_49_50_51,48,-1,100663296,100.663296,all_reduce,1244.4803665527431,1247.2941547530875,2.8137882003442805,tp_all_reduce,4,0,-1,3,-1,"48,49,50,51"
ar_l5_tp48_49_50_51,48,-1,100663296,100.663296,all_reduce,1247.8785465802853,1250.6929112002595,2.8143646199740857,tp_all_reduce,5,0,-1,3,-1,"48,49,50,51"
ar_l6_tp48_49_50_51,48,-1,100663296,100.663296,all_reduce,1251.3330758222564,1254.1462778144264,2.8132019921698337,tp_all_reduce,6,0,-1,3,-1,"48,49,50,51"
ar_l7_tp48_49_50_51,48,-1,100663296,100.663296,all_reduce,1254.49905030432,1257.313321120276,2.814270815955977,tp_all_reduce,7,0,-1,3,-1,"48,49,50,51"
p2p_fwd_mb12_s0_dp0,0,4,67108864,67.108864,p2p,1257.9532401247457,1259.2041447435802,1.2509046188344808,pp_forward,0,0,1,0,0,"0,4"
p2p_fwd_mb12_s0_dp1,16,20,67108864,67.108864,p2p,1257.9532401247457,1259.2041447435802,1.2509046188344808,pp_forward,0,0,1,1,1,"16,20"
p2p_fwd_mb12_s0_dp2,32,36,67108864,67.108864,p2p,1257.9532401247457,1259.2041447435802,1.2509046188344808,pp_forward,0,0,1,2,2,"32,36"
p2p_fwd_mb12_s0_dp3,48,52,67108864,67.108864,p2p,1257.9532401247457,1259.2041447435802,1.2509046188344808,pp_forward,0,0,1,3,3,"48,52"
ar_l8_tp4_5_6_7,4,-1,100663296,100.663296,all_reduce,1200.6994847025057,1203.513980411589,2.814495709083431,tp_all_reduce,8,1,-1,0,-1,"4,5,6,7"
ar_l9_tp4_5_6_7,4,-1,100663296,100.663296,all_reduce,1210.896105027021,1213.711700233116,2.8155952060953116,tp_all_reduce,9,1,-1,0,-1,"4,5,6,7"
ar_l10_tp4_5_6_7,4,-1,100663296,100.663296,all_reduce,1217.8170951472428,1220.6322567049185,2.815161557675916,tp_all_reduce,10,1,-1,0,-1,"4,5,6,7"
ar_l11_tp4_5_6_7,4,-1,100663296,100.663296,all_reduce,1227.719960853882,1230.5341855794018,2.8142247255198427,tp_all_reduce,11,1,-1,0,-1,"4,5,6,7"
ar_l12_tp4_5_6_7,4,-1,100663296,100.663296,all_reduce,1234.463023019117,1237.276100089626,2.81307707050904,tp_all_reduce,12,1,-1,0,-1,"4,5,6,7"
ar_l13_tp4_5_6_7,4,-1,100663296,100.663296,all_reduce,1244.5473781369355,1247.363926555492,2.816548418556497,tp_all_reduce,13,1,-1,0,-1,"4,5,6,7"
ar_l14_tp4_5_6_7,4,-1,100663296,100.663296,all_reduce,1251.3500374223,1254.1638215550906,2.813784132790653,tp_all_reduce,14,1,-1,0,-1,"4,5,6,7"
ar_l15_tp4_5_6_7,4,-1,100663296,100.663296,all_reduce,1261.2872441401921,1264.1041428617064,2.8168987215142494,tp_all_reduce,15,1,-1,0,-1,"4,5,6,7"
ar_l8_tp20_21_22_23,20,-1,100663296,100.663296,all_reduce,1200.6994847025057,1203.514256903465,2.81477220095927,tp_all_reduce,8,1,-1,1,-1,"20,21,22,23"
ar_l9_tp20_21_22_23,20,-1,100663296,100.663296,all_reduce,1210.7895733432692,1213.602587692322,2.8130143490527892,tp_all_reduce,9,1,-1,1,-1,"20,21,22,23"
ar_l10_tp20_21_22_23,20,-1,100663296,100.663296,all_reduce,1217.180022820096,1219.994589079998,2.8145662599019516,tp_all_reduce,10,1,-1,1,-1,"20,21,22,23"
ar_l11_tp20_21_22_23,20,-1,100663296,100.663296,all_reduce,1227.2879322016952,1230.1057535251152,2.817821323420011,tp_all_reduce,11,1,-1,1,-1,"20,21,22,23"
ar_l12_tp20_21_22_23,20,-1,100663296,100.663296,all_reduce,1234.0813230071585,1236.8981482664396,2.816825259281064,tp_all_reduce,12,1,-1,1,-1,"20,21,22,23"
ar_l13_tp20_21_22_23,20,-1,100663296,100.663296,all_reduce,1243.711101312535,1246.5248434635566,2.813742151021703,tp_all_reduce,13,1,-1,1,-1,"20,21,22,23"
ar_l14_tp20_21_22_23,20,-1,100663296,100.663296,all_reduce,1250.4992287145546,1253.3150776416644,2.815848927109732,tp_all_reduce,14,1,-1,1,-1,"20,21,22,23"
ar_l15_tp20_21_22_23,20,-1,100663296,100.663296,all_reduce,1260.073164940659,1262.8901573215342,2.816992380875183,tp_all_reduce,15,1,-1,1,-1,"20,21,22,23"
ar_l8_tp36_37_38_39,36,-1,100663296,100.663296,all_reduce,1200.6994847025057,1203.514542409826,2.8150577073202676,tp_all_reduce,8,1,-1,2,-1,"36,37,38,39"
ar_l9_tp36_37_38_39,36,-1,100663296,100.663296,all_reduce,1210.6001100979693,1213.4160448149999,2.815934717030455,tp_all_reduce,9,1,-1,2,-1,"36,37,38,39"
ar_l10_tp36_37_38_39,36,-1,100663296,100.663296,all_reduce,1217.0148355397635,1219.8282208959279,2.8133853561644884,tp_all_reduce,10,1,-1,2,-1,"36,37,38,39"
ar_l11_tp36_37_38_39,36,-1,100663296,100.663296,all_reduce,1226.8091180532454,1229.6226273426462,2.8135092894008285,tp_all_reduce,11,1,-1,2,-1,"36,37,38,39"
ar_l12_tp36_37_38_39,36,-1,100663296,100.663296,all_reduce,1233.2887663281765,1236.1033106281664,2.8145442999898407,tp_all_reduce,12,1,-1,2,-1,"36,37,38,39"
ar_l13_tp36_37_38_39,36,-1,100663296,100.663296,all_reduce,1243.25013910233,1246.0665310078737,2.8163919055435027,tp_all_reduce,13,1,-1,2,-1,"36,37,38,39"
ar_l14_tp36_37_38_39,36,-1,100663296,100.663296,all_reduce,1249.7370894651535,1252.5550021064641,2.8179126413105937,tp_all_reduce,14,1,-1,2,-1,"36,37,38,39"
ar_l15_tp36_37_38_39,36,-1,100663296,100.663296,all_reduce,1259.5478612384377,1262.3614977632515,2.813636524813923,tp_all_reduce,15,1,-1,2,-1,"36,37,38,39"
ar_l8_tp52_53_54_55,52,-1,100663296,100.663296,all_reduce,1200.6994847025057,1203.5155553632505,2.8160706607449626,tp_all_reduce,8,1,-1,3,-1,"52,53,54,55"
ar_l9_tp52_53_54_55,52,-1,100663296,100.663296,all_reduce,1210.4860120274136,1213.303966572782,2.817954545368373,tp_all_reduce,9,1,-1,3,-1,"52,53,54,55"
ar_l10_tp52_53_54_55,52,-1,100663296,100.663296,all_reduce,1217.0310152449465,1219.843558735635,2.8125434906884905,tp_all_reduce,10,1,-1,3,-1,"52,53,54,55"
ar_l11_tp52_53_54_55,52,-1,100663296,100.663296,all_reduce,1227.0074377163708,1229.8258851647226,2.818447448351913,tp_all_reduce,11,1,-1,3,-1,"52,53,54,55"
ar_l12_tp52_53_54_55,52,-1,100663296,100.663296,all_reduce,1233.8758165610143,1236.6895977300521,2.8137811690378545,tp_all_reduce,12,1,-1,3,-1,"52,53,54,55"
ar_l13_tp52_53_54_55,52,-1,100663296,100.663296,all_reduce,1243.73254809843,1246.5501599524305,2.8176118540004236,tp_all_reduce,13,1,-1,3,-1,"52,53,54,55"
ar_l14_tp52_53_54_55,52,-1,100663296,100.663296,all_reduce,1250.4298245432346,1253.245027581163,2.81520303792826,tp_all_reduce,14,1,-1,3,-1,"52,53,54,55"
ar_l15_tp52_53_54_55,52,-1,100663296,100.663296,all_reduce,1260.4297731070183,1263.2430375185588,2.813264411540617,tp_all_reduce,15,1,-1,3,-1,"52,53,54,55"
p2p_bwd_mb9_s1_dp0,4,0,67108864,67.108864,p2p,1267.6093296785948,1268.8602273794834,1.250897700888487,pp_backward,1,1,0,0,0,"4,0"
p2p_bwd_mb9_s1_dp1,20,16,67108864,67.108864,p2p,1267.6093296785948,1268.8602273794834,1.250897700888487,pp_backward,1,1,0,1,1,"20,16"
p2p_bwd_mb9_s1_dp2,36,32,67108864,67.108864,p2p,1267.6093296785948,1268.8602273794834,1.250897700888487,pp_backward,1,1,0,2,2,"36,32"
p2p_bwd_mb9_s1_dp3,52,48,67108864,67.108864,p2p,1267.6093296785948,1268.8602273794834,1.250897700888487,pp_backward,1,1,0,3,3,"52,48"
ar_l16_tp8_9_10_11,8,-1,100663296,100.663296,all_reduce,1200.6994847025057,1203.512826911571,2.8133422090652616,tp_all_reduce,16,2,-1,0,-1,"8,9,10,11"
ar_l17_tp8_9_10_11,8,-1,100663296,100.663296,all_reduce,1203.9908827658421,1206.8089134531026,2.8180306872604977,tp_all_reduce,17,2,-1,0,-1,"8,9,10,11"
ar_l18_tp8_9_10_11,8,-1,100663296,100.663296,all_reduce,1207.3896887815067,1210.2060728561864,2.8163840746797675,tp_all_reduce,18,2,-1,0,-1,"8,9,10,11"
ar_l19_tp8_9_10_11,8,-1,100663296,100.663296,all_reduce,1210.7718025528088,1213.5900641663948,2.818261613585893,tp_all_reduce,19,2,-1,0,-1,"8,9,10,11"
ar_l20_tp8_9_10_11,8,-1,100663296,100.663296,all_reduce,1213.9667255428355,1216.7821369688395,2.8154114260039442,tp_all_reduce,20,2,-1,0,-1,"8,9,10,11"
ar_l21_tp8_9_10_11,8,-1,100663296,100.663296,all_reduce,1217.4268041505395,1220.2451262921143,2.818322141574736,tp_all_reduce,21,2,-1,0,-1,"8,9,10,11"
ar_l22_tp8_9_10_11,8,-1,100663296,100.663296,all_reduce,1220.6510232709747,1223.4643469951347,2.8133237241600995,tp_all_reduce,22,2,-1,0,-1,"8,9,10,11"
ar_l23_tp8_9_10_11,8,-1,100663296,100.663296,all_reduce,1223.9555478792468,1226.7688714344108,2.813323555163949,tp_all_reduce,23,2,-1,0,-1,"8,9,10,11"
ar_l16_tp24_25_26_27,24,-1,100663296,100.663296,all_reduce,1200.6994847025057,1203.5153814062364,2.815896703730836,tp_all_reduce,16,2,-1,1,-1,"24,25,26,27"
ar_l17_tp24_25_26_27,24,-1,100663296,100.663296,all_reduce,1204.056867551563,1206.8707855916748,2.8139180401116626,tp_all_reduce,17,2,-1,1,-1,"24,25,26,27"
ar_l18_tp24_25_26_27,24,-1,100663296,100.663296,all_reduce,1207.2774336397808,1210.0927493994939,2.815315759713055,tp_all_reduce,18,2,-1,1,-1,"24,25,26,27"
ar_l19_tp24_25_26_27,24,-1,100663296,100.663296,all_reduce,1210.583699876241,1213.3983926122994,2.8146927360581664,tp_all_reduce,19,2,-1,1,-1,"24,25,26,27"
ar_l20_tp24_25_26_27,24,-1,100663296,100.663296,all_reduce,1214.0410487991144,1216.8549589801305,2.813910181016066,tp_all_reduce,20,2,-1,1,-1,"24,25,26,27"
ar_l21_tp24_25_26_27,24,-1,100663296,100.663296,all_reduce,1217.4281482104223,1220.2417081282008,2.813559917778541,tp_all_reduce,21,2,-1,1,-1,"24,25,26,27"
ar_l22_tp24_25_26_27,24,-1,100663296,100.663296,all_reduce,1220.607526759279,1223.423870023441,2.8163432641621355,tp_all_reduce,22,2,-1,1,-1,"24,25,26,27"
ar_l23_tp24_25_26_27,24,-1,100663296,100.663296,all_reduce,1223.9711019944302,1226.7855843882967,2.814482393866502,tp_all_reduce,23,2,-1,1,-1,"24,25,26,27"
ar_l16_tp40_41_42_43,40,-1,100663296,100.663296,all_reduce,1200.6994847025057,1203.5125382533952,2.813053550889455,tp_all_reduce,16,2,-1,2,-1,"40,41,42,43"
ar_l17_tp40_41_42_43,40,-1,100663296,100.663296,all_reduce,1203.928844381653,1206.7427165060772,2.813872124423966,tp_all_reduce,17,2,-1,2,-1,"40,41,42,43"
ar_l18_tp40_41_42_43,40,-1,100663296,100.663296,all_reduce,1207.3168909876754,1210.1331481038942,2.81625711621869,tp_all_reduce,18,2,-1,2,-1,"40,41,42,43"
ar_l19_tp40_41_42_43,40,-1,100663296,100.663296,all_reduce,1210.6351784267747,1213.448473071035,2.8132946442605,tp_all_reduce,19,2,-1,2,-1,"40,41,42,43"
ar_l20_tp40_41_42_43,40,-1,100663296,100.663296,all_reduce,1213.9945795355761,1216.810411126076,2.8158315904995845,tp_all_reduce,20,2,-1,2,-1,"40,41,42,43"
ar_l21_tp40_41_42_43,40,-1,100663296,100.663296,all_reduce,1217.2363697153683,1220.0506523056677,2.814282590299255,tp_all_reduce,21,2,-1,2,-1,"40,41,42,43"
ar_l22_tp40_41_42_43,40,-1,100663296,100.663296,all_reduce,1220.6517535978137,1223.469916864598,2.8181632667843015,tp_all_reduce,22,2,-1,2,-1,"40,41,42,43"
ar_l23_tp40_41_42_43,40,-1,100663296,100.663296,all_reduce,1223.9381873988884,1226.753347890312,2.8151604914234962,tp_all_reduce,23,2,-1,2,-1,"40,41,42,43"
ar_l16_tp56_57_58_59,56,-1,100663296,100.663296,all_reduce,1200.6994847025057,1203.5161839322955,2.8166992297897764,tp_all_reduce,16,2,-1,3,-1,"56,57,58,59"
ar_l17_tp56_57_58_59,56,-1,100663296,100.663296,all_reduce,1204.0707493834902,1206.8866462288208,2.8158968453306787,tp_all_reduce,17,2,-1,3,-1,"56,57,58,59"
ar_l18_tp56_57_58_59,56,-1,100663296,100.663296,all_reduce,1207.532290653412,1210.3468928213,2.8146021678878697,tp_all_reduce,18,2,-1,3,-1,"56,57,58,59"
ar_l19_tp56_57_58_59,56,-1,100663296,100.663296,all_reduce,1210.70542722099,1213.5186895063498,2.81326228535983,tp_all_reduce,19,2,-1,3,-1,"56,57,58,59"
ar_l20_tp56_57_58_59,56,-1,100663296,100.663296,all_reduce,1214.0224745923324,1216.8401278050417,2.8176532127091036,tp_all_reduce,20,2,-1,3,-1,"56,57,58,59"
ar_l21_tp56_57_58_59,56,-1,100663296,100.663296,all_reduce,1217.4737190547662,1220.2867964601853,2.81307740541914,tp_all_reduce,21,2,-1,3,-1,"56,57,58,59"
ar_l22_tp56_57_58_59,56,-1,100663296,100.663296,all_reduce,1220.634845482909,1223.450455632908,2.8156101499989816,tp_all_reduce,22,2,-1,3,-1,"56,57,58,59"
ar_l23_tp56_57_58_59,56,-1,100663296,100.663296,all_reduce,1223.8432083055593,1226.6593056324466,2.816097326887368,tp_all_reduce,23,2,-1,3,-1,"56,57,58,59"
p2p_fwd_mb11_s2_dp0,8,12,67108864,67.108864,p2p,1227.3227144627874,1228.5728891273016,1.2501746645141587,pp_forward,2,2,3,0,0,"8,12"
p2p_fwd_mb11_s2_dp1,24,28,67108864,67.108864,p2p,1227.3227144627874,1228.5728891273016,1.2501746645141587,pp_forward,2,2,3,1,1,"24,28"
p2p_fwd_mb11_s2_dp2,40,44,67108864,67.108864,p2p,1227.3227144627874,1228.5728891273016,1.2501746645141587,pp_forward,2,2,3,2,2,"40,44"
p2p_fwd_mb11_s2_dp3,56,60,67108864,67.108864,p2p,1227.3227144627874,1228.5728891273016,1.2501746645141587,pp_forward,2,2,3,3,3,"56,60"
ar_l24_tp12_13_14_15,12,-1,100663296,100.663296,all_reduce,1162.3438244730207,1165.1621819077661,2.8183574347455664,tp_all_reduce,24,3,-1,0,-1,"12,13,14,15"
ar_l25_tp12_13_14_15,12,-1,100663296,100.663296,all_reduce,1172.371685851385,1175.186859602546,2.8151737511610264,tp_all_reduce,25,3,-1,0,-1,"12,13,14,15"
ar_l26_tp12_13_14_15,12,-1,100663296,100.663296,all_reduce,1179.0402885589788,1181.855443451293,2.81515489231432,tp_all_reduce,26,3,-1,0,-1,"12,13,14,15"
ar_l27_tp12_13_14_15,12,-1,100663296,100.663296,all_reduce,1189.2082389885802,1192.0219377345786,2.81369874599835,tp_all_reduce,27,3,-1,0,-1,"12,13,14,15"
ar_l28_tp12_13_14_15,12,-1,100663296,100.663296,all_reduce,1195.5041826431243,1198.3213585673943,2.81717592427011,tp_all_reduce,28,3,-1,0,-1,"12,13,14,15"
ar_l29_tp12_13_14_15,12,-1,100663296,100.663296,all_reduce,1205.2582145581312,1208.0737792197942,2.815564661662995,tp_all_reduce,29,3,-1,0,-1,"12,13,14,15"
ar_l30_tp12_13_14_15,12,-1,100663296,100.663296,all_reduce,1211.7362162406757,1214.552489153671,2.8162729129954656,tp_all_reduce,30,3,-1,0,-1,"12,13,14,15"
ar_l31_tp12_13_14_15,12,-1,100663296,100.663296,all_reduce,1221.5622004234588,1224.3761447264897,2.8139443030308353,tp_all_reduce,31,3,-1,0,-1,"12,13,14,15"
ar_l24_tp28_29_30_31,28,-1,100663296,100.663296,all_reduce,1162.3438244730207,1165.1564227016215,2.8125982286009155,tp_all_reduce,24,3,-1,1,-1,"28,29,30,31"
ar_l25_tp28_29_30_31,28,-1,100663296,100.663296,all_reduce,1172.0554096688998,1174.8705153845342,2.8151057156344805,tp_all_reduce,25,3,-1,1,-1,"28,29,30,31"
ar_l26_tp28_29_30_31,28,-1,100663296,100.663296,all_reduce,1178.606820472885,1181.424603370313,2.817782897428067,tp_all_reduce,26,3,-1,1,-1,"28,29,30,31"
ar_l27_tp28_29_30_31,28,-1,100663296,100.663296,all_reduce,1188.4150975573475,1191.230233166727,2.8151356093795155,tp_all_reduce,27,3,-1,1,-1,"28,29,30,31"
ar_l28_tp28_29_30_31,28,-1,100663296,100.663296,all_reduce,1195.2134370827887,1198.0311029360137,2.817665853225071,tp_all_reduce,28,3,-1,1,-1,"28,29,30,31"
ar_l29_tp28_29_30_31,28,-1,100663296,100.663296,all_reduce,1205.2199165750917,1208.032989435611,2.81307286051935,tp_all_reduce,29,3,-1,1,-1,"28,29,30,31"
ar_l30_tp28_29_30_31,28,-1,100663296,100.663296,all_reduce,1211.8533322961657,1214.67118290925,2.8178506130842607,tp_all_reduce,30,3,-1,1,-1,"28,29,30,31"
ar_l31_tp28_29_30_31,28,-1,100663296,100.663296,all_reduce,1221.7662906965827,1224.5831099425382,2.8168192459554486,tp_all_reduce,31,3,-1,1,-1,"28,29,30,31"
ar_l24_tp44_45_46_47,44,-1,100663296,100.663296,all_reduce,1162.3438244730207,1165.1613256328942,2.81750115987367,tp_all_reduce,24,3,-1,2,-1,"44,45,46,47"
ar_l25_tp44_45_46_47,44,-1,100663296,100.663296,all_reduce,1172.5135290101398,1175.328540208981,2.8150111988411997,tp_all_reduce,25,3,-1,2,-1,"44,45,46,47"
ar_l26_tp44_45_46_47,44,-1,100663296,100.663296,all_reduce,1178.8204128793525,1181.633266937902,2.8128540585494743,tp_all_reduce,26,3,-1,2,-1,"44,45,46,47"
ar_l27_tp44_45_46_47,44,-1,100663296,100.663296,all_reduce,1188.5747627382962,1191.3908897666026,2.81612702830647,tp_all_reduce,27,3,-1,2,-1,"44,45,46,47"
ar_l28_tp44_45_46_47,44,-1,100663296,100.663296,all_reduce,1195.1373421033209,1197.9545736489154,2.817231545594545,tp_all_reduce,28,3,-1,2,-1,"44,45,46,47"
ar_l29_tp44_45_46_47,44,-1,100663296,100.663296,all_reduce,1205.347987164553,1208.1653352967185,2.817348132165609,tp_all_reduce,29,3,-1,2,-1,"44,45,46,47"
ar_l30_tp44_45_46_47,44,-1,100663296,100.663296,all_reduce,1211.9807334457844,1214.794659523526,2.8139260777415576,tp_all_reduce,30,3,-1,2,-1,"44,45,46,47"
ar_l31_tp44_45_46_47,44,-1,100663296,100.663296,all_reduce,1222.0653256041298,1224.8822680827318,2.8169424786019803,tp_all_reduce,31,3,-1,2,-1,"44,45,46,47"
ar_l24_tp60_61_62_63,60,-1,100663296,100.663296,all_reduce,1162.3438244730207,1165.1581929786225,2.814368505601905,tp_all_reduce,24,3,-1,3,-1,"60,61,62,63"
ar_l25_tp60_61_62_63,60,-1,100663296,100.663296,all_reduce,1172.611237533607,1175.4290598436241,2.8178223100170374,tp_all_reduce,25,3,-1,3,-1,"60,61,62,63"
ar_l26_tp60_61_62_63,60,-1,100663296,100.663296,all_reduce,1179.181303842128,1181.9955446476135,2.814240805485646,tp_all_reduce,26,3,-1,3,-1,"60,61,62,63"
ar_l27_tp60_61_62_63,60,-1,100663296,100.663296,all_reduce,1189.3782554182196,1192.1947726352228,2.816517217002934,tp_all_reduce,27,3,-1,3,-1,"60,61,62,63"
ar_l28_tp60_61_62_63,60,-1,100663296,100.663296,all_reduce,1196.0902937189378,1198.906417452202,2.816123733264231,tp_all_reduce,28,3,-1,3,-1,"60,61,62,63"
ar_l29_tp60_61_62_63,60,-1,100663296,100.663296,all_reduce,1205.747559728161,1208.5627028689735,2.8151431408125482,tp_all_reduce,29,3,-1,3,-1,"60,61,62,63"
ar_l30_tp60_61_62_63,60,-1,100663296,100.663296,all_reduce,1212.0624600675378,1214.8802495676994,2.8177895001615383,tp_all_reduce,30,3,-1,3,-1,"60,61,62,63"
ar_l31_tp60_61_62_63,60,-1,100663296,100.663296,all_reduce,1221.7342813637752,1224.548972130277,2.8146907665018706,tp_all_reduce,31,3,-1,3,-1,"60,61,62,63"
p2p_bwd_mb10_s3_dp0,12,8,67108864,67.108864,p2p,1235.3471053875924,1236.597954872047,1.2508494844545304,pp_backward,3,3,2,0,0,"12,8"
p2p_bwd_mb10_s3_dp1,28,24,67108864,67.108864,p2p,1235.3471053875924,1236.597954872047,1.2508494844545304,pp_backward,3,3,2,1,1,"28,24"
p2p_bwd_mb10_s3_dp2,44,40,67108864,67.108864,p2p,1235.3471053875924,1236.597954872047,1.2508494844545304,pp_backward,3,3,2,2,2,"44,40"
p2p_bwd_mb10_s3_dp3,60,56,67108864,67.108864,p2p,1235.3471053875924,1236.597954872047,1.2508494844545304,pp_backward,3,3,2,3,3,"60,56"
ar_l0_tp0_1_2_3,0,-1,100663296,100.663296,all_reduce,1268.96345776494,1271.7795339282295,2.816076163289827,tp_all_reduce,0,0,-1,0,-1,"0,1,2,3"
ar_l1_tp0_1_2_3,0,-1,100663296,100.663296,all_reduce,1278.8256033473458,1281.638705314069,2.8131019667232415,tp_all_reduce,1,0,-1,0,-1,"0,1,2,3"
ar_l2_tp0_1_2_3,0,-1,100663296,100.663296,all_reduce,1285.6441531426174,1288.4584132798964,2.8142601372791454,tp_all_reduce,2,0,-1,0,-1,"0,1,2,3"
ar_l3_tp0_1_2_3,0,-1,100663296,100.663296,all_reduce,1295.4657586588517,1298.2805797213048,2.814821062453232,tp_all_reduce,3,0,-1,0,-1,"0,1,2,3"
ar_l4_tp0_1_2_3,0,-1,100663296,100.663296,all_reduce,1302.388857170382,1305.2032123209246,2.8143551505428466,tp_all_reduce,4,0,-1,0,-1,"0,1,2,3"
ar_l5_tp0_1_2_3,0,-1,100663296,100.663296,all_reduce,1312.0159956203406,1314.8331788557684,2.8171832354277893,tp_all_reduce,5,0,-1,0,-1,"0,1,2,3"
ar_l6_tp0_1_2_3,0,-1,100663296,100.663296,all_reduce,1318.4996777787765,1321.316731169107,2.8170533903304484,tp_all_reduce,6,0,-1,0,-1,"0,1,2,3"
ar_l7_tp0_1_2_3,0,-1,100663296,100.663296,all_reduce,1328.433480386564,1331.2477475480282,2.814267161464157,tp_all_reduce,7,0,-1,0,-1,"0,1,2,3"
ar_l0_tp16_17_18_19,16,-1,100663296,100.663296,all_reduce,1268.9622741352034,1271.7772160658685,2.8149419306651158,tp_all_reduce,0,0,-1,1,-1,"16,17,18,19"
ar_l1_tp16_17_18_19,16,-1,100663296,100.663296,all_reduce,1278.6518759699434,1281.4685728851664,2.816696915223016,tp_all_reduce,1,0,-1,1,-1,"16,17,18,19"
ar_l2_tp16_17_18_19,16,-1,100663296,100.663296,all_reduce,1285.1479911172914,1287.9626191550997,2.8146280378082977,tp_all_reduce,2,0,-1,1,-1,"16,17,18,19"
ar_l3_tp16_17_18_19,16,-1,100663296,100.663296,all_reduce,1295.2538278493982,1298.068205965521,2.8143781161225068,tp_all_reduce,3,0,-1,1,-1,"16,17,18,19"
ar_l4_tp16_17_18_19,16,-1,100663296,100.663296,all_reduce,1301.6703462674927,1304.486082787899,2.8157365204062312,tp_all_reduce,4,0,-1,1,-1,"16,17,18,19"
ar_l5_tp16_17_18_19,16,-1,100663296,100.663296,all_reduce,1311.63876496283,1314.4551840754002,2.8164191125701343,tp_all_reduce,5,0,-1,1,-1,"16,17,18,19"
ar_l6_tp16_17_18_19,16,-1,100663296,100.663296,all_reduce,1318.212156264069,1321.0295820803944,2.8174258163253807,tp_all_reduce,6,0,-1,1,-1,"16,17,18,19"
ar_l7_tp16_17_18_19,16,-1,100663296,100.663296,all_reduce,1328.2768368602572,1331.09036603924,2.813529178983032,tp_all_reduce,7,0,-1,1,-1,"16,17,18,19"
ar_l0_tp32_33_34_35,32,-1,100663296,100.663296,all_reduce,1268.9574697099047,1271.7703461804176,2.8128764705130926,tp_all_reduce,0,0,-1,2,-1,"32,33,34,35"
ar_l1_tp32_33_34_35,32,-1,100663296,100.663296,all_reduce,1278.5300700275163,1281.3475746354454,2.8175046079290667,tp_all_reduce,1,0,-1,2,-1,"32,33,34,35"
ar_l2_tp32_33_34_35,32,-1,100663296,100.663296,all_reduce,1285.37365239287,1288.1897003148208,2.8160479219507817,tp_all_reduce,2,0,-1,2,-1,"32,33,34,35"
ar_l3_tp32_33_34_35,32,-1,100663296,100.663296,all_reduce,1295.7249054586307,1298.540496437211,2.815590978580307,tp_all_reduce,3,0,-1,2,-1,"32,33,34,35"
ar_l4_tp32_33_34_35,32,-1,100663296,100.663296,all_reduce,1302.5403168304313,1305.3565370894628,2.81622025903161,tp_all_reduce,4,0,-1,2,-1,"32,33,34,35"
ar_l5_tp32_33_34_35,32,-1,100663296,100.663296,all_reduce,1312.5426494431545,1315.3608118140073,2.8181623708527503,tp_all_reduce,5,0,-1,2,-1,"32,33,34,35"
ar_l6_tp32_33_34_35,32,-1,100663296,100.663296,all_reduce,1319.114702712893,1321.927925820838,2.813223107945184,tp_all_reduce,6,0,-1,2,-1,"32,33,34,35"
ar_l7_tp32_33_34_35,32,-1,100663296,100.663296,all_reduce,1328.8900062795858,1331.7061093670713,2.8161030874855886,tp_all_reduce,7,0,-1,2,-1,"32,33,34,35"
ar_l0_tp48_49_50_51,48,-1,100663296,100.663296,all_reduce,1268.9642264100314,1271.7800269114823,2.8158005014509158,tp_all_reduce,0,0,-1,3,-1,"48,49,50,51"
ar_l1_tp48_49_50_51,48,-1,100663296,100.663296,all_reduce,1279.174193271574,1281.9905937332976,2.8164004617234895,tp_all_reduce,1,0,-1,3,-1,"48,49,50,51"
ar_l2_tp48_49_50_51,48,-1,100663296,100.663296,all_reduce,1285.6591102274847,1288.4754683122671,2.816358084782644,tp_all_reduce,2,0,-1,3,-1,"48,49,50,51"
ar_l3_tp48_49_50_51,48,-1,100663296,100.663296,all_reduce,1295.3437149460767,1298.1608295613419,2.817114615265126,tp_all_reduce,3,0,-1,3,-1,"48,49,50,51"
ar_l4_tp48_49_50_51,48,-1,100663296,100.663296,all_reduce,1302.0674939130467,1304.881829733951,2.81433582090429,tp_all_reduce,4,0,-1,3,-1,"48,49,50,51"
ar_l5_tp48_49_50_51,48,-1,100663296,100.663296,all_reduce,1312.0116292347152,1314.8298000439456,2.8181708092303026,tp_all_reduce,5,0,-1,3,-1,"48,49,50,51"
ar_l6_tp48_49_50_51,48,-1,100663296,100.663296,all_reduce,1318.6338910872503,1321.4491505093838,2.8152594221333427,tp_all_reduce,6,0,-1,3,-1,"48,49,50,51"
ar_l7_tp48_49_50_51,48,-1,100663296,100.663296,all_reduce,1328.273075796596,1331.0896368728615,2.8165610762656,tp_all_reduce,7,0,-1,3,-1,"48,49,50,51"
ar_l8_tp4_5_6_7,4,-1,100663296,100.663296,all_reduce,1268.8602273794834,1271.6774352427271,2.817207863243798,tp_all_reduce,8,1,-1,0,-1,"4,5,6,7"
ar_l9_tp4_5_6_7,4,-1,100663296,100.663296,all_reduce,1272.3366449617165,1275.1524268091732,2.8157818474567886,tp_all_reduce,9,1,-1,0,-1,"4,5,6,7"
ar_l10_tp4_5_6_7,4,-1,100663296,100.663296,all_reduce,1275.7747679891297,1278.5929398678118,2.818171878681941,tp_all_reduce,10,1,-1,0,-1,"4,5,6,7"
ar_l11_tp4_5_6_7,4,-1,100663296,100.663296,all_reduce,1278.9597651509087,1281.7780318435498,2.8182666926412914,tp_all_reduce,11,1,-1,0,-1,"4,5,6,7"
ar_l12_tp4_5_6_7,4,-1,100663296,100.663296,all_reduce,1282.3525738761864,1285.1658858987541,2.8133120225679598,tp_all_reduce,12,1,-1,0,-1,"4,5,6,7"
ar_l13_tp4_5_6_7,4,-1,100663296,100.663296,all_reduce,1285.8050626760694,1288.6221859017733,2.8171232257039325,tp_all_reduce,13,1,-1,0,-1,"4,5,6,7"
ar_l14_tp4_5_6_7,4,-1,100663296,100.663296,all_reduce,1289.2668211509645,1292.081895596854,2.815074445889687,tp_all_reduce,14,1,-1,0,-1,"4,5,6,7"
ar_l15_tp4_5_6_7,4,-1,100663296,100.663296,all_reduce,1292.689911532544,1295.508023058152,2.818111525607847,tp_all_reduce,15,1,-1,0,-1,"4,5,6,7"
ar_l8_tp20_21_22_23,20,-1,100663296,100.663296,all_reduce,1268.8602273794834,1271.6785063991406,2.818279019657144,tp_all_reduce,8,1,-1,1,-1,"20,21,22,23"
ar_l9_tp20_21_22_23,20,-1,100663296,100.663296,all_reduce,1272.19223106332,1275.008889326343,2.8166582630229087,tp_all_reduce,9,1,-1,1,-1,"20,21,22,23"
ar_l10_tp20_21_22_23,20,-1,100663296,100.663296,all_reduce,1275.6197269333143,1278.4357781876909,2.8160512543766725,tp_all_reduce,10,1,-1,1,-1,"20,21,22,23"
ar_l11_tp20_21_22_23,20,-1,100663296,100.663296,all_reduce,1278.9383053117112,1281.7553917682262,2.8170864565151277,tp_all_reduce,11,1,-1,1,-1,"20,21,22,23"
ar_l12_tp20_21_22_23,20,-1,100663296,100.663296,all_reduce,1282.3690383378284,1285.1844725215517,2.815434183723431,tp_all_reduce,12,1,-1,1,-1,"20,21,22,23"
ar_l13_tp20_21_22_23,20,-1,100663296,100.663296,all_reduce,1285.7871709783053,1288.602722149454,2.8155511711487335,tp_all_reduce,13,1,-1,1,-1,"20,21,22,23"
ar_l14_tp20_21_22_23,20,-1,100663296,100.663296,all_reduce,1289.2098095804272,1292.022516605453,2.8127070250256736,tp_all_reduce,14,1,-1,1,-1,"20,21,22,23"
ar_l15_tp20_21_22_23,20,-1,100663296,100.663296,all_reduce,1292.4344729440159,1295.247283517998,2.812810573982194,tp_all_reduce,15,1,-1,1,-1,"20,21,22,23"
ar_l8_tp36_37_38_39,36,-1,100663296,100.663296,all_reduce,1268.8602273794834,1271.6735492741818,2.813321894698406,tp_all_reduce,8,1,-1,2,-1,"36,37,38,39"
ar_l9_tp36_37_38_39,36,-1,100663296,100.663296,all_reduce,1272.1722440347576,1274.9852739305197,2.8130298957620425,tp_all_reduce,9,1,-1,2,-1,"36,37,38,39"
ar_l10_tp36_37_38_39,36,-1,100663296,100.663296,all_reduce,1275.5583652306173,1278.3760717925982,2.8177065619809927,tp_all_reduce,10,1,-1,2,-1,"36,37,38,39"
ar_l11_tp36_37_38_39,36,-1,100663296,100.663296,all_reduce,1278.8323988822333,1281.6461117888448,2.8137129066114763,tp_all_reduce,11,1,-1,2,-1,"36,37,38,39"
ar_l12_tp36_37_38_39,36,-1,100663296,100.663296,all_reduce,1282.1883464243708,1285.0054533388954,2.8171069145246364,tp_all_reduce,12,1,-1,2,-1,"36,37,38,39"
ar_l13_tp36_37_38_39,36,-1,100663296,100.663296,all_reduce,1285.6536637963231,1288.4715013450425,2.8178375487193374,tp_all_reduce,13,1,-1,2,-1,"36,37,38,39"
ar_l14_tp36_37_38_39,36,-1,100663296,100.663296,all_reduce,1288.878734921259,1291.6947044552608,2.815969534001761,tp_all_reduce,14,1,-1,2,-1,"36,37,38,39"
ar_l15_tp36_37_38_39,36,-1,100663296,100.663296,all_reduce,1292.2942843724315,1295.1114338028433,2.8171494304116695,tp_all_reduce,15,1,-1,2,-1,"36,37,38,39"
ar_l8_tp52_53_54_55,52,-1,100663296,100.663296,all_reduce,1268.8602273794834,1271.6745781974703,2.814350817986977,tp_all_reduce,8,1,-1,3,-1,"52,53,54,55"
ar_l9_tp52_53_54_55,52,-1,100663296,100.663296,all_reduce,1272.1670177354258,1274.981332150774,2.8143144153482957,tp_all_reduce,9,1,-1,3,-1,"52,53,54,55"
ar_l10_tp52_53_54_55,52,-1,100663296,100.663296,all_reduce,1275.4062962179257,1278.224409028896,2.818112810970108,tp_all_reduce,10,1,-1,3,-1,"52,53,54,55"
ar_l11_tp52_53_54_55,52,-1,100663296,100.663296,all_reduce,1278.6957487786942,1281.5126461993502,2.8168974206559394,tp_all_reduce,11,1,-1,3,-1,"52,53,54,55"
ar_l12_tp52_53_54_55,52,-1,100663296,100.663296,all_reduce,1281.934204273166,1284.7474117042152,2.8132074310491806,tp_all_reduce,12,1,-1,3,-1,"52,53,54,55"
ar_l13_tp52_53_54_55,52,-1,100663296,100.663296,all_reduce,1285.1885121925113,1288.0040761106857,2.815563918174391,tp_all_reduce,13,1,-1,3,-1,"52,53,54,55"
ar_l14_tp52_53_54_55,52,-1,100663296,100.663296,all_reduce,1288.4053492607543,1291.2220951508777,2.8167458901233733,tp_all_reduce,14,1,-1,3,-1,"52,53,54,55"
ar_l15_tp52_53_54_55,52,-1,100663296,100.663296,all_reduce,1291.591979623154,1294.4080798356733,2.8161002125193235,tp_all_reduce,15,1,-1,3,-1,"52,53,54,55"
p2p_fwd_mb12_s1_dp0,4,8,67108864,67.108864,p2p,1295.9360339626548,1297.1880413512113,1.2520073885564642,pp_forward,1,1,2,0,0,"4,8"
p2p_fwd_mb12_s1_dp1,20,24,67108864,67.108864,p2p,1295.9360339626548,1297.1880413512113,1.2520073885564642,pp_forward,1,1,2,1,1,"20,24"
p2p_fwd_mb12_s1_dp2,36,40,67108864,67.108864,p2p,1295.9360339626548,1297.1880413512113,1.2520073885564642,pp_forward,1,1,2,2,2,"36,40"
p2p_fwd_mb12_s1_dp3,52,56,67108864,67.108864,p2p,1295.9360339626548,1297.1880413512113,1.2520073885564642,pp_forward,1,1,2,3,3,"52,56"
ar_l16_tp8_9_10_11,8,-1,100663296,100.663296,all_reduce,1236.597954872047,1239.414981068648,2.81702619660118,tp_all_reduce,16,2,-1,0,-1,"8,9,10,11"
ar_l17_tp8_9_10_11,8,-1,100663296,100.663296,all_reduce,1246.5537602380148,1249.366320017279,2.81255977926409,tp_all_reduce,17,2,-1,0,-1,"8,9,10,11"
ar_l18_tp8_9_10_11,8,-1,100663296,100.663296,all_reduce,1253.079513014767,1255.8967520428926,2.8172390281255844,tp_all_reduce,18,2,-1,0,-1,"8,9,10,11"
ar_l19_tp8_9_10_11,8,-1,100663296,100.663296,all_reduce,1262.8606985666268,1265.6775160269399,2.816817460312926,tp_all_reduce,19,2,-1,0,-1,"8,9,10,11"
ar_l20_tp8_9_10_11,8,-1,100663296,100.663296,all_reduce,1269.2968749544755,1272.1143803772527,2.8175054227772556,tp_all_reduce,20,2,-1,0,-1,"8,9,10,11"
ar_l21_tp8_9_10_11,8,-1,100663296,100.663296,all_reduce,1279.0124629547734,1281.830325507038,2.8178625522645717,tp_all_reduce,21,2,-1,0,-1,"8,9,10,11"
ar_l22_tp8_9_10_11,8,-1,100663296,100.663296,all_reduce,1285.4157907961128,1288.2311315149914,2.8153407188786783,tp_all_reduce,22,2,-1,0,-1,"8,9,10,11"
ar_l23_tp8_9_10_11,8,-1,100663296,100.663296,all_reduce,1295.2094209834743,1298.0231558126663,2.813734829191894,tp_all_reduce,23,2,-1,0,-1,"8,9,10,11"
ar_l16_tp24_25_26_27,24,-1,100663296,100.663296,all_reduce,1236.597954872047,1239.4109354504108,2.8129805783638773,tp_all_reduce,16,2,-1,1,-1,"24,25,26,27"
ar_l17_tp24_25_26_27,24,-1,100663296,100.663296,all_reduce,1246.8300932322024,1249.6486069489772,2.818513716774662,tp_all_reduce,17,2,-1,1,-1,"24,25,26,27"
ar_l18_tp24_25_26_27,24,-1,100663296,100.663296,all_reduce,1253.1308957547951,1255.9485153923504,2.8176196375553353,tp_all_reduce,18,2,-1,1,-1,"24,25,26,27"
ar_l19_tp24_25_26_27,24,-1,100663296,100.663296,all_reduce,1262.9448415969416,1265.7615108235248,2.8166692265831905,tp_all_reduce,19,2,-1,1,-1,"24,25,26,27"
ar_l20_tp24_25_26_27,24,-1,100663296,100.663296,all_reduce,1269.752497880554,1272.5707824126193,2.8182845320652294,tp_all_reduce,20,2,-1,1,-1,"24,25,26,27"
ar_l21_tp24_25_26_27,24,-1,100663296,100.663296,all_reduce,1279.5146261902469,1282.3311628058248,2.8165366155779026,tp_all_reduce,21,2,-1,1,-1,"24,25,26,27"
ar_l22_tp24_25_26_27,24,-1,100663296,100.663296,all_reduce,1286.410713405568,1289.2279651564131,2.817251750845129,tp_all_reduce,22,2,-1,1,-1,"24,25,26,27"
ar_l23_tp24_25_26_27,24,-1,100663296,100.663296,all_reduce,1296.4731635161083,1299.2883585136656,2.8151949975572244,tp_all_reduce,23,2,-1,1,-1,"24,25,26,27"
ar_l16_tp40_41_42_43,40,-1,100663296,100.663296,all_reduce,1236.597954872047,1239.4123288241458,2.8143739520989364,tp_all_reduce,16,2,-1,2,-1,"40,41,42,43"
ar_l17_tp40_41_42_43,40,-1,100663296,100.663296,all_reduce,1246.5938144110676,1249.4075690423576,2.8137546312900774,tp_all_reduce,17,2,-1,2,-1,"40,41,42,43"
ar_l18_tp40_41_42_43,40,-1,100663296,100.663296,all_reduce,1253.4978904340883,1256.3126397099616,2.8147492758732184,tp_all_reduce,18,2,-1,2,-1,"40,41,42,43"
ar_l19_tp40_41_42_43,40,-1,100663296,100.663296,all_reduce,1263.0283853209723,1265.8456010454422,2.8172157244699125,tp_all_reduce,19,2,-1,2,-1,"40,41,42,43"
ar_l20_tp40_41_42_43,40,-1,100663296,100.663296,all_reduce,1269.493461108902,1272.3105378223145,2.8170767134125807,tp_all_reduce,20,2,-1,2,-1,"40,41,42,43"
ar_l21_tp40_41_42_43,40,-1,100663296,100.663296,all_reduce,1279.8274014574738,1282.6431840342195,2.815782576745862,tp_all_reduce,21,2,-1,2,-1,"40,41,42,43"
ar_l22_tp40_41_42_43,40,-1,100663296,100.663296,all_reduce,1286.1329014352893,1288.948175078196,2.8152736429067904,tp_all_reduce,22,2,-1,2,-1,"40,41,42,43"
ar_l23_tp40_41_42_43,40,-1,100663296,100.663296,all_reduce,1296.0948525757226,1298.9121457331128,2.8172931573902105,tp_all_reduce,23,2,-1,2,-1,"40,41,42,43"
ar_l16_tp56_57_58_59,56,-1,100663296,100.663296,all_reduce,1236.597954872047,1239.4139839420823,2.8160290700354196,tp_all_reduce,16,2,-1,3,-1,"56,57,58,59"
ar_l17_tp56_57_58_59,56,-1,100663296,100.663296,all_reduce,1246.7720403472615,1249.590456991693,2.8184166444313874,tp_all_reduce,17,2,-1,3,-1,"56,57,58,59"
ar_l18_tp56_57_58_59,56,-1,100663296,100.663296,all_reduce,1253.681284295454,1256.4994090804757,2.8181247850218583,tp_all_reduce,18,2,-1,3,-1,"56,57,58,59"
ar_l19_tp56_57_58_59,56,-1,100663296,100.663296,all_reduce,1263.7162474358818,1266.529666430909,2.8134189950270727,tp_all_reduce,19,2,-1,3,-1,"56,57,58,59"
ar_l20_tp56_57_58_59,56,-1,100663296,100.663296,all_reduce,1270.5810326732212,1273.3959483763203,2.814915703099219,tp_all_reduce,20,2,-1,3,-1,"56,57,58,59"
ar_l21_tp56_57_58_59,56,-1,100663296,100.663296,all_reduce,1280.79824813232,1283.6145524959347,2.8163043636149077,tp_all_reduce,21,2,-1,3,-1,"56,57,58,59"
ar_l22_tp56_57_58_59,56,-1,100663296,100.663296,all_reduce,1287.516082460177,1290.331988709506,2.8159062493289255,tp_all_reduce,22,2,-1,3,-1,"56,57,58,59"
ar_l23_tp56_57_58_59,56,-1,100663296,100.663296,all_reduce,1297.1277555762676,1299.9442635155049,2.816507939237267,tp_all_reduce,23,2,-1,3,-1,"56,57,58,59"
p2p_bwd_mb10_s2_dp0,8,4,67108864,67.108864,p2p,1303.6581929276826,1304.9109640948627,1.2527711671799224,pp_backward,2,2,1,0,0,"8,4"
p2p_bwd_mb10_s2_dp1,24,20,67108864,67.108864,p2p,1303.6581929276826,1304.9109640948627,1.2527711671799224,pp_backward,2,2,1,1,1,"24,20"
p2p_bwd_mb10_s2_dp2,40,36,67108864,67.108864,p2p,1303.6581929276826,1304.9109640948627,1.2527711671799224,pp_backward,2,2,1,2,2,"40,36"
p2p_bwd_mb10_s2_dp3,56,52,67108864,67.108864,p2p,1303.6581929276826,1304.9109640948627,1.2527711671799224,pp_backward,2,2,1,3,3,"56,52"
ar_l24_tp12_13_14_15,12,-1,100663296,100.663296,all_reduce,1236.597954872047,1239.4107731118572,2.8128182398103885,tp_all_reduce,24,3,-1,0,-1,"12,13,14,15"
ar_l25_tp12_13_14_15,12,-1,100663296,100.663296,all_reduce,1239.9916365028118,1242.807392677457,2.8157561746451343,tp_all_reduce,25,3,-1,0,-1,"12,13,14,15"
ar_l26_tp12_13_14_15,12,-1,100663296,100.663296,all_reduce,1243.194918006361,1246.0117780707812,2.816860064420501,tp_all_reduce,26,3,-1,0,-1,"12,13,14,15"
ar_l27_tp12_13_14_15,12,-1,100663296,100.663296,all_reduce,1246.5944790020415,1249.410443465028,2.8159644629865976,tp_all_reduce,27,3,-1,0,-1,"12,13,14,15"
ar_l28_tp12_13_14_15,12,-1,100663296,100.663296,all_reduce,1249.7660156513848,1252.5840430699614,2.8180274185765075,tp_all_reduce,28,3,-1,0,-1,"12,13,14,15"
ar_l29_tp12_13_14_15,12,-1,100663296,100.663296,all_reduce,1252.9961903963351,1255.81305389278,2.8168634964449435,tp_all_reduce,29,3,-1,0,-1,"12,13,14,15"
ar_l30_tp12_13_14_15,12,-1,100663296,100.663296,all_reduce,1256.301761355983,1259.1153630877097,2.8136017317266226,tp_all_reduce,30,3,-1,0,-1,"12,13,14,15"
ar_l31_tp12_13_14_15,12,-1,100663296,100.663296,all_reduce,1259.6823213057817,1262.4972510143582,2.8149297085764413,tp_all_reduce,31,3,-1,0,-1,"12,13,14,15"
ar_l24_tp28_29_30_31,28,-1,100663296,100.663296,all_reduce,1236.597954872047,1239.4146340646123,2.816679192565452,tp_all_reduce,24,3,-1,1,-1,"28,29,30,31"
ar_l25_tp28_29_30_31,28,-1,100663296,100.663296,all_reduce,1239.972482157633,1242.7877574501656,2.8152752925325597,tp_all_reduce,25,3,-1,1,-1,"28,29,30,31"
ar_l26_tp28_29_30_31,28,-1,100663296,100.663296,all_reduce,1243.1393152279693,1245.9524217605533,2.813106532584042,tp_all_reduce,26,3,-1,1,-1,"28,29,30,31"
ar_l27_tp28_29_30_31,28,-1,100663296,100.663296,all_reduce,1246.511899311368,1249.325296778282,2.8133974669140027,tp_all_reduce,27,3,-1,1,-1,"28,29,30,31"
ar_l28_tp28_29_30_31,28,-1,100663296,100.663296,all_reduce,1249.7890134767026,1252.6054193523278,2.8164058756250387,tp_all_reduce,28,3,-1,1,-1,"28,29,30,31"
ar_l29_tp28_29_30_31,28,-1,100663296,100.663296,all_reduce,1253.1816344534311,1255.9994866270388,2.817852173607527,tp_all_reduce,29,3,-1,1,-1,"28,29,30,31"
ar_l30_tp28_29_30_31,28,-1,100663296,100.663296,all_reduce,1256.5080583544186,1259.3237424126821,2.815684058263601,tp_all_reduce,30,3,-1,1,-1,"28,29,30,31"
ar_l31_tp28_29_30_31,28,-1,100663296,100.663296,all_reduce,1259.796944477387,1262.6132652768824,2.816320799495564,tp_all_reduce,31,3,-1,1,-1,"28,29,30,31"
ar_l24_tp44_45_46_47,44,-1,100663296,100.663296,all_reduce,1236.597954872047,1239.4144038779598,2.8164490059128244,tp_all_reduce,24,3,-1,2,-1,"44,45,46,47"
ar_l25_tp44_45_46_47,44,-1,100663296,100.663296,all_reduce,1239.85665902777,1242.6723607611004,2.8157017333303447,tp_all_reduce,25,3,-1,2,-1,"44,45,46,47"
ar_l26_tp44_45_46_47,44,-1,100663296,100.663296,all_reduce,1243.104588200951,1245.9222010221172,2.8176128211661045,tp_all_reduce,26,3,-1,2,-1,"44,45,46,47"
ar_l27_tp44_45_46_47,44,-1,100663296,100.663296,all_reduce,1246.2588005139362,1249.0723750658365,2.813574551900455,tp_all_reduce,27,3,-1,2,-1,"44,45,46,47"
ar_l28_tp44_45_46_47,44,-1,100663296,100.663296,all_reduce,1249.4290910586176,1252.2446560761778,2.8155650175600844,tp_all_reduce,28,3,-1,2,-1,"44,45,46,47"
ar_l29_tp44_45_46_47,44,-1,100663296,100.663296,all_reduce,1252.6375480816744,1255.454898751154,2.8173506694797457,tp_all_reduce,29,3,-1,2,-1,"44,45,46,47"
ar_l30_tp44_45_46_47,44,-1,100663296,100.663296,all_reduce,1255.8743479459674,1258.6912779856887,2.816930039721166,tp_all_reduce,30,3,-1,2,-1,"44,45,46,47"
ar_l31_tp44_45_46_47,44,-1,100663296,100.663296,all_reduce,1259.2062891690118,1262.0234732036186,2.8171840346067345,tp_all_reduce,31,3,-1,2,-1,"44,45,46,47"
ar_l24_tp60_61_62_63,60,-1,100663296,100.663296,all_reduce,1236.597954872047,1239.4116439724403,2.8136891003933684,tp_all_reduce,24,3,-1,3,-1,"60,61,62,63"
ar_l25_tp60_61_62_63,60,-1,100663296,100.663296,all_reduce,1239.9089906771121,1242.7228877802015,2.8138971030893245,tp_all_reduce,25,3,-1,3,-1,"60,61,62,63"
ar_l26_tp60_61_62_63,60,-1,100663296,100.663296,all_reduce,1243.2787892953506,1246.0952549762474,2.8164656808966626,tp_all_reduce,26,3,-1,3,-1,"60,61,62,63"
ar_l27_tp60_61_62_63,60,-1,100663296,100.663296,all_reduce,1246.6584248342872,1249.4760999974592,2.8176751631721064,tp_all_reduce,27,3,-1,3,-1,"60,61,62,63"
ar_l28_tp60_61_62_63,60,-1,100663296,100.663296,all_reduce,1249.8479302254584,1252.6624383879641,2.8145081625057244,tp_all_reduce,28,3,-1,3,-1,"60,61,62,63"
ar_l29_tp60_61_62_63,60,-1,100663296,100.663296,all_reduce,1253.2272947841582,1256.0442889572748,2.8169941731166492,tp_all_reduce,29,3,-1,3,-1,"60,61,62,63"
ar_l30_tp60_61_62_63,60,-1,100663296,100.663296,all_reduce,1256.462111341773,1259.2751849251101,2.8130735833371556,tp_all_reduce,30,3,-1,3,-1,"60,61,62,63"
ar_l31_tp60_61_62_63,60,-1,100663296,100.663296,all_reduce,1259.6917253735305,1262.5048167491257,2.813091375595267,tp_all_reduce,31,3,-1,3,-1,"60,61,62,63"
ar_l0_tp0_1_2_3,0,-1,100663296,100.663296,all_reduce,1335.7737828460338,1338.5889320221984,2.815149176164544,tp_all_reduce,0,0,-1,0,-1,"0,1,2,3"
ar_l1_tp0_1_2_3,0,-1,100663296,100.663296,all_reduce,1339.175665048823,1341.9906797210817,2.815014672258531,tp_all_reduce,1,0,-1,0,-1,"0,1,2,3"
ar_l2_tp0_1_2_3,0,-1,100663296,100.663296,all_reduce,1342.4717554262372,1345.2887965829134,2.8170411566761366,tp_all_reduce,2,0,-1,0,-1,"0,1,2,3"
ar_l3_tp0_1_2_3,0,-1,100663296,100.663296,all_reduce,1345.9196708634033,1348.7347481550082,2.815077291604906,tp_all_reduce,3,0,-1,0,-1,"0,1,2,3"
ar_l4_tp0_1_2_3,0,-1,100663296,100.663296,all_reduce,1349.2651004952113,1352.0815822477607,2.81648175254956,tp_all_reduce,4,0,-1,0,-1,"0,1,2,3"
ar_l5_tp0_1_2_3,0,-1,100663296,100.663296,all_reduce,1352.572897340213,1355.386977198121,2.8140798579079362,tp_all_reduce,5,0,-1,0,-1,"0,1,2,3"
ar_l6_tp0_1_2_3,0,-1,100663296,100.663296,all_reduce,1355.9475128357665,1358.7653888132445,2.817875977477957,tp_all_reduce,6,0,-1,0,-1,"0,1,2,3"
ar_l7_tp0_1_2_3,0,-1,100663296,100.663296,all_reduce,1359.3747485167626,1362.1901541088023,2.8154055920397436,tp_all_reduce,7,0,-1,0,-1,"0,1,2,3"
ar_l0_tp16_17_18_19,16,-1,100663296,100.663296,all_reduce,1335.7709414227047,1338.586283617889,2.8153421951842006,tp_all_reduce,0,0,-1,1,-1,"16,17,18,19"
ar_l1_tp16_17_18_19,16,-1,100663296,100.663296,all_reduce,1339.1480853295689,1341.966578964806,2.81849363523734,tp_all_reduce,1,0,-1,1,-1,"16,17,18,19"
ar_l2_tp16_17_18_19,16,-1,100663296,100.663296,all_reduce,1342.574465349415,1345.3922104323765,2.817745082961398,tp_all_reduce,2,0,-1,1,-1,"16,17,18,19"
ar_l3_tp16_17_18_19,16,-1,100663296,100.663296,all_reduce,1345.875687659369,1348.6904592492945,2.81477158992538,tp_all_reduce,3,0,-1,1,-1,"16,17,18,19"
ar_l4_tp16_17_18_19,16,-1,100663296,100.663296,all_reduce,1349.1763993331876,1351.9917928291713,2.815393495983809,tp_all_reduce,4,0,-1,1,-1,"16,17,18,19"
ar_l5_tp16_17_18_19,16,-1,100663296,100.663296,all_reduce,1352.3922853011723,1355.2059700737782,2.8136847726059067,tp_all_reduce,5,0,-1,1,-1,"16,17,18,19"
ar_l6_tp16_17_18_19,16,-1,100663296,100.663296,all_reduce,1355.7120737728878,1358.5271297186023,2.8150559457145174,tp_all_reduce,6,0,-1,1,-1,"16,17,18,19"
ar_l7_tp16_17_18_19,16,-1,100663296,100.663296,all_reduce,1359.0134268904762,1361.829398807207,2.815971916730664,tp_all_reduce,7,0,-1,1,-1,"16,17,18,19"
ar_l0_tp32_33_34_35,32,-1,100663296,100.663296,all_reduce,1335.7732645251692,1338.5893157020507,2.816051176881551,tp_all_reduce,0,0,-1,2,-1,"32,33,34,35"
ar_l1_tp32_33_34_35,32,-1,100663296,100.663296,all_reduce,1339.0745472181397,1341.8885929971714,2.8140457790315487,tp_all_reduce,1,0,-1,2,-1,"32,33,34,35"
ar_l2_tp32_33_34_35,32,-1,100663296,100.663296,all_reduce,1342.4221505251046,1345.2369459825409,2.8147954574362366,tp_all_reduce,2,0,-1,2,-1,"32,33,34,35"
ar_l3_tp32_33_34_35,32,-1,100663296,100.663296,all_reduce,1345.6263264432034,1348.4404053913552,2.814078948151888,tp_all_reduce,3,0,-1,2,-1,"32,33,34,35"
ar_l4_tp32_33_34_35,32,-1,100663296,100.663296,all_reduce,1348.9776629195576,1351.7945445721832,2.8168816526257245,tp_all_reduce,4,0,-1,2,-1,"32,33,34,35"
ar_l5_tp32_33_34_35,32,-1,100663296,100.663296,all_reduce,1352.1261896207357,1354.9402083681048,2.8140187473690847,tp_all_reduce,5,0,-1,2,-1,"32,33,34,35"
ar_l6_tp32_33_34_35,32,-1,100663296,100.663296,all_reduce,1355.4021061542348,1358.2185031830682,2.816397028833295,tp_all_reduce,6,0,-1,2,-1,"32,33,34,35"
ar_l7_tp32_33_34_35,32,-1,100663296,100.663296,all_reduce,1358.728336706339,1361.5434741846482,2.815137478309193,tp_all_reduce,7,0,-1,2,-1,"32,33,34,35"
ar_l0_tp48_49_50_51,48,-1,100663296,100.663296,all_reduce,1335.7692332608037,1338.5836070037662,2.8143737429624505,tp_all_reduce,0,0,-1,3,-1,"48,49,50,51"
ar_l1_tp48_49_50_51,48,-1,100663296,100.663296,all_reduce,1339.1749427187674,1341.9926805547086,2.817737835941303,tp_all_reduce,1,0,-1,3,-1,"48,49,50,51"
ar_l2_tp48_49_50_51,48,-1,100663296,100.663296,all_reduce,1342.530556087606,1345.346832966062,2.81627687845587,tp_all_reduce,2,0,-1,3,-1,"48,49,50,51"
ar_l3_tp48_49_50_51,48,-1,100663296,100.663296,all_reduce,1345.8967409637849,1348.7126443072834,2.8159033434986824,tp_all_reduce,3,0,-1,3,-1,"48,49,50,51"
ar_l4_tp48_49_50_51,48,-1,100663296,100.663296,all_reduce,1349.3552802996794,1352.1712962647393,2.8160159650600924,tp_all_reduce,4,0,-1,3,-1,"48,49,50,51"
ar_l5_tp48_49_50_51,48,-1,100663296,100.663296,all_reduce,1352.6085395389264,1355.4240969238833,2.8155573849568682,tp_all_reduce,5,0,-1,3,-1,"48,49,50,51"
ar_l6_tp48_49_50_51,48,-1,100663296,100.663296,all_reduce,1355.871242979239,1358.6867980957006,2.8155551164616988,tp_all_reduce,6,0,-1,3,-1,"48,49,50,51"
ar_l7_tp48_49_50_51,48,-1,100663296,100.663296,all_reduce,1359.2569450200292,1362.0717251148187,2.8147800947895263,tp_all_reduce,7,0,-1,3,-1,"48,49,50,51"
p2p_fwd_mb13_s0_dp0,0,4,67108864,67.108864,p2p,1362.5769136522756,1363.8272190320636,1.250305379787875,pp_forward,0,0,1,0,0,"0,4"
p2p_fwd_mb13_s0_dp1,16,20,67108864,67.108864,p2p,1362.5769136522756,1363.8272190320636,1.250305379787875,pp_forward,0,0,1,1,1,"16,20"
p2p_fwd_mb13_s0_dp2,32,36,67108864,67.108864,p2p,1362.5769136522756,1363.8272190320636,1.250305379787875,pp_forward,0,0,1,2,2,"32,36"
p2p_fwd_mb13_s0_dp3,48,52,67108864,67.108864,p2p,1362.5769136522756,1363.8272190320636,1.250305379787875,pp_forward,0,0,1,3,3,"48,52"
ar_l8_tp4_5_6_7,4,-1,100663296,100.663296,all_reduce,1304.9109640948627,1307.7265005565214,2.815536461658663,tp_all_reduce,8,1,-1,0,-1,"4,5,6,7"
ar_l9_tp4_5_6_7,4,-1,100663296,100.663296,all_reduce,1314.7561896720526,1317.5737179419716,2.8175282699189896,tp_all_reduce,9,1,-1,0,-1,"4,5,6,7"
ar_l10_tp4_5_6_7,4,-1,100663296,100.663296,all_reduce,1321.5236290239302,1324.3413765343619,2.817747510431623,tp_all_reduce,10,1,-1,0,-1,"4,5,6,7"
ar_l11_tp4_5_6_7,4,-1,100663296,100.663296,all_reduce,1331.2909620844332,1334.1054251553048,2.81446307087152,tp_all_reduce,11,1,-1,0,-1,"4,5,6,7"
ar_l12_tp4_5_6_7,4,-1,100663296,100.663296,all_reduce,1338.2399313328356,1341.057560270687,2.817628937851424,tp_all_reduce,12,1,-1,0,-1,"4,5,6,7"
ar_l13_tp4_5_6_7,4,-1,100663296,100.663296,all_reduce,1348.1484768843204,1350.9649039539627,2.8164270696422467,tp_all_reduce,13,1,-1,0,-1,"4,5,6,7"
ar_l14_tp4_5_6_7,4,-1,100663296,100.663296,all_reduce,1354.7316215085032,1357.5498844562403,2.818262947737127,tp_all_reduce,14,1,-1,0,-1,"4,5,6,7"
ar_l15_tp4_5_6_7,4,-1,100663296,100.663296,all_reduce,1364.6515024470964,1367.4684278908176,2.816925443721141,tp_all_reduce,15,1,-1,0,-1,"4,5,6,7"
ar_l8_tp20_21_22_23,20,-1,100663296,100.663296,all_reduce,1304.9109640948627,1307.7243287259828,2.813364631120141,tp_all_reduce,8,1,-1,1,-1,"20,21,22,23"
ar_l9_tp20_21_22_23,20,-1,100663296,100.663296,all_reduce,1314.681250156422,1317.494433021875,2.8131828654529567,tp_all_reduce,9,1,-1,1,-1,"20,21,22,23"
ar_l10_tp20_21_22_23,20,-1,100663296,100.663296,all_reduce,1321.20333595979,1324.020091304134,2.816755344344113,tp_all_reduce,10,1,-1,1,-1,"20,21,22,23"
ar_l11_tp20_21_22_23,20,-1,100663296,100.663296,all_reduce,1330.9180629254713,1333.730649664123,2.812586738651479,tp_all_reduce,11,1,-1,1,-1,"20,21,22,23"
ar_l12_tp20_21_22_23,20,-1,100663296,100.663296,all_reduce,1337.7596733961645,1340.5727108590997,2.813037462935153,tp_all_reduce,12,1,-1,1,-1,"20,21,22,23"
ar_l13_tp20_21_22_23,20,-1,100663296,100.663296,all_reduce,1347.9149914744116,1350.7334272390606,2.8184357646487967,tp_all_reduce,13,1,-1,1,-1,"20,21,22,23"
ar_l14_tp20_21_22_23,20,-1,100663296,100.663296,all_reduce,1354.6975554254766,1357.513914122208,2.81635869673158,tp_all_reduce,14,1,-1,1,-1,"20,21,22,23"
ar_l15_tp20_21_22_23,20,-1,100663296,100.663296,all_reduce,1364.8569968128174,1367.675103694477,2.81810688165951,tp_all_reduce,15,1,-1,1,-1,"20,21,22,23"
ar_l8_tp36_37_38_39,36,-1,100663296,100.663296,all_reduce,1304.9109640948627,1307.7254311299728,2.814467035110235,tp_all_reduce,8,1,-1,2,-1,"36,37,38,39"
ar_l9_tp36_37_38_39,36,-1,100663296,100.663296,all_reduce,1314.4891766930748,1317.3022881832042,2.8131114901293053,tp_all_reduce,9,1,-1,2,-1,"36,37,38,39"
ar_l10_tp36_37_38_39,36,-1,100663296,100.663296,all_reduce,1320.8909579756146,1323.7043662037095,2.81340822809506,tp_all_reduce,10,1,-1,2,-1,"36,37,38,39"
ar_l11_tp36_37_38_39,36,-1,100663296,100.663296,all_reduce,1331.1223035748746,1333.9379453318456,2.8156417569709102,tp_all_reduce,11,1,-1,2,-1,"36,37,38,39"
ar_l12_tp36_37_38_39,36,-1,100663296,100.663296,all_reduce,1337.8871259804757,1340.7003235789052,2.813197598429573,tp_all_reduce,12,1,-1,2,-1,"36,37,38,39"
ar_l13_tp36_37_38_39,36,-1,100663296,100.663296,all_reduce,1347.8827197344858,1350.69603804119,2.81331830670406,tp_all_reduce,13,1,-1,2,-1,"36,37,38,39"
ar_l14_tp36_37_38_39,36,-1,100663296,100.663296,all_reduce,1354.3780159162898,1357.1910121878277,2.812996271537971,tp_all_reduce,14,1,-1,2,-1,"36,37,38,39"
ar_l15_tp36_37_38_39,36,-1,100663296,100.663296,all_reduce,1364.54437642402,1367.361682155386,2.817305731366071,tp_all_reduce,15,1,-1,2,-1,"36,37,38,39"
ar_l8_tp52_53_54_55,52,-1,100663296,100.663296,all_reduce,1304.9109640948627,1307.7256205208341,2.8146564259714513,tp_all_reduce,8,1,-1,3,-1,"52,53,54,55"
ar_l9_tp52_53_54_55,52,-1,100663296,100.663296,all_reduce,1314.9391248531044,1317.7566868896367,2.817562036532273,tp_all_reduce,9,1,-1,3,-1,"52,53,54,55"
ar_l10_tp52_53_54_55,52,-1,100663296,100.663296,all_reduce,1321.2577034820504,1324.0709883338845,2.8132848518342968,tp_all_reduce,10,1,-1,3,-1,"52,53,54,55"
ar_l11_tp52_53_54_55,52,-1,100663296,100.663296,all_reduce,1331.1593893485942,1333.9742622167246,2.8148728681303137,tp_all_reduce,11,1,-1,3,-1,"52,53,54,55"
ar_l12_tp52_53_54_55,52,-1,100663296,100.663296,all_reduce,1337.9690296092836,1340.7833388085714,2.8143091992878233,tp_all_reduce,12,1,-1,3,-1,"52,53,54,55"
ar_l13_tp52_53_54_55,52,-1,100663296,100.663296,all_reduce,1348.1014760439978,1350.919813067674,2.8183370236762872,tp_all_reduce,13,1,-1,3,-1,"52,53,54,55"
ar_l14_tp52_53_54_55,52,-1,100663296,100.663296,all_reduce,1354.5447435879146,1357.3609356146649,2.8161920267502083,tp_all_reduce,14,1,-1,3,-1,"52,53,54,55"
ar_l15_tp52_53_54_55,52,-1,100663296,100.663296,all_reduce,1364.4537601897287,1367.2687107365896,2.8149505468608726,tp_all_reduce,15,1,-1,3,-1,"52,53,54,55"
p2p_bwd_mb10_s1_dp0,4,0,67108864,67.108864,p2p,1371.7250382177444,1372.9754704333332,1.250432215588848,pp_backward,1,1,0,0,0,"4,0"
p2p_bwd_mb10_s1_dp1,20,16,67108864,67.108864,p2p,1371.7250382177444,1372.9754704333332,1.250432215588848,pp_backward,1,1,0,1,1,"20,16"
p2p_bwd_mb10_s1_dp2,36,32,67108864,67.108864,p2p,1371.7250382177444,1372.9754704333332,1.250432215588848,pp_backward,1,1,0,2,2,"36,32"
p2p_bwd_mb10_s1_dp3,52,48,67108864,67.108864,p2p,1371.7250382177444,1372.9754704333332,1.250432215588848,pp_backward,1,1,0,3,3,"52,48"
ar_l16_tp8_9_10_11,8,-1,100663296,100.663296,all_reduce,1304.9109640948627,1307.7272402864305,2.81627619156799,tp_all_reduce,16,2,-1,0,-1,"8,9,10,11"
ar_l17_tp8_9_10_11,8,-1,100663296,100.663296,all_reduce,1308.0768883495805,1310.8920927365334,2.8152043869529297,tp_all_reduce,17,2,-1,0,-1,"8,9,10,11"
ar_l18_tp8_9_10_11,8,-1,100663296,100.663296,all_reduce,1311.5301689476803,1314.3479319629075,2.8177630152270705,tp_all_reduce,18,2,-1,0,-1,"8,9,10,11"
ar_l19_tp8_9_10_11,8,-1,100663296,100.663296,all_reduce,1315.0054339856674,1317.8239231078542,2.8184891221867403,tp_all_reduce,19,2,-1,0,-1,"8,9,10,11"
ar_l20_tp8_9_10_11,8,-1,100663296,100.663296,all_reduce,1318.2395640548493,1321.056392161047,2.816828106197544,tp_all_reduce,20,2,-1,0,-1,"8,9,10,11"
ar_l21_tp8_9_10_11,8,-1,100663296,100.663296,all_reduce,1321.6979325918471,1324.5142945802338,2.8163619883865287,tp_all_reduce,21,2,-1,0,-1,"8,9,10,11"
ar_l22_tp8_9_10_11,8,-1,100663296,100.663296,all_reduce,1324.9100286872879,1327.7226166163762,2.8125879290883393,tp_all_reduce,22,2,-1,0,-1,"8,9,10,11"
ar_l23_tp8_9_10_11,8,-1,100663296,100.663296,all_reduce,1328.0984402885656,1330.9137782168125,2.8153379282469526,tp_all_reduce,23,2,-1,0,-1,"8,9,10,11"
ar_l16_tp24_25_26_27,24,-1,100663296,100.663296,all_reduce,1304.9109640948627,1307.7253086449703,2.8143445501076503,tp_all_reduce,16,2,-1,1,-1,"24,25,26,27"
ar_l17_tp24_25_26_27,24,-1,100663296,100.663296,all_reduce,1308.0699085356416,1310.888377764168,2.8184692285264656,tp_all_reduce,17,2,-1,1,-1,"24,25,26,27"
ar_l18_tp24_25_26_27,24,-1,100663296,100.663296,all_reduce,1311.2272441480156,1314.0446902781373,2.8174461301215814,tp_all_reduce,18,2,-1,1,-1,"24,25,26,27"
ar_l19_tp24_25_26_27,24,-1,100663296,100.663296,all_reduce,1314.4929420958401,1317.3103009359331,2.8173588400928207,tp_all_reduce,19,2,-1,1,-1,"24,25,26,27"
ar_l20_tp24_25_26_27,24,-1,100663296,100.663296,all_reduce,1317.8993065386228,1320.7144847222871,2.8151781836642797,tp_all_reduce,20,2,-1,1,-1,"24,25,26,27"
ar_l21_tp24_25_26_27,24,-1,100663296,100.663296,all_reduce,1321.1164824443201,1323.9304971869183,2.8140147425981255,tp_all_reduce,21,2,-1,1,-1,"24,25,26,27"
ar_l22_tp24_25_26_27,24,-1,100663296,100.663296,all_reduce,1324.2658787539099,1327.0838929468232,2.8180141929132763,tp_all_reduce,22,2,-1,1,-1,"24,25,26,27"
ar_l23_tp24_25_26_27,24,-1,100663296,100.663296,all_reduce,1327.6229135205904,1330.4365853668965,2.8136718463060983,tp_all_reduce,23,2,-1,1,-1,"24,25,26,27"
ar_l16_tp40_41_42_43,40,-1,100663296,100.663296,all_reduce,1304.9109640948627,1307.7252282672707,2.814264172408043,tp_all_reduce,16,2,-1,2,-1,"40,41,42,43"
ar_l17_tp40_41_42_43,40,-1,100663296,100.663296,all_reduce,1308.0965480280456,1310.910632832554,2.814084804508399,tp_all_reduce,17,2,-1,2,-1,"40,41,42,43"
ar_l18_tp40_41_42_43,40,-1,100663296,100.663296,all_reduce,1311.5340908859619,1314.3475748812932,2.813483995331323,tp_all_reduce,18,2,-1,2,-1,"40,41,42,43"
ar_l19_tp40_41_42_43,40,-1,100663296,100.663296,all_reduce,1314.985662495325,1317.8010573429226,2.815394847597741,tp_all_reduce,19,2,-1,2,-1,"40,41,42,43"
ar_l20_tp40_41_42_43,40,-1,100663296,100.663296,all_reduce,1318.345693298326,1321.1594292682707,2.8137359699447195,tp_all_reduce,20,2,-1,2,-1,"40,41,42,43"
ar_l21_tp40_41_42_43,40,-1,100663296,100.663296,all_reduce,1321.823309770303,1324.639516447211,2.816206676908184,tp_all_reduce,21,2,-1,2,-1,"40,41,42,43"
ar_l22_tp40_41_42_43,40,-1,100663296,100.663296,all_reduce,1325.0446521372905,1327.8603456397104,2.815693502419947,tp_all_reduce,22,2,-1,2,-1,"40,41,42,43"
ar_l23_tp40_41_42_43,40,-1,100663296,100.663296,all_reduce,1328.4104846577713,1331.224852276793,2.8143676190215405,tp_all_reduce,23,2,-1,2,-1,"40,41,42,43"
ar_l16_tp56_57_58_59,56,-1,100663296,100.663296,all_reduce,1304.9109640948627,1307.7235915228014,2.812627427938752,tp_all_reduce,16,2,-1,3,-1,"56,57,58,59"
ar_l17_tp56_57_58_59,56,-1,100663296,100.663296,all_reduce,1308.3081437792732,1311.1225097435913,2.814365964318055,tp_all_reduce,17,2,-1,3,-1,"56,57,58,59"
ar_l18_tp56_57_58_59,56,-1,100663296,100.663296,all_reduce,1311.5419904433902,1314.3605077268369,2.818517283446731,tp_all_reduce,18,2,-1,3,-1,"56,57,58,59"
ar_l19_tp56_57_58_59,56,-1,100663296,100.663296,all_reduce,1314.969398974077,1317.7851111300247,2.8157121559477805,tp_all_reduce,19,2,-1,3,-1,"56,57,58,59"
ar_l20_tp56_57_58_59,56,-1,100663296,100.663296,all_reduce,1318.227816207554,1321.0423026678393,2.8144864602852593,tp_all_reduce,20,2,-1,3,-1,"56,57,58,59"
ar_l21_tp56_57_58_59,56,-1,100663296,100.663296,all_reduce,1321.3956520569463,1324.2086027164235,2.812950659477176,tp_all_reduce,21,2,-1,3,-1,"56,57,58,59"
ar_l22_tp56_57_58_59,56,-1,100663296,100.663296,all_reduce,1324.619243081305,1327.4330614984672,2.813818417161995,tp_all_reduce,22,2,-1,3,-1,"56,57,58,59"
ar_l23_tp56_57_58_59,56,-1,100663296,100.663296,all_reduce,1327.8692058016352,1330.6869625426289,2.8177567409934934,tp_all_reduce,23,2,-1,3,-1,"56,57,58,59"
p2p_fwd_mb12_s2_dp0,8,12,67108864,67.108864,p2p,1331.7898050620709,1333.0400321691511,1.2502271070802262,pp_forward,2,2,3,0,0,"8,12"
p2p_fwd_mb12_s2_dp1,24,28,67108864,67.108864,p2p,1331.7898050620709,1333.0400321691511,1.2502271070802262,pp_forward,2,2,3,1,1,"24,28"
p2p_fwd_mb12_s2_dp2,40,44,67108864,67.108864,p2p,1331.7898050620709,1333.0400321691511,1.2502271070802262,pp_forward,2,2,3,2,2,"40,44"
p2p_fwd_mb12_s2_dp3,56,60,67108864,67.108864,p2p,1331.7898050620709,1333.0400321691511,1.2502271070802262,pp_forward,2,2,3,3,3,"56,60"
ar_l24_tp12_13_14_15,12,-1,100663296,100.663296,all_reduce,1266.5341355256544,1269.3490225083517,2.8148869826973844,tp_all_reduce,24,3,-1,0,-1,"12,13,14,15"
ar_l25_tp12_13_14_15,12,-1,100663296,100.663296,all_reduce,1276.5086621877397,1279.3260291802778,2.817366992538206,tp_all_reduce,25,3,-1,0,-1,"12,13,14,15"
ar_l26_tp12_13_14_15,12,-1,100663296,100.663296,all_reduce,1283.1425576375589,1285.9563813617108,2.8138237241519537,tp_all_reduce,26,3,-1,0,-1,"12,13,14,15"
ar_l27_tp12_13_14_15,12,-1,100663296,100.663296,all_reduce,1293.207129916608,1296.0201806772125,2.813050760604563,tp_all_reduce,27,3,-1,0,-1,"12,13,14,15"
ar_l28_tp12_13_14_15,12,-1,100663296,100.663296,all_reduce,1299.6867536752607,1302.4999343861648,2.813180710903973,tp_all_reduce,28,3,-1,0,-1,"12,13,14,15"
ar_l29_tp12_13_14_15,12,-1,100663296,100.663296,all_reduce,1309.4724267417118,1312.2906536412609,2.8182268995489146,tp_all_reduce,29,3,-1,0,-1,"12,13,14,15"
ar_l30_tp12_13_14_15,12,-1,100663296,100.663296,all_reduce,1315.7874017115216,1318.6038533849878,2.816451673466114,tp_all_reduce,30,3,-1,0,-1,"12,13,14,15"
ar_l31_tp12_13_14_15,12,-1,100663296,100.663296,all_reduce,1326.0281917875047,1328.8463683749837,2.818176587479071,tp_all_reduce,31,3,-1,0,-1,"12,13,14,15"
ar_l24_tp28_29_30_31,28,-1,100663296,100.663296,all_reduce,1266.5341355256544,1269.3521029115227,2.8179673858683696,tp_all_reduce,24,3,-1,1,-1,"28,29,30,31"
ar_l25_tp28_29_30_31,28,-1,100663296,100.663296,all_reduce,1276.2345679757193,1279.0491982446372,2.814630268918039,tp_all_reduce,25,3,-1,1,-1,"28,29,30,31"
ar_l26_tp28_29_30_31,28,-1,100663296,100.663296,all_reduce,1282.621375002962,1285.4392194237716,2.8178444208095677,tp_all_reduce,26,3,-1,1,-1,"28,29,30,31"
ar_l27_tp28_29_30_31,28,-1,100663296,100.663296,all_reduce,1292.824599766938,1295.6398260618644,2.815226294926365,tp_all_reduce,27,3,-1,1,-1,"28,29,30,31"
ar_l28_tp28_29_30_31,28,-1,100663296,100.663296,all_reduce,1299.4581664008558,1302.2712787196926,2.8131123188368523,tp_all_reduce,28,3,-1,1,-1,"28,29,30,31"
ar_l29_tp28_29_30_31,28,-1,100663296,100.663296,all_reduce,1309.5516437510848,1312.3696645179086,2.8180207668238033,tp_all_reduce,29,3,-1,1,-1,"28,29,30,31"
ar_l30_tp28_29_30_31,28,-1,100663296,100.663296,all_reduce,1316.389118821105,1319.2032096090088,2.8140907879037336,tp_all_reduce,30,3,-1,1,-1,"28,29,30,31"
ar_l31_tp28_29_30_31,28,-1,100663296,100.663296,all_reduce,1326.2350880460142,1329.0516807608285,2.816592714814492,tp_all_reduce,31,3,-1,1,-1,"28,29,30,31"
ar_l24_tp44_45_46_47,44,-1,100663296,100.663296,all_reduce,1266.5341355256544,1269.3480097247846,2.813874199130151,tp_all_reduce,24,3,-1,2,-1,"44,45,46,47"
ar_l25_tp44_45_46_47,44,-1,100663296,100.663296,all_reduce,1276.2052921794998,1279.0199675562872,2.814675376787479,tp_all_reduce,25,3,-1,2,-1,"44,45,46,47"
ar_l26_tp44_45_46_47,44,-1,100663296,100.663296,all_reduce,1283.0770451564247,1285.8908680945729,2.813822938148247,tp_all_reduce,26,3,-1,2,-1,"44,45,46,47"
ar_l27_tp44_45_46_47,44,-1,100663296,100.663296,all_reduce,1292.65099098534,1295.4645501438595,2.813559158519441,tp_all_reduce,27,3,-1,2,-1,"44,45,46,47"
ar_l28_tp44_45_46_47,44,-1,100663296,100.663296,all_reduce,1299.3465744950627,1302.159610975724,2.813036480661335,tp_all_reduce,28,3,-1,2,-1,"44,45,46,47"
ar_l29_tp44_45_46_47,44,-1,100663296,100.663296,all_reduce,1309.2401261779019,1312.053613335054,2.813487157152128,tp_all_reduce,29,3,-1,2,-1,"44,45,46,47"
ar_l30_tp44_45_46_47,44,-1,100663296,100.663296,all_reduce,1315.582986087355,1318.3966857674511,2.813699680096038,tp_all_reduce,30,3,-1,2,-1,"44,45,46,47"
ar_l31_tp44_45_46_47,44,-1,100663296,100.663296,all_reduce,1325.6708929922024,1328.4878865822802,2.816993590077699,tp_all_reduce,31,3,-1,2,-1,"44,45,46,47"
ar_l24_tp60_61_62_63,60,-1,100663296,100.663296,all_reduce,1266.5341355256544,1269.348425645831,2.8142901201766435,tp_all_reduce,24,3,-1,3,-1,"60,61,62,63"
ar_l25_tp60_61_62_63,60,-1,100663296,100.663296,all_reduce,1276.6186751446103,1279.4357332226573,2.8170580780471077,tp_all_reduce,25,3,-1,3,-1,"60,61,62,63"
ar_l26_tp60_61_62_63,60,-1,100663296,100.663296,all_reduce,1283.4109011495905,1286.223756884686,2.8128557350957095,tp_all_reduce,26,3,-1,3,-1,"60,61,62,63"
ar_l27_tp60_61_62_63,60,-1,100663296,100.663296,all_reduce,1293.523655070658,1296.341716286462,2.8180612158041907,tp_all_reduce,27,3,-1,3,-1,"60,61,62,63"
ar_l28_tp60_61_62_63,60,-1,100663296,100.663296,all_reduce,1300.0138136238604,1302.8271683528317,2.8133547289712624,tp_all_reduce,28,3,-1,3,-1,"60,61,62,63"
ar_l29_tp60_61_62_63,60,-1,100663296,100.663296,all_reduce,1309.836212520213,1312.6502733271502,2.8140608069371353,tp_all_reduce,29,3,-1,3,-1,"60,61,62,63"
ar_l30_tp60_61_62_63,60,-1,100663296,100.663296,all_reduce,1316.4761783353936,1319.291334793133,2.815156457739443,tp_all_reduce,30,3,-1,3,-1,"60,61,62,63"
ar_l31_tp60_61_62_63,60,-1,100663296,100.663296,all_reduce,1326.6023956733004,1329.419170673063,2.816774999762739,tp_all_reduce,31,3,-1,3,-1,"60,61,62,63"
p2p_bwd_mb11_s3_dp0,12,8,67108864,67.108864,p2p,1339.7743862953105,1341.0247734698698,1.2503871745594974,pp_backward,3,3,2,0,0,"12,8"
p2p_bwd_mb11_s3_dp1,28,24,67108864,67.108864,p2p,1339.7743862953105,1341.0247734698698,1.2503871745594974,pp_backward,3,3,2,1,1,"28,24"
p2p_bwd_mb11_s3_dp2,44,40,67108864,67.108864,p2p,1339.7743862953105,1341.0247734698698,1.2503871745594974,pp_backward,3,3,2,2,2,"44,40"
p2p_bwd_mb11_s3_dp3,60,56,67108864,67.108864,p2p,1339.7743862953105,1341.0247734698698,1.2503871745594974,pp_backward,3,3,2,3,3,"60,56"
ar_l0_tp0_1_2_3,0,-1,100663296,100.663296,all_reduce,1373.0737489693597,1375.8897182122255,2.815969242865757,tp_all_reduce,0,0,-1,0,-1,"0,1,2,3"
ar_l1_tp0_1_2_3,0,-1,100663296,100.663296,all_reduce,1382.9643274741509,1385.78253444487,2.818206970719217,tp_all_reduce,1,0,-1,0,-1,"0,1,2,3"
ar_l2_tp0_1_2_3,0,-1,100663296,100.663296,all_reduce,1389.5853232285838,1392.4000808612393,2.8147576326555956,tp_all_reduce,2,0,-1,0,-1,"0,1,2,3"
ar_l3_tp0_1_2_3,0,-1,100663296,100.663296,all_reduce,1399.486673189302,1402.300239746859,2.8135665575568236,tp_all_reduce,3,0,-1,0,-1,"0,1,2,3"
ar_l4_tp0_1_2_3,0,-1,100663296,100.663296,all_reduce,1406.279980810834,1409.0943171259837,2.8143363151496015,tp_all_reduce,4,0,-1,0,-1,"0,1,2,3"
ar_l5_tp0_1_2_3,0,-1,100663296,100.663296,all_reduce,1416.3911612890038,1419.2062809357428,2.815119646739195,tp_all_reduce,5,0,-1,0,-1,"0,1,2,3"
ar_l6_tp0_1_2_3,0,-1,100663296,100.663296,all_reduce,1422.7277401634183,1425.5432978704582,2.815557707040117,tp_all_reduce,6,0,-1,0,-1,"0,1,2,3"
ar_l7_tp0_1_2_3,0,-1,100663296,100.663296,all_reduce,1432.6397393294865,1435.4545728049736,2.8148334754871662,tp_all_reduce,7,0,-1,0,-1,"0,1,2,3"
ar_l0_tp16_17_18_19,16,-1,100663296,100.663296,all_reduce,1373.0730274400498,1375.8910391808722,2.8180117408225236,tp_all_reduce,0,0,-1,1,-1,"16,17,18,19"
ar_l1_tp16_17_18_19,16,-1,100663296,100.663296,all_reduce,1383.0641658629108,1385.881446394011,2.817280531100197,tp_all_reduce,1,0,-1,1,-1,"16,17,18,19"
ar_l2_tp16_17_18_19,16,-1,100663296,100.663296,all_reduce,1389.5809810348242,1392.3981941213742,2.81721308655003,tp_all_reduce,2,0,-1,1,-1,"16,17,18,19"
ar_l3_tp16_17_18_19,16,-1,100663296,100.663296,all_reduce,1399.7230661858046,1402.539751128731,2.8166849429263063,tp_all_reduce,3,0,-1,1,-1,"16,17,18,19"
ar_l4_tp16_17_18_19,16,-1,100663296,100.663296,all_reduce,1406.6506113254143,1409.4660029446682,2.8153916192539263,tp_all_reduce,4,0,-1,1,-1,"16,17,18,19"
ar_l5_tp16_17_18_19,16,-1,100663296,100.663296,all_reduce,1416.2627089982686,1419.0796208995203,2.816911901251551,tp_all_reduce,5,0,-1,1,-1,"16,17,18,19"
ar_l6_tp16_17_18_19,16,-1,100663296,100.663296,all_reduce,1422.6553956257565,1425.4730926617167,2.8176970359603537,tp_all_reduce,6,0,-1,1,-1,"16,17,18,19"
ar_l7_tp16_17_18_19,16,-1,100663296,100.663296,all_reduce,1432.4803124980403,1435.2944182206388,2.8141057225985477,tp_all_reduce,7,0,-1,1,-1,"16,17,18,19"
ar_l0_tp32_33_34_35,32,-1,100663296,100.663296,all_reduce,1373.0742271679344,1375.8899569426671,2.815729774732878,tp_all_reduce,0,0,-1,2,-1,"32,33,34,35"
ar_l1_tp32_33_34_35,32,-1,100663296,100.663296,all_reduce,1382.7839756666363,1385.5988311599806,2.8148554933442593,tp_all_reduce,1,0,-1,2,-1,"32,33,34,35"
ar_l2_tp32_33_34_35,32,-1,100663296,100.663296,all_reduce,1389.7125548825645,1392.5287865106648,2.8162316281001853,tp_all_reduce,2,0,-1,2,-1,"32,33,34,35"
ar_l3_tp32_33_34_35,32,-1,100663296,100.663296,all_reduce,1399.7486908426727,1402.566842120979,2.8181512783063134,tp_all_reduce,3,0,-1,2,-1,"32,33,34,35"
ar_l4_tp32_33_34_35,32,-1,100663296,100.663296,all_reduce,1406.5057758591438,1409.3236067565522,2.817830897408502,tp_all_reduce,4,0,-1,2,-1,"32,33,34,35"
ar_l5_tp32_33_34_35,32,-1,100663296,100.663296,all_reduce,1416.4712301285308,1419.2842515320294,2.8130214034987056,tp_all_reduce,5,0,-1,2,-1,"32,33,34,35"
ar_l6_tp32_33_34_35,32,-1,100663296,100.663296,all_reduce,1423.408774421601,1426.2266371585165,2.817862736915311,tp_all_reduce,6,0,-1,2,-1,"32,33,34,35"
ar_l7_tp32_33_34_35,32,-1,100663296,100.663296,all_reduce,1433.2858206516871,1436.1037916252558,2.8179709735685066,tp_all_reduce,7,0,-1,2,-1,"32,33,34,35"
ar_l0_tp48_49_50_51,48,-1,100663296,100.663296,all_reduce,1373.0722859086795,1375.8861541936633,2.813868284983867,tp_all_reduce,0,0,-1,3,-1,"48,49,50,51"
ar_l1_tp48_49_50_51,48,-1,100663296,100.663296,all_reduce,1383.0211187149723,1385.8393163906499,2.8181976756775917,tp_all_reduce,1,0,-1,3,-1,"48,49,50,51"
ar_l2_tp48_49_50_51,48,-1,100663296,100.663296,all_reduce,1389.5641084971842,1392.3817278957997,2.8176193986155784,tp_all_reduce,2,0,-1,3,-1,"48,49,50,51"
ar_l3_tp48_49_50_51,48,-1,100663296,100.663296,all_reduce,1399.8119208692929,1402.6284433893313,2.816522520038278,tp_all_reduce,3,0,-1,3,-1,"48,49,50,51"
ar_l4_tp48_49_50_51,48,-1,100663296,100.663296,all_reduce,1406.2054811929054,1409.0223335217156,2.8168523288101266,tp_all_reduce,4,0,-1,3,-1,"48,49,50,51"
ar_l5_tp48_49_50_51,48,-1,100663296,100.663296,all_reduce,1416.1544647253845,1418.972878692464,2.8184139670794917,tp_all_reduce,5,0,-1,3,-1,"48,49,50,51"
ar_l6_tp48_49_50_51,48,-1,100663296,100.663296,all_reduce,1423.0422608704098,1425.8597899767997,2.817529106389882,tp_all_reduce,6,0,-1,3,-1,"48,49,50,51"
ar_l7_tp48_49_50_51,48,-1,100663296,100.663296,all_reduce,1433.0376168594125,1435.8541160910913,2.816499231678815,tp_all_reduce,7,0,-1,3,-1,"48,49,50,51"
ar_l8_tp4_5_6_7,4,-1,100663296,100.663296,all_reduce,1372.9754704333332,1375.7899474358337,2.8144770025004817,tp_all_reduce,8,1,-1,0,-1,"4,5,6,7"
ar_l9_tp4_5_6_7,4,-1,100663296,100.663296,all_reduce,1376.2123978478214,1379.0304378311364,2.8180399833150904,tp_all_reduce,9,1,-1,0,-1,"4,5,6,7"
ar_l10_tp4_5_6_7,4,-1,100663296,100.663296,all_reduce,1379.3936991473345,1382.2111635960557,2.8174644487211076,tp_all_reduce,10,1,-1,0,-1,"4,5,6,7"
ar_l11_tp4_5_6_7,4,-1,100663296,100.663296,all_reduce,1382.5647257883572,1385.3806784021656,2.8159526138082924,tp_all_reduce,11,1,-1,0,-1,"4,5,6,7"
ar_l12_tp4_5_6_7,4,-1,100663296,100.663296,all_reduce,1385.841058855423,1388.6572795623492,2.816220706926442,tp_all_reduce,12,1,-1,0,-1,"4,5,6,7"
ar_l13_tp4_5_6_7,4,-1,100663296,100.663296,all_reduce,1389.0607870473737,1391.8783531031459,2.8175660557721027,tp_all_reduce,13,1,-1,0,-1,"4,5,6,7"
ar_l14_tp4_5_6_7,4,-1,100663296,100.663296,all_reduce,1392.2778594139616,1395.0946571303036,2.8167977163420233,tp_all_reduce,14,1,-1,0,-1,"4,5,6,7"
ar_l15_tp4_5_6_7,4,-1,100663296,100.663296,all_reduce,1395.5535155565387,1398.3695314384925,2.816015881953682,tp_all_reduce,15,1,-1,0,-1,"4,5,6,7"
ar_l8_tp20_21_22_23,20,-1,100663296,100.663296,all_reduce,1372.9754704333332,1375.7882907188475,2.812820285514217,tp_all_reduce,8,1,-1,1,-1,"20,21,22,23"
ar_l9_tp20_21_22_23,20,-1,100663296,100.663296,all_reduce,1376.2772559066648,1379.0909236053944,2.813667698729816,tp_all_reduce,9,1,-1,1,-1,"20,21,22,23"
ar_l10_tp20_21_22_23,20,-1,100663296,100.663296,all_reduce,1379.4768918429008,1382.292731757905,2.8158399150042257,tp_all_reduce,10,1,-1,1,-1,"20,21,22,23"
ar_l11_tp20_21_22_23,20,-1,100663296,100.663296,all_reduce,1382.642355476506,1385.4589236456204,2.816568169114353,tp_all_reduce,11,1,-1,1,-1,"20,21,22,23"
ar_l12_tp20_21_22_23,20,-1,100663296,100.663296,all_reduce,1385.8383092113559,1388.651662684944,2.8133534735883536,tp_all_reduce,12,1,-1,1,-1,"20,21,22,23"
ar_l13_tp20_21_22_23,20,-1,100663296,100.663296,all_reduce,1389.30620876803,1392.1227238149456,2.816515046915491,tp_all_reduce,13,1,-1,1,-1,"20,21,22,23"
ar_l14_tp20_21_22_23,20,-1,100663296,100.663296,all_reduce,1392.6711401515909,1395.4887754204644,2.817635268873575,tp_all_reduce,14,1,-1,1,-1,"20,21,22,23"
ar_l15_tp20_21_22_23,20,-1,100663296,100.663296,all_reduce,1395.8785841738968,1398.694840398442,2.8162562245452882,tp_all_reduce,15,1,-1,1,-1,"20,21,22,23"
ar_l8_tp36_37_38_39,36,-1,100663296,100.663296,all_reduce,1372.9754704333332,1375.7930450160768,2.817574582743676,tp_all_reduce,8,1,-1,2,-1,"36,37,38,39"
ar_l9_tp36_37_38_39,36,-1,100663296,100.663296,all_reduce,1376.1807974814965,1378.994409913424,2.81361243192757,tp_all_reduce,9,1,-1,2,-1,"36,37,38,39"
ar_l10_tp36_37_38_39,36,-1,100663296,100.663296,all_reduce,1379.5585082688917,1382.3758033550453,2.8172950861535817,tp_all_reduce,10,1,-1,2,-1,"36,37,38,39"
ar_l11_tp36_37_38_39,36,-1,100663296,100.663296,all_reduce,1382.771372758232,1385.587191313084,2.815818554852134,tp_all_reduce,11,1,-1,2,-1,"36,37,38,39"
ar_l12_tp36_37_38_39,36,-1,100663296,100.663296,all_reduce,1386.0664639344825,1388.8800165992172,2.8135526647348197,tp_all_reduce,12,1,-1,2,-1,"36,37,38,39"
ar_l13_tp36_37_38_39,36,-1,100663296,100.663296,all_reduce,1389.5399820029006,1392.358199766662,2.8182177637614547,tp_all_reduce,13,1,-1,2,-1,"36,37,38,39"
ar_l14_tp36_37_38_39,36,-1,100663296,100.663296,all_reduce,1392.828271785364,1395.643729253255,2.815457467891136,tp_all_reduce,14,1,-1,2,-1,"36,37,38,39"
ar_l15_tp36_37_38_39,36,-1,100663296,100.663296,all_reduce,1396.1908816207233,1399.0039236978328,2.8130420771093068,tp_all_reduce,15,1,-1,2,-1,"36,37,38,39"
ar_l8_tp52_53_54_55,52,-1,100663296,100.663296,all_reduce,1372.9754704333332,1375.7885912966165,2.813120863283336,tp_all_reduce,8,1,-1,3,-1,"52,53,54,55"
ar_l9_tp52_53_54_55,52,-1,100663296,100.663296,all_reduce,1376.1651193659307,1378.9829509139242,2.8178315479936433,tp_all_reduce,9,1,-1,3,-1,"52,53,54,55"
ar_l10_tp52_53_54_55,52,-1,100663296,100.663296,all_reduce,1379.4078772987,1382.2225270912943,2.8146497925942704,tp_all_reduce,10,1,-1,3,-1,"52,53,54,55"
ar_l11_tp52_53_54_55,52,-1,100663296,100.663296,all_reduce,1382.8208487727459,1385.6340541455743,2.8132053728284756,tp_all_reduce,11,1,-1,3,-1,"52,53,54,55"
ar_l12_tp52_53_54_55,52,-1,100663296,100.663296,all_reduce,1386.2883272464217,1389.1032105392187,2.814883292796999,tp_all_reduce,12,1,-1,3,-1,"52,53,54,55"
ar_l13_tp52_53_54_55,52,-1,100663296,100.663296,all_reduce,1389.5791788993947,1392.3967002111644,2.8175213117695996,tp_all_reduce,13,1,-1,3,-1,"52,53,54,55"
ar_l14_tp52_53_54_55,52,-1,100663296,100.663296,all_reduce,1392.7405155177714,1395.5532142726543,2.812698754882881,tp_all_reduce,14,1,-1,3,-1,"52,53,54,55"
ar_l15_tp52_53_54_55,52,-1,100663296,100.663296,all_reduce,1395.9101417523896,1398.7283662104678,2.8182244580783333,tp_all_reduce,15,1,-1,3,-1,"52,53,54,55"
p2p_fwd_mb13_s1_dp0,4,8,67108864,67.108864,p2p,1399.440736383775,1400.6934431876525,1.252706803877679,pp_forward,1,1,2,0,0,"4,8"
p2p_fwd_mb13_s1_dp1,20,24,67108864,67.108864,p2p,1399.440736383775,1400.6934431876525,1.252706803877679,pp_forward,1,1,2,1,1,"20,24"
p2p_fwd_mb13_s1_dp2,36,40,67108864,67.108864,p2p,1399.440736383775,1400.6934431876525,1.252706803877679,pp_forward,1,1,2,2,2,"36,40"
p2p_fwd_mb13_s1_dp3,52,56,67108864,67.108864,p2p,1399.440736383775,1400.6934431876525,1.252706803877679,pp_forward,1,1,2,3,3,"52,56"
ar_l16_tp8_9_10_11,8,-1,100663296,100.663296,all_reduce,1341.0247734698698,1343.839383125866,2.8146096559962253,tp_all_reduce,16,2,-1,0,-1,"8,9,10,11"
ar_l17_tp8_9_10_11,8,-1,100663296,100.663296,all_reduce,1351.299837034866,1354.1154665640063,2.8156295291403843,tp_all_reduce,17,2,-1,0,-1,"8,9,10,11"
ar_l18_tp8_9_10_11,8,-1,100663296,100.663296,all_reduce,1357.9530309226805,1360.7670444711055,2.8140135484251427,tp_all_reduce,18,2,-1,0,-1,"8,9,10,11"
ar_l19_tp8_9_10_11,8,-1,100663296,100.663296,all_reduce,1367.625196167502,1370.438105882114,2.8129097146118998,tp_all_reduce,19,2,-1,0,-1,"8,9,10,11"
ar_l20_tp8_9_10_11,8,-1,100663296,100.663296,all_reduce,1374.4430553710883,1377.2563118662156,2.8132564951273142,tp_all_reduce,20,2,-1,0,-1,"8,9,10,11"
ar_l21_tp8_9_10_11,8,-1,100663296,100.663296,all_reduce,1384.342548787427,1387.1576299294534,2.815081142026443,tp_all_reduce,21,2,-1,0,-1,"8,9,10,11"
ar_l22_tp8_9_10_11,8,-1,100663296,100.663296,all_reduce,1390.6435181926222,1393.4585508329235,2.8150326403013626,tp_all_reduce,22,2,-1,0,-1,"8,9,10,11"
ar_l23_tp8_9_10_11,8,-1,100663296,100.663296,all_reduce,1400.8255195478048,1403.638526856741,2.8130073089362995,tp_all_reduce,23,2,-1,0,-1,"8,9,10,11"
ar_l16_tp24_25_26_27,24,-1,100663296,100.663296,all_reduce,1341.0247734698698,1343.8386674693027,2.8138939994326595,tp_all_reduce,16,2,-1,1,-1,"24,25,26,27"
ar_l17_tp24_25_26_27,24,-1,100663296,100.663296,all_reduce,1350.8544517482062,1353.668575529686,2.814123781479827,tp_all_reduce,17,2,-1,1,-1,"24,25,26,27"
ar_l18_tp24_25_26_27,24,-1,100663296,100.663296,all_reduce,1357.521625905763,1360.337328547179,2.8157026414159514,tp_all_reduce,18,2,-1,1,-1,"24,25,26,27"
ar_l19_tp24_25_26_27,24,-1,100663296,100.663296,all_reduce,1367.629793767267,1370.442981451426,2.8131876841590575,tp_all_reduce,19,2,-1,1,-1,"24,25,26,27"
ar_l20_tp24_25_26_27,24,-1,100663296,100.663296,all_reduce,1374.5841030607655,1377.4000896313396,2.815986570574136,tp_all_reduce,20,2,-1,1,-1,"24,25,26,27"
ar_l21_tp24_25_26_27,24,-1,100663296,100.663296,all_reduce,1384.5441668867059,1387.3588402738346,2.8146733871288188,tp_all_reduce,21,2,-1,1,-1,"24,25,26,27"
ar_l22_tp24_25_26_27,24,-1,100663296,100.663296,all_reduce,1390.8815024737132,1393.6996907327195,2.818188259006149,tp_all_reduce,22,2,-1,1,-1,"24,25,26,27"
ar_l23_tp24_25_26_27,24,-1,100663296,100.663296,all_reduce,1400.7747632783903,1403.593003566095,2.8182402877046098,tp_all_reduce,23,2,-1,1,-1,"24,25,26,27"
ar_l16_tp40_41_42_43,40,-1,100663296,100.663296,all_reduce,1341.0247734698698,1343.838803434843,2.8140299649730416,tp_all_reduce,16,2,-1,2,-1,"40,41,42,43"
ar_l17_tp40_41_42_43,40,-1,100663296,100.663296,all_reduce,1350.7813170317165,1353.596397070009,2.815080038292672,tp_all_reduce,17,2,-1,2,-1,"40,41,42,43"
ar_l18_tp40_41_42_43,40,-1,100663296,100.663296,all_reduce,1357.3340475647606,1360.1502312799546,2.8161837151938762,tp_all_reduce,18,2,-1,2,-1,"40,41,42,43"
ar_l19_tp40_41_42_43,40,-1,100663296,100.663296,all_reduce,1367.2701825077113,1370.084349888967,2.8141673812556167,tp_all_reduce,19,2,-1,2,-1,"40,41,42,43"
ar_l20_tp40_41_42_43,40,-1,100663296,100.663296,all_reduce,1373.6300135411889,1376.4443295573508,2.8143160161617775,tp_all_reduce,20,2,-1,2,-1,"40,41,42,43"
ar_l21_tp40_41_42_43,40,-1,100663296,100.663296,all_reduce,1383.645185912499,1386.4602211308718,2.8150352183726746,tp_all_reduce,21,2,-1,2,-1,"40,41,42,43"
ar_l22_tp40_41_42_43,40,-1,100663296,100.663296,all_reduce,1390.4465958788323,1393.264145120745,2.817549241912687,tp_all_reduce,22,2,-1,2,-1,"40,41,42,43"
ar_l23_tp40_41_42_43,40,-1,100663296,100.663296,all_reduce,1400.028275875177,1402.8425773817528,2.8143015065758004,tp_all_reduce,23,2,-1,2,-1,"40,41,42,43"
ar_l16_tp56_57_58_59,56,-1,100663296,100.663296,all_reduce,1341.0247734698698,1343.842932235296,2.8181587654261264,tp_all_reduce,16,2,-1,3,-1,"56,57,58,59"
ar_l17_tp56_57_58_59,56,-1,100663296,100.663296,all_reduce,1351.267404192664,1354.0841130269719,2.816708834307846,tp_all_reduce,17,2,-1,3,-1,"56,57,58,59"
ar_l18_tp56_57_58_59,56,-1,100663296,100.663296,all_reduce,1358.1748623381845,1360.9888279276558,2.8139655894712234,tp_all_reduce,18,2,-1,3,-1,"56,57,58,59"
ar_l19_tp56_57_58_59,56,-1,100663296,100.663296,all_reduce,1368.0875712647726,1370.905342261391,2.817770996618396,tp_all_reduce,19,2,-1,3,-1,"56,57,58,59"
ar_l20_tp56_57_58_59,56,-1,100663296,100.663296,all_reduce,1374.6065342747104,1377.4230376747942,2.8165034000837696,tp_all_reduce,20,2,-1,3,-1,"56,57,58,59"
ar_l21_tp56_57_58_59,56,-1,100663296,100.663296,all_reduce,1384.6218358382366,1387.4368411475189,2.815005309282137,tp_all_reduce,21,2,-1,3,-1,"56,57,58,59"
ar_l22_tp56_57_58_59,56,-1,100663296,100.663296,all_reduce,1391.4353697384988,1394.24951542428,2.8141456857810887,tp_all_reduce,22,2,-1,3,-1,"56,57,58,59"
ar_l23_tp56_57_58_59,56,-1,100663296,100.663296,all_reduce,1401.249248561098,1404.0632261063154,2.8139775452171722,tp_all_reduce,23,2,-1,3,-1,"56,57,58,59"
p2p_bwd_mb11_s2_dp0,8,4,67108864,67.108864,p2p,1408.1176650218829,1409.3695021090812,1.2518370871981155,pp_backward,2,2,1,0,0,"8,4"
p2p_bwd_mb11_s2_dp1,24,20,67108864,67.108864,p2p,1408.1176650218829,1409.3695021090812,1.2518370871981155,pp_backward,2,2,1,1,1,"24,20"
p2p_bwd_mb11_s2_dp2,40,36,67108864,67.108864,p2p,1408.1176650218829,1409.3695021090812,1.2518370871981155,pp_backward,2,2,1,2,2,"40,36"
p2p_bwd_mb11_s2_dp3,56,52,67108864,67.108864,p2p,1408.1176650218829,1409.3695021090812,1.2518370871981155,pp_backward,2,2,1,3,3,"56,52"
ar_l24_tp12_13_14_15,12,-1,100663296,100.663296,all_reduce,1341.0247734698698,1343.837817385509,2.8130439156390796,tp_all_reduce,24,3,-1,0,-1,"12,13,14,15"
ar_l25_tp12_13_14_15,12,-1,100663296,100.663296,all_reduce,1344.4960327531462,1347.3094129084745,2.8133801553285043,tp_all_reduce,25,3,-1,0,-1,"12,13,14,15"
ar_l26_tp12_13_14_15,12,-1,100663296,100.663296,all_reduce,1347.724468182088,1350.5382242720068,2.8137560899188507,tp_all_reduce,26,3,-1,0,-1,"12,13,14,15"
ar_l27_tp12_13_14_15,12,-1,100663296,100.663296,all_reduce,1350.9333700422471,1353.7498400497961,2.8164700075490323,tp_all_reduce,27,3,-1,0,-1,"12,13,14,15"
ar_l28_tp12_13_14_15,12,-1,100663296,100.663296,all_reduce,1354.3858629118217,1357.2010926626047,2.815229750782855,tp_all_reduce,28,3,-1,0,-1,"12,13,14,15"
ar_l29_tp12_13_14_15,12,-1,100663296,100.663296,all_reduce,1357.5828802099784,1360.4010214275513,2.818141217572956,tp_all_reduce,29,3,-1,0,-1,"12,13,14,15"
ar_l30_tp12_13_14_15,12,-1,100663296,100.663296,all_reduce,1360.973458553102,1363.7887853604386,2.815326807336538,tp_all_reduce,30,3,-1,0,-1,"12,13,14,15"
ar_l31_tp12_13_14_15,12,-1,100663296,100.663296,all_reduce,1364.2609772862368,1367.0793259735474,2.818348687310568,tp_all_reduce,31,3,-1,0,-1,"12,13,14,15"
ar_l24_tp28_29_30_31,28,-1,100663296,100.663296,all_reduce,1341.0247734698698,1343.8414980860844,2.8167246162145165,tp_all_reduce,24,3,-1,1,-1,"28,29,30,31"
ar_l25_tp28_29_30_31,28,-1,100663296,100.663296,all_reduce,1344.3539780506371,1347.1673473898243,2.8133693391871883,tp_all_reduce,25,3,-1,1,-1,"28,29,30,31"
ar_l26_tp28_29_30_31,28,-1,100663296,100.663296,all_reduce,1347.8291200164217,1350.6456603376566,2.816540321235017,tp_all_reduce,26,3,-1,1,-1,"28,29,30,31"
ar_l27_tp28_29_30_31,28,-1,100663296,100.663296,all_reduce,1351.1361859913604,1353.9540859687531,2.8178999773926794,tp_all_reduce,27,3,-1,1,-1,"28,29,30,31"
ar_l28_tp28_29_30_31,28,-1,100663296,100.663296,all_reduce,1354.50905767507,1357.3219912730342,2.8129335979640846,tp_all_reduce,28,3,-1,1,-1,"28,29,30,31"
ar_l29_tp28_29_30_31,28,-1,100663296,100.663296,all_reduce,1357.7863959121216,1360.6029510042038,2.816555092082007,tp_all_reduce,29,3,-1,1,-1,"28,29,30,31"
ar_l30_tp28_29_30_31,28,-1,100663296,100.663296,all_reduce,1360.9464759923867,1363.7605478091496,2.814071816762853,tp_all_reduce,30,3,-1,1,-1,"28,29,30,31"
ar_l31_tp28_29_30_31,28,-1,100663296,100.663296,all_reduce,1364.0988188457927,1366.9118457052061,2.8130268594133145,tp_all_reduce,31,3,-1,1,-1,"28,29,30,31"
ar_l24_tp44_45_46_47,44,-1,100663296,100.663296,all_reduce,1341.0247734698698,1343.840262272959,2.815488803089128,tp_all_reduce,24,3,-1,2,-1,"44,45,46,47"
ar_l25_tp44_45_46_47,44,-1,100663296,100.663296,all_reduce,1344.4616322996462,1347.2755257560532,2.813893456406813,tp_all_reduce,25,3,-1,2,-1,"44,45,46,47"
ar_l26_tp44_45_46_47,44,-1,100663296,100.663296,all_reduce,1347.6847659024988,1350.50135166515,2.8165857626512025,tp_all_reduce,26,3,-1,2,-1,"44,45,46,47"
ar_l27_tp44_45_46_47,44,-1,100663296,100.663296,all_reduce,1350.972490197142,1353.7887017991366,2.8162116019945227,tp_all_reduce,27,3,-1,2,-1,"44,45,46,47"
ar_l28_tp44_45_46_47,44,-1,100663296,100.663296,all_reduce,1354.4312301457653,1357.2489717020817,2.817741556316422,tp_all_reduce,28,3,-1,2,-1,"44,45,46,47"
ar_l29_tp44_45_46_47,44,-1,100663296,100.663296,all_reduce,1357.7288517644804,1360.544835807614,2.815984043133657,tp_all_reduce,29,3,-1,2,-1,"44,45,46,47"
ar_l30_tp44_45_46_47,44,-1,100663296,100.663296,all_reduce,1360.977867169753,1363.7956518486842,2.8177846789312344,tp_all_reduce,30,3,-1,2,-1,"44,45,46,47"
ar_l31_tp44_45_46_47,44,-1,100663296,100.663296,all_reduce,1364.2047570544014,1367.020223671351,2.8154666169495357,tp_all_reduce,31,3,-1,2,-1,"44,45,46,47"
ar_l24_tp60_61_62_63,60,-1,100663296,100.663296,all_reduce,1341.0247734698698,1343.8432170023066,2.818443532436543,tp_all_reduce,24,3,-1,3,-1,"60,61,62,63"
ar_l25_tp60_61_62_63,60,-1,100663296,100.663296,all_reduce,1344.2972140078127,1347.1145565662384,2.817342558425695,tp_all_reduce,25,3,-1,3,-1,"60,61,62,63"
ar_l26_tp60_61_62_63,60,-1,100663296,100.663296,all_reduce,1347.6189743722505,1350.4350620023706,2.816087630120201,tp_all_reduce,26,3,-1,3,-1,"60,61,62,63"
ar_l27_tp60_61_62_63,60,-1,100663296,100.663296,all_reduce,1350.8937804308332,1353.7069411521072,2.8131607212740217,tp_all_reduce,27,3,-1,3,-1,"60,61,62,63"
ar_l28_tp60_61_62_63,60,-1,100663296,100.663296,all_reduce,1354.371158360565,1357.1887921754446,2.817633814879539,tp_all_reduce,28,3,-1,3,-1,"60,61,62,63"
ar_l29_tp60_61_62_63,60,-1,100663296,100.663296,all_reduce,1357.7684643314715,1360.5864246271497,2.817960295678157,tp_all_reduce,29,3,-1,3,-1,"60,61,62,63"
ar_l30_tp60_61_62_63,60,-1,100663296,100.663296,all_reduce,1360.9910546170731,1363.8077980204118,2.816743403338595,tp_all_reduce,30,3,-1,3,-1,"60,61,62,63"
ar_l31_tp60_61_62_63,60,-1,100663296,100.663296,all_reduce,1364.289992539607,1367.1058068587922,2.815814319185206,tp_all_reduce,31,3,-1,3,-1,"60,61,62,63"
ar_l0_tp0_1_2_3,0,-1,100663296,100.663296,all_reduce,1439.8803825215552,1442.6937479093103,2.813365387755118,tp_all_reduce,0,0,-1,0,-1,"0,1,2,3"
ar_l1_tp0_1_2_3,0,-1,100663296,100.663296,all_reduce,1443.0832080428786,1445.8993969938238,2.8161889509452642,tp_all_reduce,1,0,-1,0,-1,"0,1,2,3"
ar_l2_tp0_1_2_3,0,-1,100663296,100.663296,all_reduce,1446.3367424896196,1449.1525795316259,2.815837042006164,tp_all_reduce,2,0,-1,0,-1,"0,1,2,3"
ar_l3_tp0_1_2_3,0,-1,100663296,100.663296,all_reduce,1449.633302723667,1452.4464776456434,2.8131749219764135,tp_all_reduce,3,0,-1,0,-1,"0,1,2,3"
ar_l4_tp0_1_2_3,0,-1,100663296,100.663296,all_reduce,1452.8856651658684,1455.6988434064385,2.8131782405702577,tp_all_reduce,4,0,-1,0,-1,"0,1,2,3"
ar_l5_tp0_1_2_3,0,-1,100663296,100.663296,all_reduce,1456.168565287377,1458.9818217200432,2.813256432666167,tp_all_reduce,5,0,-1,0,-1,"0,1,2,3"
ar_l6_tp0_1_2_3,0,-1,100663296,100.663296,all_reduce,1459.5317885025454,1462.3500939302653,2.8183054277199915,tp_all_reduce,6,0,-1,0,-1,"0,1,2,3"
ar_l7_tp0_1_2_3,0,-1,100663296,100.663296,all_reduce,1462.9482003420396,1465.7643001895174,2.816099847477771,tp_all_reduce,7,0,-1,0,-1,"0,1,2,3"
ar_l0_tp16_17_18_19,16,-1,100663296,100.663296,all_reduce,1439.879181699931,1442.694679838815,2.815498138884154,tp_all_reduce,0,0,-1,1,-1,"16,17,18,19"
ar_l1_tp16_17_18_19,16,-1,100663296,100.663296,all_reduce,1443.051175070433,1445.8666942850105,2.8155192145775665,tp_all_reduce,1,0,-1,1,-1,"16,17,18,19"
ar_l2_tp16_17_18_19,16,-1,100663296,100.663296,all_reduce,1446.2748757127522,1449.0891404753588,2.8142647626065997,tp_all_reduce,2,0,-1,1,-1,"16,17,18,19"
ar_l3_tp16_17_18_19,16,-1,100663296,100.663296,all_reduce,1449.4510166185166,1452.2644627728976,2.8134461543809497,tp_all_reduce,3,0,-1,1,-1,"16,17,18,19"
ar_l4_tp16_17_18_19,16,-1,100663296,100.663296,all_reduce,1452.7719163308564,1455.5874237577239,2.815507426867425,tp_all_reduce,4,0,-1,1,-1,"16,17,18,19"
ar_l5_tp16_17_18_19,16,-1,100663296,100.663296,all_reduce,1456.1763727144012,1458.9904897649162,2.8141170505149304,tp_all_reduce,5,0,-1,1,-1,"16,17,18,19"
ar_l6_tp16_17_18_19,16,-1,100663296,100.663296,all_reduce,1459.428933495922,1462.24554702725,2.816613531328116,tp_all_reduce,6,0,-1,1,-1,"16,17,18,19"
ar_l7_tp16_17_18_19,16,-1,100663296,100.663296,all_reduce,1462.8017466387837,1465.6179691413172,2.8162225025334386,tp_all_reduce,7,0,-1,1,-1,"16,17,18,19"
ar_l0_tp32_33_34_35,32,-1,100663296,100.663296,all_reduce,1439.878877783425,1442.6971355992935,2.818257815868419,tp_all_reduce,0,0,-1,2,-1,"32,33,34,35"
ar_l1_tp32_33_34_35,32,-1,100663296,100.663296,all_reduce,1443.180056252016,1445.9945576757905,2.814501423774596,tp_all_reduce,1,0,-1,2,-1,"32,33,34,35"
ar_l2_tp32_33_34_35,32,-1,100663296,100.663296,all_reduce,1446.5837764680205,1449.3992005219188,2.81542405389823,tp_all_reduce,2,0,-1,2,-1,"32,33,34,35"
ar_l3_tp32_33_34_35,32,-1,100663296,100.663296,all_reduce,1449.986230402167,1452.8011931005174,2.814962698350465,tp_all_reduce,3,0,-1,2,-1,"32,33,34,35"
ar_l4_tp32_33_34_35,32,-1,100663296,100.663296,all_reduce,1453.3721017136866,1456.1892418137495,2.8171401000629537,tp_all_reduce,4,0,-1,2,-1,"32,33,34,35"
ar_l5_tp32_33_34_35,32,-1,100663296,100.663296,all_reduce,1456.6600101055633,1459.4739810812,2.813970975636737,tp_all_reduce,5,0,-1,2,-1,"32,33,34,35"
ar_l6_tp32_33_34_35,32,-1,100663296,100.663296,all_reduce,1459.9750294003613,1462.789266275262,2.8142368749006774,tp_all_reduce,6,0,-1,2,-1,"32,33,34,35"
ar_l7_tp32_33_34_35,32,-1,100663296,100.663296,all_reduce,1463.234585116653,1466.0495091835967,2.8149240669437248,tp_all_reduce,7,0,-1,2,-1,"32,33,34,35"
ar_l0_tp48_49_50_51,48,-1,100663296,100.663296,all_reduce,1439.8809374711564,1442.6964662578257,2.8155287866693524,tp_all_reduce,0,0,-1,3,-1,"48,49,50,51"
ar_l1_tp48_49_50_51,48,-1,100663296,100.663296,all_reduce,1443.058773936149,1445.8737846258518,2.8150106897026905,tp_all_reduce,1,0,-1,3,-1,"48,49,50,51"
ar_l2_tp48_49_50_51,48,-1,100663296,100.663296,all_reduce,1446.4726689389638,1449.2880461016998,2.8153771627361657,tp_all_reduce,2,0,-1,3,-1,"48,49,50,51"
ar_l3_tp48_49_50_51,48,-1,100663296,100.663296,all_reduce,1449.7593982365054,1452.5743897760285,2.8149915395232483,tp_all_reduce,3,0,-1,3,-1,"48,49,50,51"
ar_l4_tp48_49_50_51,48,-1,100663296,100.663296,all_reduce,1452.9861943282413,1455.8043160425323,2.8181217142910775,tp_all_reduce,4,0,-1,3,-1,"48,49,50,51"
ar_l5_tp48_49_50_51,48,-1,100663296,100.663296,all_reduce,1456.3856025146404,1459.2001627230736,2.81456020843307,tp_all_reduce,5,0,-1,3,-1,"48,49,50,51"
ar_l6_tp48_49_50_51,48,-1,100663296,100.663296,all_reduce,1459.80857651596,1462.6218147088664,2.813238192906242,tp_all_reduce,6,0,-1,3,-1,"48,49,50,51"
ar_l7_tp48_49_50_51,48,-1,100663296,100.663296,all_reduce,1462.959854512251,1465.7733096583866,2.813455146135402,tp_all_reduce,7,0,-1,3,-1,"48,49,50,51"
p2p_fwd_mb14_s0_dp0,0,4,67108864,67.108864,p2p,1466.5043827467937,1467.7545320677482,1.2501493209544634,pp_forward,0,0,1,0,0,"0,4"
p2p_fwd_mb14_s0_dp1,16,20,67108864,67.108864,p2p,1466.5043827467937,1467.7545320677482,1.2501493209544634,pp_forward,0,0,1,1,1,"16,20"
p2p_fwd_mb14_s0_dp2,32,36,67108864,67.108864,p2p,1466.5043827467937,1467.7545320677482,1.2501493209544634,pp_forward,0,0,1,2,2,"32,36"
p2p_fwd_mb14_s0_dp3,48,52,67108864,67.108864,p2p,1466.5043827467937,1467.7545320677482,1.2501493209544634,pp_forward,0,0,1,3,3,"48,52"
ar_l8_tp4_5_6_7,4,-1,100663296,100.663296,all_reduce,1409.3695021090812,1412.183231181443,2.8137290723619923,tp_all_reduce,8,1,-1,0,-1,"4,5,6,7"
ar_l9_tp4_5_6_7,4,-1,100663296,100.663296,all_reduce,1419.321179611971,1422.1381444834467,2.8169648714755358,tp_all_reduce,9,1,-1,0,-1,"4,5,6,7"
ar_l10_tp4_5_6_7,4,-1,100663296,100.663296,all_reduce,1426.155048533724,1428.9734828535484,2.8184343198243145,tp_all_reduce,10,1,-1,0,-1,"4,5,6,7"
ar_l11_tp4_5_6_7,4,-1,100663296,100.663296,all_reduce,1436.0625597826572,1438.8785760633812,2.81601628072381,tp_all_reduce,11,1,-1,0,-1,"4,5,6,7"
ar_l12_tp4_5_6_7,4,-1,100663296,100.663296,all_reduce,1442.6812326189458,1445.4969410978026,2.8157084788569264,tp_all_reduce,12,1,-1,0,-1,"4,5,6,7"
ar_l13_tp4_5_6_7,4,-1,100663296,100.663296,all_reduce,1452.8556712406319,1455.6711556088949,2.815484368262844,tp_all_reduce,13,1,-1,0,-1,"4,5,6,7"
ar_l14_tp4_5_6_7,4,-1,100663296,100.663296,all_reduce,1459.412491809889,1462.2296052131426,2.817113403253524,tp_all_reduce,14,1,-1,0,-1,"4,5,6,7"
ar_l15_tp4_5_6_7,4,-1,100663296,100.663296,all_reduce,1469.2301606802987,1472.0479266730565,2.817765992757959,tp_all_reduce,15,1,-1,0,-1,"4,5,6,7"
ar_l8_tp20_21_22_23,20,-1,100663296,100.663296,all_reduce,1409.3695021090812,1412.184580358073,2.8150782489919646,tp_all_reduce,8,1,-1,1,-1,"20,21,22,23"
ar_l9_tp20_21_22_23,20,-1,100663296,100.663296,all_reduce,1419.2519284260266,1422.0653614523953,2.813433026368717,tp_all_reduce,9,1,-1,1,-1,"20,21,22,23"
ar_l10_tp20_21_22_23,20,-1,100663296,100.663296,all_reduce,1425.8521438977964,1428.667660820607,2.815516922810346,tp_all_reduce,10,1,-1,1,-1,"20,21,22,23"
ar_l11_tp20_21_22_23,20,-1,100663296,100.663296,all_reduce,1435.3502190616275,1438.1670014818226,2.8167824201952296,tp_all_reduce,11,1,-1,1,-1,"20,21,22,23"
ar_l12_tp20_21_22_23,20,-1,100663296,100.663296,all_reduce,1441.6623701619487,1444.4781856756967,2.815815513748099,tp_all_reduce,12,1,-1,1,-1,"20,21,22,23"
ar_l13_tp20_21_22_23,20,-1,100663296,100.663296,all_reduce,1451.4769562716974,1454.292462918475,2.8155066467776546,tp_all_reduce,13,1,-1,1,-1,"20,21,22,23"
ar_l14_tp20_21_22_23,20,-1,100663296,100.663296,all_reduce,1457.9883636094776,1460.8060389246955,2.817675315218038,tp_all_reduce,14,1,-1,1,-1,"20,21,22,23"
ar_l15_tp20_21_22_23,20,-1,100663296,100.663296,all_reduce,1467.8003751261183,1470.6167821816662,2.816407055547865,tp_all_reduce,15,1,-1,1,-1,"20,21,22,23"
ar_l8_tp36_37_38_39,36,-1,100663296,100.663296,all_reduce,1409.3695021090812,1412.188012860297,2.8185107512159746,tp_all_reduce,8,1,-1,2,-1,"36,37,38,39"
ar_l9_tp36_37_38_39,36,-1,100663296,100.663296,all_reduce,1419.3309235875736,1422.146720996503,2.8157974089295656,tp_all_reduce,9,1,-1,2,-1,"36,37,38,39"
ar_l10_tp36_37_38_39,36,-1,100663296,100.663296,all_reduce,1425.675796550963,1428.4941422720735,2.8183457211106155,tp_all_reduce,10,1,-1,2,-1,"36,37,38,39"
ar_l11_tp36_37_38_39,36,-1,100663296,100.663296,all_reduce,1435.7916514700373,1438.6091953476732,2.8175438776358863,tp_all_reduce,11,1,-1,2,-1,"36,37,38,39"
ar_l12_tp36_37_38_39,36,-1,100663296,100.663296,all_reduce,1442.5011521385134,1445.3139008508947,2.812748712381241,tp_all_reduce,12,1,-1,2,-1,"36,37,38,39"
ar_l13_tp36_37_38_39,36,-1,100663296,100.663296,all_reduce,1452.3966165404233,1455.2096359134139,2.8130193729904995,tp_all_reduce,13,1,-1,2,-1,"36,37,38,39"
ar_l14_tp36_37_38_39,36,-1,100663296,100.663296,all_reduce,1458.882408010686,1461.695343950408,2.8129359397217613,tp_all_reduce,14,1,-1,2,-1,"36,37,38,39"
ar_l15_tp36_37_38_39,36,-1,100663296,100.663296,all_reduce,1468.997422965148,1471.8152178225423,2.817794857394418,tp_all_reduce,15,1,-1,2,-1,"36,37,38,39"
ar_l8_tp52_53_54_55,52,-1,100663296,100.663296,all_reduce,1409.3695021090812,1412.1875783108617,2.8180762017806504,tp_all_reduce,8,1,-1,3,-1,"52,53,54,55"
ar_l9_tp52_53_54_55,52,-1,100663296,100.663296,all_reduce,1419.4624438263354,1422.279492457191,2.817048630855634,tp_all_reduce,9,1,-1,3,-1,"52,53,54,55"
ar_l10_tp52_53_54_55,52,-1,100663296,100.663296,all_reduce,1426.0694062402492,1428.8838720570072,2.8144658167579273,tp_all_reduce,10,1,-1,3,-1,"52,53,54,55"
ar_l11_tp52_53_54_55,52,-1,100663296,100.663296,all_reduce,1435.753596305058,1438.5713434602349,2.8177471551769084,tp_all_reduce,11,1,-1,3,-1,"52,53,54,55"
ar_l12_tp52_53_54_55,52,-1,100663296,100.663296,all_reduce,1442.1703851175982,1444.98363124789,2.813246130291658,tp_all_reduce,12,1,-1,3,-1,"52,53,54,55"
ar_l13_tp52_53_54_55,52,-1,100663296,100.663296,all_reduce,1451.9765252243358,1454.79216051496,2.815635290624119,tp_all_reduce,13,1,-1,3,-1,"52,53,54,55"
ar_l14_tp52_53_54_55,52,-1,100663296,100.663296,all_reduce,1458.4321032379098,1461.2484571259708,2.8163538880610073,tp_all_reduce,14,1,-1,3,-1,"52,53,54,55"
ar_l15_tp52_53_54_55,52,-1,100663296,100.663296,all_reduce,1468.1963701811626,1471.0110537718442,2.814683590681488,tp_all_reduce,15,1,-1,3,-1,"52,53,54,55"
p2p_bwd_mb11_s1_dp0,4,0,67108864,67.108864,p2p,1475.715624973313,1476.966382717302,1.2507577439888617,pp_backward,1,1,0,0,0,"4,0"
p2p_bwd_mb11_s1_dp1,20,16,67108864,67.108864,p2p,1475.715624973313,1476.966382717302,1.2507577439888617,pp_backward,1,1,0,1,1,"20,16"
p2p_bwd_mb11_s1_dp2,36,32,67108864,67.108864,p2p,1475.715624973313,1476.966382717302,1.2507577439888617,pp_backward,1,1,0,2,2,"36,32"
p2p_bwd_mb11_s1_dp3,52,48,67108864,67.108864,p2p,1475.715624973313,1476.966382717302,1.2507577439888617,pp_backward,1,1,0,3,3,"52,48"
ar_l16_tp8_9_10_11,8,-1,100663296,100.663296,all_reduce,1409.3695021090812,1412.1857400179765,2.8162379088954026,tp_all_reduce,16,2,-1,0,-1,"8,9,10,11"
ar_l17_tp8_9_10_11,8,-1,100663296,100.663296,all_reduce,1412.7837752374182,1415.597803628589,2.814028391170842,tp_all_reduce,17,2,-1,0,-1,"8,9,10,11"
ar_l18_tp8_9_10_11,8,-1,100663296,100.663296,all_reduce,1416.2610603720893,1419.0744616200218,2.81340124793239,tp_all_reduce,18,2,-1,0,-1,"8,9,10,11"
ar_l19_tp8_9_10_11,8,-1,100663296,100.663296,all_reduce,1419.4156445605674,1422.2324268341656,2.816782273598051,tp_all_reduce,19,2,-1,0,-1,"8,9,10,11"
ar_l20_tp8_9_10_11,8,-1,100663296,100.663296,all_reduce,1422.8442576601162,1425.6584112762775,2.814153616161441,tp_all_reduce,20,2,-1,0,-1,"8,9,10,11"
ar_l21_tp8_9_10_11,8,-1,100663296,100.663296,all_reduce,1426.1743717153993,1428.9881835985807,2.8138118831815273,tp_all_reduce,21,2,-1,0,-1,"8,9,10,11"
ar_l22_tp8_9_10_11,8,-1,100663296,100.663296,all_reduce,1429.4541831275849,1432.2691686471755,2.814985519590696,tp_all_reduce,22,2,-1,0,-1,"8,9,10,11"
ar_l23_tp8_9_10_11,8,-1,100663296,100.663296,all_reduce,1432.8933387347495,1435.7094007997684,2.8160620650188317,tp_all_reduce,23,2,-1,0,-1,"8,9,10,11"
ar_l16_tp24_25_26_27,24,-1,100663296,100.663296,all_reduce,1409.3695021090812,1412.185022298456,2.8155201893749204,tp_all_reduce,16,2,-1,1,-1,"24,25,26,27"
ar_l17_tp24_25_26_27,24,-1,100663296,100.663296,all_reduce,1412.723723448508,1415.5386153522043,2.814891903696104,tp_all_reduce,17,2,-1,1,-1,"24,25,26,27"
ar_l18_tp24_25_26_27,24,-1,100663296,100.663296,all_reduce,1416.1606456795228,1418.9754087903157,2.814763110792873,tp_all_reduce,18,2,-1,1,-1,"24,25,26,27"
ar_l19_tp24_25_26_27,24,-1,100663296,100.663296,all_reduce,1419.5153043946173,1422.3304698866248,2.815165492007443,tp_all_reduce,19,2,-1,1,-1,"24,25,26,27"
ar_l20_tp24_25_26_27,24,-1,100663296,100.663296,all_reduce,1422.9545354212382,1425.7697781095992,2.815242688360975,tp_all_reduce,20,2,-1,1,-1,"24,25,26,27"
ar_l21_tp24_25_26_27,24,-1,100663296,100.663296,all_reduce,1426.3088691786768,1429.1258280639001,2.816958885223375,tp_all_reduce,21,2,-1,1,-1,"24,25,26,27"
ar_l22_tp24_25_26_27,24,-1,100663296,100.663296,all_reduce,1429.6735125683092,1432.4905894597787,2.8170768914694833,tp_all_reduce,22,2,-1,1,-1,"24,25,26,27"
ar_l23_tp24_25_26_27,24,-1,100663296,100.663296,all_reduce,1433.0800519412894,1435.8984496972403,2.81839775595083,tp_all_reduce,23,2,-1,1,-1,"24,25,26,27"
ar_l16_tp40_41_42_43,40,-1,100663296,100.663296,all_reduce,1409.3695021090812,1412.1828068270004,2.813304717919296,tp_all_reduce,16,2,-1,2,-1,"40,41,42,43"
ar_l17_tp40_41_42_43,40,-1,100663296,100.663296,all_reduce,1412.7127062168545,1415.527216469727,2.814510252872493,tp_all_reduce,17,2,-1,2,-1,"40,41,42,43"
ar_l18_tp40_41_42_43,40,-1,100663296,100.663296,all_reduce,1415.9819971577565,1418.794719303883,2.8127221461264895,tp_all_reduce,18,2,-1,2,-1,"40,41,42,43"
ar_l19_tp40_41_42_43,40,-1,100663296,100.663296,all_reduce,1419.2669985177645,1422.0801196430443,2.8131211252799826,tp_all_reduce,19,2,-1,2,-1,"40,41,42,43"
ar_l20_tp40_41_42_43,40,-1,100663296,100.663296,all_reduce,1422.5582026889733,1425.3723134600284,2.8141107710550894,tp_all_reduce,20,2,-1,2,-1,"40,41,42,43"
ar_l21_tp40_41_42_43,40,-1,100663296,100.663296,all_reduce,1426.010670413739,1428.823553150046,2.8128827363071984,tp_all_reduce,21,2,-1,2,-1,"40,41,42,43"
ar_l22_tp40_41_42_43,40,-1,100663296,100.663296,all_reduce,1429.218983644087,1432.0355945637627,2.816610919675666,tp_all_reduce,22,2,-1,2,-1,"40,41,42,43"
ar_l23_tp40_41_42_43,40,-1,100663296,100.663296,all_reduce,1432.4553685340336,1435.2682347604339,2.8128662264004234,tp_all_reduce,23,2,-1,2,-1,"40,41,42,43"
ar_l16_tp56_57_58_59,56,-1,100663296,100.663296,all_reduce,1409.3695021090812,1412.1864159024456,2.8169137933644617,tp_all_reduce,16,2,-1,3,-1,"56,57,58,59"
ar_l17_tp56_57_58_59,56,-1,100663296,100.663296,all_reduce,1412.7803510764045,1415.5953336742878,2.8149825978831533,tp_all_reduce,17,2,-1,3,-1,"56,57,58,59"
ar_l18_tp56_57_58_59,56,-1,100663296,100.663296,all_reduce,1415.9457588049065,1418.7610459363561,2.8152871314497396,tp_all_reduce,18,2,-1,3,-1,"56,57,58,59"
ar_l19_tp56_57_58_59,56,-1,100663296,100.663296,all_reduce,1419.3033741018917,1422.1169212796447,2.813547177753062,tp_all_reduce,19,2,-1,3,-1,"56,57,58,59"
ar_l20_tp56_57_58_59,56,-1,100663296,100.663296,all_reduce,1422.6986125798778,1425.5165263709368,2.8179137910591123,tp_all_reduce,20,2,-1,3,-1,"56,57,58,59"
ar_l21_tp56_57_58_59,56,-1,100663296,100.663296,all_reduce,1426.1352873725252,1428.9481511952472,2.812863822721834,tp_all_reduce,21,2,-1,3,-1,"56,57,58,59"
ar_l22_tp56_57_58_59,56,-1,100663296,100.663296,all_reduce,1429.3526207798034,1432.1687008388596,2.816080059056425,tp_all_reduce,22,2,-1,3,-1,"56,57,58,59"
ar_l23_tp56_57_58_59,56,-1,100663296,100.663296,all_reduce,1432.8099157845754,1435.6232680689313,2.8133522843558634,tp_all_reduce,23,2,-1,3,-1,"56,57,58,59"
p2p_fwd_mb13_s2_dp0,8,12,67108864,67.108864,p2p,1436.4886934306974,1437.739420945529,1.2507275148316843,pp_forward,2,2,3,0,0,"8,12"
p2p_fwd_mb13_s2_dp1,24,28,67108864,67.108864,p2p,1436.4886934306974,1437.739420945529,1.2507275148316843,pp_forward,2,2,3,1,1,"24,28"
p2p_fwd_mb13_s2_dp2,40,44,67108864,67.108864,p2p,1436.4886934306974,1437.739420945529,1.2507275148316843,pp_forward,2,2,3,2,2,"40,44"
p2p_fwd_mb13_s2_dp3,56,60,67108864,67.108864,p2p,1436.4886934306974,1437.739420945529,1.2507275148316843,pp_forward,2,2,3,3,3,"56,60"
ar_l24_tp12_13_14_15,12,-1,100663296,100.663296,all_reduce,1371.0357551060865,1373.8510770256983,2.8153219196116464,tp_all_reduce,24,3,-1,0,-1,"12,13,14,15"
ar_l25_tp12_13_14_15,12,-1,100663296,100.663296,all_reduce,1380.8416676836416,1383.6553499929926,2.8136823093509733,tp_all_reduce,25,3,-1,0,-1,"12,13,14,15"
ar_l26_tp12_13_14_15,12,-1,100663296,100.663296,all_reduce,1387.136547191737,1389.9501372293435,2.813590037606506,tp_all_reduce,26,3,-1,0,-1,"12,13,14,15"
ar_l27_tp12_13_14_15,12,-1,100663296,100.663296,all_reduce,1397.069307158583,1399.885130639993,2.8158234814099625,tp_all_reduce,27,3,-1,0,-1,"12,13,14,15"
ar_l28_tp12_13_14_15,12,-1,100663296,100.663296,all_reduce,1403.9407348341933,1406.7575703168905,2.8168354826971775,tp_all_reduce,28,3,-1,0,-1,"12,13,14,15"
ar_l29_tp12_13_14_15,12,-1,100663296,100.663296,all_reduce,1414.1302977177752,1416.9463646891497,2.816066971374598,tp_all_reduce,29,3,-1,0,-1,"12,13,14,15"
ar_l30_tp12_13_14_15,12,-1,100663296,100.663296,all_reduce,1420.7264997246548,1423.5406496218293,2.814149897174545,tp_all_reduce,30,3,-1,0,-1,"12,13,14,15"
ar_l31_tp12_13_14_15,12,-1,100663296,100.663296,all_reduce,1430.7259314733724,1433.5413257927287,2.8153943193562903,tp_all_reduce,31,3,-1,0,-1,"12,13,14,15"
ar_l24_tp28_29_30_31,28,-1,100663296,100.663296,all_reduce,1371.0357551060865,1373.85046836664,2.814713260553381,tp_all_reduce,24,3,-1,1,-1,"28,29,30,31"
ar_l25_tp28_29_30_31,28,-1,100663296,100.663296,all_reduce,1380.7787762036032,1383.5962181352345,2.8174419316313593,tp_all_reduce,25,3,-1,1,-1,"28,29,30,31"
ar_l26_tp28_29_30_31,28,-1,100663296,100.663296,all_reduce,1387.2024023674435,1390.0167206708252,2.8143183033817465,tp_all_reduce,26,3,-1,1,-1,"28,29,30,31"
ar_l27_tp28_29_30_31,28,-1,100663296,100.663296,all_reduce,1397.48966137382,1400.306194303445,2.8165329296250263,tp_all_reduce,27,3,-1,1,-1,"28,29,30,31"
ar_l28_tp28_29_30_31,28,-1,100663296,100.663296,all_reduce,1404.3757095429144,1407.1935350000897,2.817825457175349,tp_all_reduce,28,3,-1,1,-1,"28,29,30,31"
ar_l29_tp28_29_30_31,28,-1,100663296,100.663296,all_reduce,1414.3340147252252,1417.1483778757695,2.8143631505441746,tp_all_reduce,29,3,-1,1,-1,"28,29,30,31"
ar_l30_tp28_29_30_31,28,-1,100663296,100.663296,all_reduce,1420.6615207040695,1423.4785648395227,2.8170441354531395,tp_all_reduce,30,3,-1,1,-1,"28,29,30,31"
ar_l31_tp28_29_30_31,28,-1,100663296,100.663296,all_reduce,1430.8251627395655,1433.6384198398816,2.8132571003163243,tp_all_reduce,31,3,-1,1,-1,"28,29,30,31"
ar_l24_tp44_45_46_47,44,-1,100663296,100.663296,all_reduce,1371.0357551060865,1373.8488034125714,2.8130483064849887,tp_all_reduce,24,3,-1,2,-1,"44,45,46,47"
ar_l25_tp44_45_46_47,44,-1,100663296,100.663296,all_reduce,1380.6199267134953,1383.4344624633095,2.814535749814162,tp_all_reduce,25,3,-1,2,-1,"44,45,46,47"
ar_l26_tp44_45_46_47,44,-1,100663296,100.663296,all_reduce,1387.5114169554279,1390.3257256804782,2.814308725050285,tp_all_reduce,26,3,-1,2,-1,"44,45,46,47"
ar_l27_tp44_45_46_47,44,-1,100663296,100.663296,all_reduce,1397.4137715828447,1400.230314395813,2.816542812968059,tp_all_reduce,27,3,-1,2,-1,"44,45,46,47"
ar_l28_tp44_45_46_47,44,-1,100663296,100.663296,all_reduce,1403.947499488971,1406.7619032989805,2.8144038100093027,tp_all_reduce,28,3,-1,2,-1,"44,45,46,47"
ar_l29_tp44_45_46_47,44,-1,100663296,100.663296,all_reduce,1414.1841571505208,1416.9971975891658,2.8130404386448316,tp_all_reduce,29,3,-1,2,-1,"44,45,46,47"
ar_l30_tp44_45_46_47,44,-1,100663296,100.663296,all_reduce,1420.922483104689,1423.735547826314,2.8130647216249027,tp_all_reduce,30,3,-1,2,-1,"44,45,46,47"
ar_l31_tp44_45_46_47,44,-1,100663296,100.663296,all_reduce,1430.4474190516676,1433.2631886929994,2.815769641331789,tp_all_reduce,31,3,-1,2,-1,"44,45,46,47"
ar_l24_tp60_61_62_63,60,-1,100663296,100.663296,all_reduce,1371.0357551060865,1373.850226582083,2.8144714759963385,tp_all_reduce,24,3,-1,3,-1,"60,61,62,63"
ar_l25_tp60_61_62_63,60,-1,100663296,100.663296,all_reduce,1381.3800245824339,1384.1947266873922,2.8147021049582666,tp_all_reduce,25,3,-1,3,-1,"60,61,62,63"
ar_l26_tp60_61_62_63,60,-1,100663296,100.663296,all_reduce,1388.0742477684344,1390.8873730298221,2.813125261387661,tp_all_reduce,26,3,-1,3,-1,"60,61,62,63"
ar_l27_tp60_61_62_63,60,-1,100663296,100.663296,all_reduce,1398.1877568311315,1401.003412284525,2.815655453393351,tp_all_reduce,27,3,-1,3,-1,"60,61,62,63"
ar_l28_tp60_61_62_63,60,-1,100663296,100.663296,all_reduce,1405.0019946570083,1407.8191516243296,2.8171569673214325,tp_all_reduce,28,3,-1,3,-1,"60,61,62,63"
ar_l29_tp60_61_62_63,60,-1,100663296,100.663296,all_reduce,1414.8649700491424,1417.6775608849723,2.8125908358298535,tp_all_reduce,29,3,-1,3,-1,"60,61,62,63"
ar_l30_tp60_61_62_63,60,-1,100663296,100.663296,all_reduce,1421.7163675276615,1424.5300160412314,2.8136485135699107,tp_all_reduce,30,3,-1,3,-1,"60,61,62,63"
ar_l31_tp60_61_62_63,60,-1,100663296,100.663296,all_reduce,1431.4555358707855,1434.2706788088396,2.8151429380542936,tp_all_reduce,31,3,-1,3,-1,"60,61,62,63"
p2p_bwd_mb12_s3_dp0,12,8,67108864,67.108864,p2p,1444.7703622785543,1446.0213137217345,1.250951443180215,pp_backward,3,3,2,0,0,"12,8"
p2p_bwd_mb12_s3_dp1,28,24,67108864,67.108864,p2p,1444.7703622785543,1446.0213137217345,1.250951443180215,pp_backward,3,3,2,1,1,"28,24"
p2p_bwd_mb12_s3_dp2,44,40,67108864,67.108864,p2p,1444.7703622785543,1446.0213137217345,1.250951443180215,pp_backward,3,3,2,2,2,"44,40"
p2p_bwd_mb12_s3_dp3,60,56,67108864,67.108864,p2p,1444.7703622785543,1446.0213137217345,1.250951443180215,pp_backward,3,3,2,3,3,"60,56"
ar_l0_tp0_1_2_3,0,-1,100663296,100.663296,all_reduce,1477.0672193858225,1479.8841794134835,2.816960027660853,tp_all_reduce,0,0,-1,0,-1,"0,1,2,3"
ar_l1_tp0_1_2_3,0,-1,100663296,100.663296,all_reduce,1487.4223534121543,1490.239840351787,2.817486939632907,tp_all_reduce,1,0,-1,0,-1,"0,1,2,3"
ar_l2_tp0_1_2_3,0,-1,100663296,100.663296,all_reduce,1494.2336994657805,1497.0516439528285,2.817944487047974,tp_all_reduce,2,0,-1,0,-1,"0,1,2,3"
ar_l3_tp0_1_2_3,0,-1,100663296,100.663296,all_reduce,1504.3863490532092,1507.2018667211055,2.815517667896339,tp_all_reduce,3,0,-1,0,-1,"0,1,2,3"
ar_l4_tp0_1_2_3,0,-1,100663296,100.663296,all_reduce,1511.1534593372978,1513.9675304856617,2.8140711483639613,tp_all_reduce,4,0,-1,0,-1,"0,1,2,3"
ar_l5_tp0_1_2_3,0,-1,100663296,100.663296,all_reduce,1520.686361908226,1523.504797127976,2.818435219750004,tp_all_reduce,5,0,-1,0,-1,"0,1,2,3"
ar_l6_tp0_1_2_3,0,-1,100663296,100.663296,all_reduce,1527.4781934121986,1530.296556852859,2.818363440660443,tp_all_reduce,6,0,-1,0,-1,"0,1,2,3"
ar_l7_tp0_1_2_3,0,-1,100663296,100.663296,all_reduce,1537.1844103373774,1540.0016010831016,2.817190745724396,tp_all_reduce,7,0,-1,0,-1,"0,1,2,3"
ar_l0_tp16_17_18_19,16,-1,100663296,100.663296,all_reduce,1477.0687282074744,1479.883149152847,2.814420945372653,tp_all_reduce,0,0,-1,1,-1,"16,17,18,19"
ar_l1_tp16_17_18_19,16,-1,100663296,100.663296,all_reduce,1487.238623114195,1490.0535602807383,2.814937166543352,tp_all_reduce,1,0,-1,1,-1,"16,17,18,19"
ar_l2_tp16_17_18_19,16,-1,100663296,100.663296,all_reduce,1493.8373493554593,1496.6529010054376,2.815551649978154,tp_all_reduce,2,0,-1,1,-1,"16,17,18,19"
ar_l3_tp16_17_18_19,16,-1,100663296,100.663296,all_reduce,1504.072152768379,1506.885912898851,2.813760130471854,tp_all_reduce,3,0,-1,1,-1,"16,17,18,19"
ar_l4_tp16_17_18_19,16,-1,100663296,100.663296,all_reduce,1510.989970922884,1513.8058918839868,2.8159209611027247,tp_all_reduce,4,0,-1,1,-1,"16,17,18,19"
ar_l5_tp16_17_18_19,16,-1,100663296,100.663296,all_reduce,1520.871199724125,1523.6857968516433,2.8145971275181925,tp_all_reduce,5,0,-1,1,-1,"16,17,18,19"
ar_l6_tp16_17_18_19,16,-1,100663296,100.663296,all_reduce,1527.3639837846554,1530.1792251754473,2.8152413907920337,tp_all_reduce,6,0,-1,1,-1,"16,17,18,19"
ar_l7_tp16_17_18_19,16,-1,100663296,100.663296,all_reduce,1537.1064221585975,1539.9223357486528,2.8159135900553967,tp_all_reduce,7,0,-1,1,-1,"16,17,18,19"
ar_l0_tp32_33_34_35,32,-1,100663296,100.663296,all_reduce,1477.0697710831002,1479.8823289345166,2.8125578514164307,tp_all_reduce,0,0,-1,2,-1,"32,33,34,35"
ar_l1_tp32_33_34_35,32,-1,100663296,100.663296,all_reduce,1487.1366621957043,1489.9535691324893,2.8169069367849353,tp_all_reduce,1,0,-1,2,-1,"32,33,34,35"
ar_l2_tp32_33_34_35,32,-1,100663296,100.663296,all_reduce,1493.5778528915478,1496.3908547160675,2.813001824519601,tp_all_reduce,2,0,-1,2,-1,"32,33,34,35"
ar_l3_tp32_33_34_35,32,-1,100663296,100.663296,all_reduce,1503.3133159395015,1506.130235151615,2.8169192121132447,tp_all_reduce,3,0,-1,2,-1,"32,33,34,35"
ar_l4_tp32_33_34_35,32,-1,100663296,100.663296,all_reduce,1510.050129181167,1512.8649216769263,2.814792495759333,tp_all_reduce,4,0,-1,2,-1,"32,33,34,35"
ar_l5_tp32_33_34_35,32,-1,100663296,100.663296,all_reduce,1520.3777726927478,1523.1940016598496,2.8162289671016527,tp_all_reduce,5,0,-1,2,-1,"32,33,34,35"
ar_l6_tp32_33_34_35,32,-1,100663296,100.663296,all_reduce,1526.7245987198464,1529.5428965891122,2.8182978692659066,tp_all_reduce,6,0,-1,2,-1,"32,33,34,35"
ar_l7_tp32_33_34_35,32,-1,100663296,100.663296,all_reduce,1536.8156375969868,1539.6341353117107,2.8184977147238666,tp_all_reduce,7,0,-1,2,-1,"32,33,34,35"
ar_l0_tp48_49_50_51,48,-1,100663296,100.663296,all_reduce,1477.0685225405693,1479.8834231393746,2.814900598805403,tp_all_reduce,0,0,-1,3,-1,"48,49,50,51"
ar_l1_tp48_49_50_51,48,-1,100663296,100.663296,all_reduce,1486.6887855297207,1489.5049068403632,2.816121310642572,tp_all_reduce,1,0,-1,3,-1,"48,49,50,51"
ar_l2_tp48_49_50_51,48,-1,100663296,100.663296,all_reduce,1493.1866482701469,1496.0030179585065,2.8163696883596323,tp_all_reduce,2,0,-1,3,-1,"48,49,50,51"
ar_l3_tp48_49_50_51,48,-1,100663296,100.663296,all_reduce,1502.679730440221,1505.4952099658562,2.8154795256352116,tp_all_reduce,3,0,-1,3,-1,"48,49,50,51"
ar_l4_tp48_49_50_51,48,-1,100663296,100.663296,all_reduce,1509.4358065345418,1512.2516400802624,2.8158335457204586,tp_all_reduce,4,0,-1,3,-1,"48,49,50,51"
ar_l5_tp48_49_50_51,48,-1,100663296,100.663296,all_reduce,1519.03922152985,1521.8570179653236,2.8177964354736407,tp_all_reduce,5,0,-1,3,-1,"48,49,50,51"
ar_l6_tp48_49_50_51,48,-1,100663296,100.663296,all_reduce,1525.3604238703126,1528.1752631146703,2.8148392443576586,tp_all_reduce,6,0,-1,3,-1,"48,49,50,51"
ar_l7_tp48_49_50_51,48,-1,100663296,100.663296,all_reduce,1534.9117869830293,1537.7285183711913,2.816731388161964,tp_all_reduce,7,0,-1,3,-1,"48,49,50,51"
ar_l8_tp4_5_6_7,4,-1,100663296,100.663296,all_reduce,1476.966382717302,1479.7833781019228,2.8169953846208795,tp_all_reduce,8,1,-1,0,-1,"4,5,6,7"
ar_l9_tp4_5_6_7,4,-1,100663296,100.663296,all_reduce,1480.421933932155,1483.2376920895695,2.8157581574144164,tp_all_reduce,9,1,-1,0,-1,"4,5,6,7"
ar_l10_tp4_5_6_7,4,-1,100663296,100.663296,all_reduce,1483.5873867063865,1486.4001323205919,2.812745614205303,tp_all_reduce,10,1,-1,0,-1,"4,5,6,7"
ar_l11_tp4_5_6_7,4,-1,100663296,100.663296,all_reduce,1486.759263490775,1489.5749233585022,2.8156598677271383,tp_all_reduce,11,1,-1,0,-1,"4,5,6,7"
ar_l12_tp4_5_6_7,4,-1,100663296,100.663296,all_reduce,1490.0864903089055,1492.9002275863495,2.8137372774439395,tp_all_reduce,12,1,-1,0,-1,"4,5,6,7"
ar_l13_tp4_5_6_7,4,-1,100663296,100.663296,all_reduce,1493.4926055489773,1496.30742104555,2.814815496572809,tp_all_reduce,13,1,-1,0,-1,"4,5,6,7"
ar_l14_tp4_5_6_7,4,-1,100663296,100.663296,all_reduce,1496.9433220207093,1499.7586149377937,2.8152929170843777,tp_all_reduce,14,1,-1,0,-1,"4,5,6,7"
ar_l15_tp4_5_6_7,4,-1,100663296,100.663296,all_reduce,1500.3519922732885,1503.1647134501786,2.8127211768902427,tp_all_reduce,15,1,-1,0,-1,"4,5,6,7"
ar_l8_tp20_21_22_23,20,-1,100663296,100.663296,all_reduce,1476.966382717302,1479.7833291814359,2.816946464134107,tp_all_reduce,8,1,-1,1,-1,"20,21,22,23"
ar_l9_tp20_21_22_23,20,-1,100663296,100.663296,all_reduce,1480.173690587506,1482.9872718914387,2.813581303932944,tp_all_reduce,9,1,-1,1,-1,"20,21,22,23"
ar_l10_tp20_21_22_23,20,-1,100663296,100.663296,all_reduce,1483.589636234408,1486.4046301676942,2.814993933286214,tp_all_reduce,10,1,-1,1,-1,"20,21,22,23"
ar_l11_tp20_21_22_23,20,-1,100663296,100.663296,all_reduce,1486.8957154534467,1489.7106228956025,2.814907442155956,tp_all_reduce,11,1,-1,1,-1,"20,21,22,23"
ar_l12_tp20_21_22_23,20,-1,100663296,100.663296,all_reduce,1490.3582015845914,1493.1759717962523,2.8177702116609638,tp_all_reduce,12,1,-1,1,-1,"20,21,22,23"
ar_l13_tp20_21_22_23,20,-1,100663296,100.663296,all_reduce,1493.8339332735018,1496.6518801112031,2.817946837701424,tp_all_reduce,13,1,-1,1,-1,"20,21,22,23"
ar_l14_tp20_21_22_23,20,-1,100663296,100.663296,all_reduce,1497.1652016388632,1499.9831138111385,2.8179121722753386,tp_all_reduce,14,1,-1,1,-1,"20,21,22,23"
ar_l15_tp20_21_22_23,20,-1,100663296,100.663296,all_reduce,1500.4383420395186,1503.2516238811984,2.8132818416797267,tp_all_reduce,15,1,-1,1,-1,"20,21,22,23"
ar_l8_tp36_37_38_39,36,-1,100663296,100.663296,all_reduce,1476.966382717302,1479.7847058196915,2.8183231023894972,tp_all_reduce,8,1,-1,2,-1,"36,37,38,39"
ar_l9_tp36_37_38_39,36,-1,100663296,100.663296,all_reduce,1480.1465853305326,1482.9601094186298,2.813524088097097,tp_all_reduce,9,1,-1,2,-1,"36,37,38,39"
ar_l10_tp36_37_38_39,36,-1,100663296,100.663296,all_reduce,1483.4184799675809,1486.2342446415792,2.8157646739981335,tp_all_reduce,10,1,-1,2,-1,"36,37,38,39"
ar_l11_tp36_37_38_39,36,-1,100663296,100.663296,all_reduce,1486.8057673160945,1489.6215761851213,2.815808869026659,tp_all_reduce,11,1,-1,2,-1,"36,37,38,39"
ar_l12_tp36_37_38_39,36,-1,100663296,100.663296,all_reduce,1490.1420477770866,1492.959088507022,2.817040729935494,tp_all_reduce,12,1,-1,2,-1,"36,37,38,39"
ar_l13_tp36_37_38_39,36,-1,100663296,100.663296,all_reduce,1493.2974080995732,1496.1151869823116,2.8177788827383754,tp_all_reduce,13,1,-1,2,-1,"36,37,38,39"
ar_l14_tp36_37_38_39,36,-1,100663296,100.663296,all_reduce,1496.5401007956568,1499.3556789144066,2.815578118749551,tp_all_reduce,14,1,-1,2,-1,"36,37,38,39"
ar_l15_tp36_37_38_39,36,-1,100663296,100.663296,all_reduce,1499.74214643652,1502.5555006479551,2.8133542114352483,tp_all_reduce,15,1,-1,2,-1,"36,37,38,39"
ar_l8_tp52_53_54_55,52,-1,100663296,100.663296,all_reduce,1476.966382717302,1479.781963562277,2.8155808449752406,tp_all_reduce,8,1,-1,3,-1,"52,53,54,55"
ar_l9_tp52_53_54_55,52,-1,100663296,100.663296,all_reduce,1480.4363725654964,1483.2499684931183,2.8135959276220923,tp_all_reduce,9,1,-1,3,-1,"52,53,54,55"
ar_l10_tp52_53_54_55,52,-1,100663296,100.663296,all_reduce,1483.6199471956286,1486.4375353564053,2.8175881607765962,tp_all_reduce,10,1,-1,3,-1,"52,53,54,55"
ar_l11_tp52_53_54_55,52,-1,100663296,100.663296,all_reduce,1487.096761535061,1489.9120868480452,2.8153253129841183,tp_all_reduce,11,1,-1,3,-1,"52,53,54,55"
ar_l12_tp52_53_54_55,52,-1,100663296,100.663296,all_reduce,1490.2905541497635,1493.1036373770523,2.813083227288793,tp_all_reduce,12,1,-1,3,-1,"52,53,54,55"
ar_l13_tp52_53_54_55,52,-1,100663296,100.663296,all_reduce,1493.762537187031,1496.578885881784,2.8163486947527794,tp_all_reduce,13,1,-1,3,-1,"52,53,54,55"
ar_l14_tp52_53_54_55,52,-1,100663296,100.663296,all_reduce,1497.2322565923264,1500.0481818202477,2.815925227921401,tp_all_reduce,14,1,-1,3,-1,"52,53,54,55"
ar_l15_tp52_53_54_55,52,-1,100663296,100.663296,all_reduce,1500.5357820118788,1503.3497871360769,2.814005124198049,tp_all_reduce,15,1,-1,3,-1,"52,53,54,55"
p2p_fwd_mb14_s1_dp0,4,8,67108864,67.108864,p2p,1503.7710278214015,1505.0231007758,1.252072954398331,pp_forward,1,1,2,0,0,"4,8"
p2p_fwd_mb14_s1_dp1,20,24,67108864,67.108864,p2p,1503.7710278214015,1505.0231007758,1.252072954398331,pp_forward,1,1,2,1,1,"20,24"
p2p_fwd_mb14_s1_dp2,36,40,67108864,67.108864,p2p,1503.7710278214015,1505.0231007758,1.252072954398331,pp_forward,1,1,2,2,2,"36,40"
p2p_fwd_mb14_s1_dp3,52,56,67108864,67.108864,p2p,1503.7710278214015,1505.0231007758,1.252072954398331,pp_forward,1,1,2,3,3,"52,56"
ar_l16_tp8_9_10_11,8,-1,100663296,100.663296,all_reduce,1446.0213137217345,1448.838457964347,2.8171442426123683,tp_all_reduce,16,2,-1,0,-1,"8,9,10,11"
ar_l17_tp8_9_10_11,8,-1,100663296,100.663296,all_reduce,1455.6414397173849,1458.4547845034547,2.8133447860698713,tp_all_reduce,17,2,-1,0,-1,"8,9,10,11"
ar_l18_tp8_9_10_11,8,-1,100663296,100.663296,all_reduce,1462.4865350790496,1465.2999354684116,2.813400389361842,tp_all_reduce,18,2,-1,0,-1,"8,9,10,11"
ar_l19_tp8_9_10_11,8,-1,100663296,100.663296,all_reduce,1472.0816535175873,1474.898171342759,2.8165178251717826,tp_all_reduce,19,2,-1,0,-1,"8,9,10,11"
ar_l20_tp8_9_10_11,8,-1,100663296,100.663296,all_reduce,1478.6132766938201,1481.4259535873387,2.8126768935186064,tp_all_reduce,20,2,-1,0,-1,"8,9,10,11"
ar_l21_tp8_9_10_11,8,-1,100663296,100.663296,all_reduce,1488.6825934653978,1491.4973461570225,2.814752691624678,tp_all_reduce,21,2,-1,0,-1,"8,9,10,11"
ar_l22_tp8_9_10_11,8,-1,100663296,100.663296,all_reduce,1495.5740328725142,1498.3894526231652,2.815419750650916,tp_all_reduce,22,2,-1,0,-1,"8,9,10,11"
ar_l23_tp8_9_10_11,8,-1,100663296,100.663296,all_reduce,1505.7871650876805,1508.6040942459315,2.816929158251158,tp_all_reduce,23,2,-1,0,-1,"8,9,10,11"
ar_l16_tp24_25_26_27,24,-1,100663296,100.663296,all_reduce,1446.0213137217345,1448.8374042504242,2.8160905286895854,tp_all_reduce,16,2,-1,1,-1,"24,25,26,27"
ar_l17_tp24_25_26_27,24,-1,100663296,100.663296,all_reduce,1455.5721900120157,1458.387437768318,2.815247756302375,tp_all_reduce,17,2,-1,1,-1,"24,25,26,27"
ar_l18_tp24_25_26_27,24,-1,100663296,100.663296,all_reduce,1462.3200626047662,1465.1385201189864,2.818457514220052,tp_all_reduce,18,2,-1,1,-1,"24,25,26,27"
ar_l19_tp24_25_26_27,24,-1,100663296,100.663296,all_reduce,1472.3153197414797,1475.131128875122,2.8158091336421,tp_all_reduce,19,2,-1,1,-1,"24,25,26,27"
ar_l20_tp24_25_26_27,24,-1,100663296,100.663296,all_reduce,1478.816878242164,1481.634091206153,2.8172129639889576,tp_all_reduce,20,2,-1,1,-1,"24,25,26,27"
ar_l21_tp24_25_26_27,24,-1,100663296,100.663296,all_reduce,1488.47177145196,1491.287495285751,2.8157238337909174,tp_all_reduce,21,2,-1,1,-1,"24,25,26,27"
ar_l22_tp24_25_26_27,24,-1,100663296,100.663296,all_reduce,1494.8605933291205,1497.6745554258978,2.8139620967770895,tp_all_reduce,22,2,-1,1,-1,"24,25,26,27"
ar_l23_tp24_25_26_27,24,-1,100663296,100.663296,all_reduce,1504.5192333848947,1507.3349854499404,2.8157520650458068,tp_all_reduce,23,2,-1,1,-1,"24,25,26,27"
ar_l16_tp40_41_42_43,40,-1,100663296,100.663296,all_reduce,1446.0213137217345,1448.834527812731,2.813214090996441,tp_all_reduce,16,2,-1,2,-1,"40,41,42,43"
ar_l17_tp40_41_42_43,40,-1,100663296,100.663296,all_reduce,1456.0001739733316,1458.8138531184024,2.813679145071024,tp_all_reduce,17,2,-1,2,-1,"40,41,42,43"
ar_l18_tp40_41_42_43,40,-1,100663296,100.663296,all_reduce,1462.6929225511678,1465.507795477338,2.814872926170331,tp_all_reduce,18,2,-1,2,-1,"40,41,42,43"
ar_l19_tp40_41_42_43,40,-1,100663296,100.663296,all_reduce,1472.7679116582515,1475.582785995125,2.814874336873663,tp_all_reduce,19,2,-1,2,-1,"40,41,42,43"
ar_l20_tp40_41_42_43,40,-1,100663296,100.663296,all_reduce,1479.28888498301,1482.1035680475552,2.8146830645452425,tp_all_reduce,20,2,-1,2,-1,"40,41,42,43"
ar_l21_tp40_41_42_43,40,-1,100663296,100.663296,all_reduce,1488.8752270770406,1491.6893361298203,2.8141090527797896,tp_all_reduce,21,2,-1,2,-1,"40,41,42,43"
ar_l22_tp40_41_42_43,40,-1,100663296,100.663296,all_reduce,1495.404663175989,1498.2191478135378,2.814484637548853,tp_all_reduce,22,2,-1,2,-1,"40,41,42,43"
ar_l23_tp40_41_42_43,40,-1,100663296,100.663296,all_reduce,1505.461312833242,1508.2741901240652,2.812877290823357,tp_all_reduce,23,2,-1,2,-1,"40,41,42,43"
ar_l16_tp56_57_58_59,56,-1,100663296,100.663296,all_reduce,1446.0213137217345,1448.834173992641,2.8128602709063255,tp_all_reduce,16,2,-1,3,-1,"56,57,58,59"
ar_l17_tp56_57_58_59,56,-1,100663296,100.663296,all_reduce,1456.0048651934992,1458.8205562629616,2.815691069462556,tp_all_reduce,17,2,-1,3,-1,"56,57,58,59"
ar_l18_tp56_57_58_59,56,-1,100663296,100.663296,all_reduce,1462.3781059877228,1465.1931450811305,2.815039093407856,tp_all_reduce,18,2,-1,3,-1,"56,57,58,59"
ar_l19_tp56_57_58_59,56,-1,100663296,100.663296,all_reduce,1472.127590957722,1474.942616269369,2.8150253116467905,tp_all_reduce,19,2,-1,3,-1,"56,57,58,59"
ar_l20_tp56_57_58_59,56,-1,100663296,100.663296,all_reduce,1478.485496094683,1481.2981741560925,2.8126780614095015,tp_all_reduce,20,2,-1,3,-1,"56,57,58,59"
ar_l21_tp56_57_58_59,56,-1,100663296,100.663296,all_reduce,1488.712031647376,1491.5302909605077,2.8182593131316214,tp_all_reduce,21,2,-1,3,-1,"56,57,58,59"
ar_l22_tp56_57_58_59,56,-1,100663296,100.663296,all_reduce,1495.6382331428106,1498.4538931454301,2.815660002619458,tp_all_reduce,22,2,-1,3,-1,"56,57,58,59"
ar_l23_tp56_57_58_59,56,-1,100663296,100.663296,all_reduce,1505.550888008134,1508.3649556370403,2.814067628906347,tp_all_reduce,23,2,-1,3,-1,"56,57,58,59"
p2p_bwd_mb12_s2_dp0,8,4,67108864,67.108864,p2p,1512.6102076049858,1513.8621618806594,1.2519542756734836,pp_backward,2,2,1,0,0,"8,4"
p2p_bwd_mb12_s2_dp1,24,20,67108864,67.108864,p2p,1512.6102076049858,1513.8621618806594,1.2519542756734836,pp_backward,2,2,1,1,1,"24,20"
p2p_bwd_mb12_s2_dp2,40,36,67108864,67.108864,p2p,1512.6102076049858,1513.8621618806594,1.2519542756734836,pp_backward,2,2,1,2,2,"40,36"
p2p_bwd_mb12_s2_dp3,56,52,67108864,67.108864,p2p,1512.6102076049858,1513.8621618806594,1.2519542756734836,pp_backward,2,2,1,3,3,"56,52"
ar_l24_tp12_13_14_15,12,-1,100663296,100.663296,all_reduce,1446.0213137217345,1448.835929734456,2.8146160127213715,tp_all_reduce,24,3,-1,0,-1,"12,13,14,15"
ar_l25_tp12_13_14_15,12,-1,100663296,100.663296,all_reduce,1449.222542312497,1452.038367968262,2.815825655765103,tp_all_reduce,25,3,-1,0,-1,"12,13,14,15"
ar_l26_tp12_13_14_15,12,-1,100663296,100.663296,all_reduce,1452.3701204910453,1455.1834122946414,2.8132918035961296,tp_all_reduce,26,3,-1,0,-1,"12,13,14,15"
ar_l27_tp12_13_14_15,12,-1,100663296,100.663296,all_reduce,1455.669681939857,1458.4824140565281,2.8127321166711017,tp_all_reduce,27,3,-1,0,-1,"12,13,14,15"
ar_l28_tp12_13_14_15,12,-1,100663296,100.663296,all_reduce,1458.9972958489109,1461.8137276646444,2.8164318157335444,tp_all_reduce,28,3,-1,0,-1,"12,13,14,15"
ar_l29_tp12_13_14_15,12,-1,100663296,100.663296,all_reduce,1462.2393769705882,1465.0542603037554,2.814883333167373,tp_all_reduce,29,3,-1,0,-1,"12,13,14,15"
ar_l30_tp12_13_14_15,12,-1,100663296,100.663296,all_reduce,1465.630007996401,1468.4453737033132,2.8153657069120985,tp_all_reduce,30,3,-1,0,-1,"12,13,14,15"
ar_l31_tp12_13_14_15,12,-1,100663296,100.663296,all_reduce,1469.0269570247585,1471.8451617405192,2.818204715760775,tp_all_reduce,31,3,-1,0,-1,"12,13,14,15"
ar_l24_tp28_29_30_31,28,-1,100663296,100.663296,all_reduce,1446.0213137217345,1448.8360881051838,2.8147743834492367,tp_all_reduce,24,3,-1,1,-1,"28,29,30,31"
ar_l25_tp28_29_30_31,28,-1,100663296,100.663296,all_reduce,1449.2657847195667,1452.0815853107224,2.815800591155604,tp_all_reduce,25,3,-1,1,-1,"28,29,30,31"
ar_l26_tp28_29_30_31,28,-1,100663296,100.663296,all_reduce,1452.544489703049,1455.357918125358,2.813428422309139,tp_all_reduce,26,3,-1,1,-1,"28,29,30,31"
ar_l27_tp28_29_30_31,28,-1,100663296,100.663296,all_reduce,1455.731876633942,1458.5452193681856,2.813342734243607,tp_all_reduce,27,3,-1,1,-1,"28,29,30,31"
ar_l28_tp28_29_30_31,28,-1,100663296,100.663296,all_reduce,1459.06979056542,1461.8830163788564,2.8132258134363486,tp_all_reduce,28,3,-1,1,-1,"28,29,30,31"
ar_l29_tp28_29_30_31,28,-1,100663296,100.663296,all_reduce,1462.2890561072415,1465.104653609882,2.815597502640488,tp_all_reduce,29,3,-1,1,-1,"28,29,30,31"
ar_l30_tp28_29_30_31,28,-1,100663296,100.663296,all_reduce,1465.6078122165925,1468.4243485499992,2.8165363334067273,tp_all_reduce,30,3,-1,1,-1,"28,29,30,31"
ar_l31_tp28_29_30_31,28,-1,100663296,100.663296,all_reduce,1468.7809164132798,1471.598430962821,2.817514549541489,tp_all_reduce,31,3,-1,1,-1,"28,29,30,31"
ar_l24_tp44_45_46_47,44,-1,100663296,100.663296,all_reduce,1446.0213137217345,1448.834502898587,2.813189176852582,tp_all_reduce,24,3,-1,2,-1,"44,45,46,47"
ar_l25_tp44_45_46_47,44,-1,100663296,100.663296,all_reduce,1449.4724343103833,1452.2871444476616,2.814710137278187,tp_all_reduce,25,3,-1,2,-1,"44,45,46,47"
ar_l26_tp44_45_46_47,44,-1,100663296,100.663296,all_reduce,1452.713423961395,1455.526980027939,2.8135560665440984,tp_all_reduce,26,3,-1,2,-1,"44,45,46,47"
ar_l27_tp44_45_46_47,44,-1,100663296,100.663296,all_reduce,1456.016523437903,1458.8350611707642,2.818537732861115,tp_all_reduce,27,3,-1,2,-1,"44,45,46,47"
ar_l28_tp44_45_46_47,44,-1,100663296,100.663296,all_reduce,1459.3860065994334,1462.2038994486534,2.8178928492201827,tp_all_reduce,28,3,-1,2,-1,"44,45,46,47"
ar_l29_tp44_45_46_47,44,-1,100663296,100.663296,all_reduce,1462.6174567161095,1465.4355730922216,2.8181163761120676,tp_all_reduce,29,3,-1,2,-1,"44,45,46,47"
ar_l30_tp44_45_46_47,44,-1,100663296,100.663296,all_reduce,1466.0946839632045,1468.9098162459445,2.815132282739885,tp_all_reduce,30,3,-1,2,-1,"44,45,46,47"
ar_l31_tp44_45_46_47,44,-1,100663296,100.663296,all_reduce,1469.4921751251554,1472.310386553802,2.8182114286463555,tp_all_reduce,31,3,-1,2,-1,"44,45,46,47"
ar_l24_tp60_61_62_63,60,-1,100663296,100.663296,all_reduce,1446.0213137217345,1448.8397745119948,2.8184607902601577,tp_all_reduce,24,3,-1,3,-1,"60,61,62,63"
ar_l25_tp60_61_62_63,60,-1,100663296,100.663296,all_reduce,1449.3088359729516,1452.1266721841635,2.8178362112118993,tp_all_reduce,25,3,-1,3,-1,"60,61,62,63"
ar_l26_tp60_61_62_63,60,-1,100663296,100.663296,all_reduce,1452.6324282754351,1455.448864120215,2.816435844779974,tp_all_reduce,26,3,-1,3,-1,"60,61,62,63"
ar_l27_tp60_61_62_63,60,-1,100663296,100.663296,all_reduce,1456.0009748683929,1458.816510977912,2.8155361095192344,tp_all_reduce,27,3,-1,3,-1,"60,61,62,63"
ar_l28_tp60_61_62_63,60,-1,100663296,100.663296,all_reduce,1459.3856755249835,1462.2023626881746,2.816687163191167,tp_all_reduce,28,3,-1,3,-1,"60,61,62,63"
ar_l29_tp60_61_62_63,60,-1,100663296,100.663296,all_reduce,1462.5883545424342,1465.40300181517,2.8146472727357263,tp_all_reduce,29,3,-1,3,-1,"60,61,62,63"
ar_l30_tp60_61_62_63,60,-1,100663296,100.663296,all_reduce,1465.9837178427647,1468.796620319251,2.8129024764862454,tp_all_reduce,30,3,-1,3,-1,"60,61,62,63"
ar_l31_tp60_61_62_63,60,-1,100663296,100.663296,all_reduce,1469.3355623382565,1472.1520016840639,2.816439345807442,tp_all_reduce,31,3,-1,3,-1,"60,61,62,63"
ar_l0_tp0_1_2_3,0,-1,100663296,100.663296,all_reduce,1543.9782703691405,1546.7921442870477,2.813873917907106,tp_all_reduce,0,0,-1,0,-1,"0,1,2,3"
ar_l1_tp0_1_2_3,0,-1,100663296,100.663296,all_reduce,1547.2231560241264,1550.0379791613566,2.814823137230027,tp_all_reduce,1,0,-1,0,-1,"0,1,2,3"
ar_l2_tp0_1_2_3,0,-1,100663296,100.663296,all_reduce,1550.6489952919658,1553.463955963318,2.81496067135234,tp_all_reduce,2,0,-1,0,-1,"0,1,2,3"
ar_l3_tp0_1_2_3,0,-1,100663296,100.663296,all_reduce,1553.8609108374446,1556.6745637978622,2.8136529604176896,tp_all_reduce,3,0,-1,0,-1,"0,1,2,3"
ar_l4_tp0_1_2_3,0,-1,100663296,100.663296,all_reduce,1557.216417049879,1560.0293430475833,2.8129259977043297,tp_all_reduce,4,0,-1,0,-1,"0,1,2,3"
ar_l5_tp0_1_2_3,0,-1,100663296,100.663296,all_reduce,1560.5672248919516,1563.38068024096,2.8134553490084535,tp_all_reduce,5,0,-1,0,-1,"0,1,2,3"
ar_l6_tp0_1_2_3,0,-1,100663296,100.663296,all_reduce,1563.8294215367991,1566.6438374104528,2.8144158736536085,tp_all_reduce,6,0,-1,0,-1,"0,1,2,3"
ar_l7_tp0_1_2_3,0,-1,100663296,100.663296,all_reduce,1567.0821244660433,1569.8981055986146,2.815981132571199,tp_all_reduce,7,0,-1,0,-1,"0,1,2,3"
ar_l0_tp16_17_18_19,16,-1,100663296,100.663296,all_reduce,1543.9752760939418,1546.7914587347168,2.8161826407751,tp_all_reduce,0,0,-1,1,-1,"16,17,18,19"
ar_l1_tp16_17_18_19,16,-1,100663296,100.663296,all_reduce,1547.1443157503288,1549.959714649463,2.8153988991341805,tp_all_reduce,1,0,-1,1,-1,"16,17,18,19"
ar_l2_tp16_17_18_19,16,-1,100663296,100.663296,all_reduce,1550.5793117973267,1553.3967958857838,2.817484088456945,tp_all_reduce,2,0,-1,1,-1,"16,17,18,19"
ar_l3_tp16_17_18_19,16,-1,100663296,100.663296,all_reduce,1553.7831395695334,1556.5997926876626,2.8166531181290644,tp_all_reduce,3,0,-1,1,-1,"16,17,18,19"
ar_l4_tp16_17_18_19,16,-1,100663296,100.663296,all_reduce,1556.9506907576679,1559.7675865331055,2.8168957754377555,tp_all_reduce,4,0,-1,1,-1,"16,17,18,19"
ar_l5_tp16_17_18_19,16,-1,100663296,100.663296,all_reduce,1560.3020242961538,1563.1201283174348,2.8181040212809094,tp_all_reduce,5,0,-1,1,-1,"16,17,18,19"
ar_l6_tp16_17_18_19,16,-1,100663296,100.663296,all_reduce,1563.6743671549134,1566.4914168848256,2.8170497299122577,tp_all_reduce,6,0,-1,1,-1,"16,17,18,19"
ar_l7_tp16_17_18_19,16,-1,100663296,100.663296,all_reduce,1567.1357551148958,1569.949651293496,2.8138961785999506,tp_all_reduce,7,0,-1,1,-1,"16,17,18,19"
ar_l0_tp32_33_34_35,32,-1,100663296,100.663296,all_reduce,1543.9754073931954,1546.7891915317714,2.8137841385760254,tp_all_reduce,0,0,-1,2,-1,"32,33,34,35"
ar_l1_tp32_33_34_35,32,-1,100663296,100.663296,all_reduce,1547.4090144015988,1550.2257872045313,2.8167728029324657,tp_all_reduce,1,0,-1,2,-1,"32,33,34,35"
ar_l2_tp32_33_34_35,32,-1,100663296,100.663296,all_reduce,1550.7000793366467,1553.51799788856,2.8179185519132677,tp_all_reduce,2,0,-1,2,-1,"32,33,34,35"
ar_l3_tp32_33_34_35,32,-1,100663296,100.663296,all_reduce,1554.126755673352,1556.9436105196917,2.816854846339645,tp_all_reduce,3,0,-1,2,-1,"32,33,34,35"
ar_l4_tp32_33_34_35,32,-1,100663296,100.663296,all_reduce,1557.4940970263144,1560.308586389962,2.8144893636476986,tp_all_reduce,4,0,-1,2,-1,"32,33,34,35"
ar_l5_tp32_33_34_35,32,-1,100663296,100.663296,all_reduce,1560.8374077431142,1563.6501611608371,2.812753417722913,tp_all_reduce,5,0,-1,2,-1,"32,33,34,35"
ar_l6_tp32_33_34_35,32,-1,100663296,100.663296,all_reduce,1564.277931854612,1567.0959294019754,2.817997547363227,tp_all_reduce,6,0,-1,2,-1,"32,33,34,35"
ar_l7_tp32_33_34_35,32,-1,100663296,100.663296,all_reduce,1567.73279925085,1570.5466327280876,2.813833477237848,tp_all_reduce,7,0,-1,2,-1,"32,33,34,35"
ar_l0_tp48_49_50_51,48,-1,100663296,100.663296,all_reduce,1543.9739204008968,1546.7889330765174,2.815012675620787,tp_all_reduce,0,0,-1,3,-1,"48,49,50,51"
ar_l1_tp48_49_50_51,48,-1,100663296,100.663296,all_reduce,1547.31620823718,1550.1314868046054,2.815278567425361,tp_all_reduce,1,0,-1,3,-1,"48,49,50,51"
ar_l2_tp48_49_50_51,48,-1,100663296,100.663296,all_reduce,1550.59398454218,1553.4097243009176,2.815739758737612,tp_all_reduce,2,0,-1,3,-1,"48,49,50,51"
ar_l3_tp48_49_50_51,48,-1,100663296,100.663296,all_reduce,1553.921087367665,1556.7360830958507,2.8149957281857763,tp_all_reduce,3,0,-1,3,-1,"48,49,50,51"
ar_l4_tp48_49_50_51,48,-1,100663296,100.663296,all_reduce,1557.101679963061,1559.9163348543289,2.814654891267754,tp_all_reduce,4,0,-1,3,-1,"48,49,50,51"
ar_l5_tp48_49_50_51,48,-1,100663296,100.663296,all_reduce,1560.5420787226212,1563.3558331992579,2.813754476636676,tp_all_reduce,5,0,-1,3,-1,"48,49,50,51"
ar_l6_tp48_49_50_51,48,-1,100663296,100.663296,all_reduce,1563.8303103578264,1566.6454750925498,2.81516473472343,tp_all_reduce,6,0,-1,3,-1,"48,49,50,51"
ar_l7_tp48_49_50_51,48,-1,100663296,100.663296,all_reduce,1566.9774463399972,1569.7906078985077,2.813161558510524,tp_all_reduce,7,0,-1,3,-1,"48,49,50,51"
p2p_fwd_mb15_s0_dp0,0,4,67108864,67.108864,p2p,1571.0327747046852,1572.2828017333152,1.2500270286301962,pp_forward,0,0,1,0,0,"0,4"
p2p_fwd_mb15_s0_dp1,16,20,67108864,67.108864,p2p,1571.0327747046852,1572.2828017333152,1.2500270286301962,pp_forward,0,0,1,1,1,"16,20"
p2p_fwd_mb15_s0_dp2,32,36,67108864,67.108864,p2p,1571.0327747046852,1572.2828017333152,1.2500270286301962,pp_forward,0,0,1,2,2,"32,36"
p2p_fwd_mb15_s0_dp3,48,52,67108864,67.108864,p2p,1571.0327747046852,1572.2828017333152,1.2500270286301962,pp_forward,0,0,1,3,3,"48,52"
ar_l8_tp4_5_6_7,4,-1,100663296,100.663296,all_reduce,1513.8621618806594,1516.679272086699,2.817110206039697,tp_all_reduce,8,1,-1,0,-1,"4,5,6,7"
ar_l9_tp4_5_6_7,4,-1,100663296,100.663296,all_reduce,1523.358288014335,1526.172039303439,2.813751289104216,tp_all_reduce,9,1,-1,0,-1,"4,5,6,7"
ar_l10_tp4_5_6_7,4,-1,100663296,100.663296,all_reduce,1530.2188964881086,1533.0318312698457,2.812934781736942,tp_all_reduce,10,1,-1,0,-1,"4,5,6,7"
ar_l11_tp4_5_6_7,4,-1,100663296,100.663296,all_reduce,1540.4985331484127,1543.3118243181461,2.8132911697333896,tp_all_reduce,11,1,-1,0,-1,"4,5,6,7"
ar_l12_tp4_5_6_7,4,-1,100663296,100.663296,all_reduce,1547.1887563864334,1550.0041689861173,2.8154125996837642,tp_all_reduce,12,1,-1,0,-1,"4,5,6,7"
ar_l13_tp4_5_6_7,4,-1,100663296,100.663296,all_reduce,1556.8837616006106,1559.6975437861972,2.8137821855866996,tp_all_reduce,13,1,-1,0,-1,"4,5,6,7"
ar_l14_tp4_5_6_7,4,-1,100663296,100.663296,all_reduce,1563.2959795047605,1566.1123183621526,2.8163388573920756,tp_all_reduce,14,1,-1,0,-1,"4,5,6,7"
ar_l15_tp4_5_6_7,4,-1,100663296,100.663296,all_reduce,1573.2694729410798,1576.0846924099385,2.815219468858654,tp_all_reduce,15,1,-1,0,-1,"4,5,6,7"
ar_l8_tp20_21_22_23,20,-1,100663296,100.663296,all_reduce,1513.8621618806594,1516.6765351832125,2.814373302553186,tp_all_reduce,8,1,-1,1,-1,"20,21,22,23"
ar_l9_tp20_21_22_23,20,-1,100663296,100.663296,all_reduce,1523.5978285282604,1526.413705148971,2.8158766207107,tp_all_reduce,9,1,-1,1,-1,"20,21,22,23"
ar_l10_tp20_21_22_23,20,-1,100663296,100.663296,all_reduce,1530.3142554184217,1533.1282019575872,2.813946539165446,tp_all_reduce,10,1,-1,1,-1,"20,21,22,23"
ar_l11_tp20_21_22_23,20,-1,100663296,100.663296,all_reduce,1540.2265033065219,1543.0402381400531,2.8137348335313117,tp_all_reduce,11,1,-1,1,-1,"20,21,22,23"
ar_l12_tp20_21_22_23,20,-1,100663296,100.663296,all_reduce,1546.7495353295003,1549.5630939951059,2.813558665605731,tp_all_reduce,12,1,-1,1,-1,"20,21,22,23"
ar_l13_tp20_21_22_23,20,-1,100663296,100.663296,all_reduce,1556.3882955048362,1559.2058035479959,2.817508043159611,tp_all_reduce,13,1,-1,1,-1,"20,21,22,23"
ar_l14_tp20_21_22_23,20,-1,100663296,100.663296,all_reduce,1562.9377757030973,1565.7563074186016,2.81853171550428,tp_all_reduce,14,1,-1,1,-1,"20,21,22,23"
ar_l15_tp20_21_22_23,20,-1,100663296,100.663296,all_reduce,1572.7914400084092,1575.6064130296297,2.8149730212205792,tp_all_reduce,15,1,-1,1,-1,"20,21,22,23"
ar_l8_tp36_37_38_39,36,-1,100663296,100.663296,all_reduce,1513.8621618806594,1516.6804737873997,2.8183119067404228,tp_all_reduce,8,1,-1,2,-1,"36,37,38,39"
ar_l9_tp36_37_38_39,36,-1,100663296,100.663296,all_reduce,1523.7876395514447,1526.6002140968292,2.8125745453844164,tp_all_reduce,9,1,-1,2,-1,"36,37,38,39"
ar_l10_tp36_37_38_39,36,-1,100663296,100.663296,all_reduce,1530.3700543435457,1533.1880851853223,2.8180308417766753,tp_all_reduce,10,1,-1,2,-1,"36,37,38,39"
ar_l11_tp36_37_38_39,36,-1,100663296,100.663296,all_reduce,1539.9053737785457,1542.722911638391,2.817537859845176,tp_all_reduce,11,1,-1,2,-1,"36,37,38,39"
ar_l12_tp36_37_38_39,36,-1,100663296,100.663296,all_reduce,1546.793841049956,1549.6072179837518,2.813376933795686,tp_all_reduce,12,1,-1,2,-1,"36,37,38,39"
ar_l13_tp36_37_38_39,36,-1,100663296,100.663296,all_reduce,1556.4280905047585,1559.2415482187205,2.81345771396202,tp_all_reduce,13,1,-1,2,-1,"36,37,38,39"
ar_l14_tp36_37_38_39,36,-1,100663296,100.663296,all_reduce,1562.893716882239,1565.7105285870566,2.8168117048177344,tp_all_reduce,14,1,-1,2,-1,"36,37,38,39"
ar_l15_tp36_37_38_39,36,-1,100663296,100.663296,all_reduce,1572.556956261171,1575.3707117314484,2.8137554702774015,tp_all_reduce,15,1,-1,2,-1,"36,37,38,39"
ar_l8_tp52_53_54_55,52,-1,100663296,100.663296,all_reduce,1513.8621618806594,1516.6806792886268,2.818517407967569,tp_all_reduce,8,1,-1,3,-1,"52,53,54,55"
ar_l9_tp52_53_54_55,52,-1,100663296,100.663296,all_reduce,1524.0940976905242,1526.911312427378,2.8172147368539235,tp_all_reduce,9,1,-1,3,-1,"52,53,54,55"
ar_l10_tp52_53_54_55,52,-1,100663296,100.663296,all_reduce,1530.6190235790057,1533.43563619899,2.816612619984449,tp_all_reduce,10,1,-1,3,-1,"52,53,54,55"
ar_l11_tp52_53_54_55,52,-1,100663296,100.663296,all_reduce,1540.6979230897898,1543.514552061023,2.816628971233248,tp_all_reduce,11,1,-1,3,-1,"52,53,54,55"
ar_l12_tp52_53_54_55,52,-1,100663296,100.663296,all_reduce,1547.4906121304368,1550.3047640424893,2.814151912052587,tp_all_reduce,12,1,-1,3,-1,"52,53,54,55"
ar_l13_tp52_53_54_55,52,-1,100663296,100.663296,all_reduce,1557.0433805682146,1559.8577197009122,2.814339132697574,tp_all_reduce,13,1,-1,3,-1,"52,53,54,55"
ar_l14_tp52_53_54_55,52,-1,100663296,100.663296,all_reduce,1563.6408952258596,1566.454613535316,2.8137183094563145,tp_all_reduce,14,1,-1,3,-1,"52,53,54,55"
ar_l15_tp52_53_54_55,52,-1,100663296,100.663296,all_reduce,1573.7599331722304,1576.5772605279044,2.817327355674193,tp_all_reduce,15,1,-1,3,-1,"52,53,54,55"
p2p_bwd_mb12_s1_dp0,4,0,67108864,67.108864,p2p,1580.492293520399,1581.742782028511,1.2504885081119355,pp_backward,1,1,0,0,0,"4,0"
p2p_bwd_mb12_s1_dp1,20,16,67108864,67.108864,p2p,1580.492293520399,1581.742782028511,1.2504885081119355,pp_backward,1,1,0,1,1,"20,16"
p2p_bwd_mb12_s1_dp2,36,32,67108864,67.108864,p2p,1580.492293520399,1581.742782028511,1.2504885081119355,pp_backward,1,1,0,2,2,"36,32"
p2p_bwd_mb12_s1_dp3,52,48,67108864,67.108864,p2p,1580.492293520399,1581.742782028511,1.2504885081119355,pp_backward,1,1,0,3,3,"52,48"
ar_l16_tp8_9_10_11,8,-1,100663296,100.663296,all_reduce,1513.8621618806594,1516.6769494941354,2.8147876134760885,tp_all_reduce,16,2,-1,0,-1,"8,9,10,11"
ar_l17_tp8_9_10_11,8,-1,100663296,100.663296,all_reduce,1517.1332373976124,1519.9476100385655,2.8143726409528558,tp_all_reduce,17,2,-1,0,-1,"8,9,10,11"
ar_l18_tp8_9_10_11,8,-1,100663296,100.663296,all_reduce,1520.3696027501985,1523.1865236397932,2.8169208895947317,tp_all_reduce,18,2,-1,0,-1,"8,9,10,11"
ar_l19_tp8_9_10_11,8,-1,100663296,100.663296,all_reduce,1523.5971334276837,1526.4153537892714,2.818220361587853,tp_all_reduce,19,2,-1,0,-1,"8,9,10,11"
ar_l20_tp8_9_10_11,8,-1,100663296,100.663296,all_reduce,1526.8664442524687,1529.6797324626352,2.8132882101665757,tp_all_reduce,20,2,-1,0,-1,"8,9,10,11"
ar_l21_tp8_9_10_11,8,-1,100663296,100.663296,all_reduce,1530.1665175080918,1532.9803905964036,2.8138730883118246,tp_all_reduce,21,2,-1,0,-1,"8,9,10,11"
ar_l22_tp8_9_10_11,8,-1,100663296,100.663296,all_reduce,1533.364882511869,1536.1786122128747,2.813729701005796,tp_all_reduce,22,2,-1,0,-1,"8,9,10,11"
ar_l23_tp8_9_10_11,8,-1,100663296,100.663296,all_reduce,1536.832429129056,1539.646724923498,2.8142957944419233,tp_all_reduce,23,2,-1,0,-1,"8,9,10,11"
ar_l16_tp24_25_26_27,24,-1,100663296,100.663296,all_reduce,1513.8621618806594,1516.6794936708468,2.817331790187394,tp_all_reduce,16,2,-1,1,-1,"24,25,26,27"
ar_l17_tp24_25_26_27,24,-1,100663296,100.663296,all_reduce,1517.2961965808054,1520.1139387485994,2.8177421677939574,tp_all_reduce,17,2,-1,1,-1,"24,25,26,27"
ar_l18_tp24_25_26_27,24,-1,100663296,100.663296,all_reduce,1520.6044033228643,1523.4222553635,2.817852040635671,tp_all_reduce,18,2,-1,1,-1,"24,25,26,27"
ar_l19_tp24_25_26_27,24,-1,100663296,100.663296,all_reduce,1523.7763731477598,1526.5914460328856,2.8150728851257245,tp_all_reduce,19,2,-1,1,-1,"24,25,26,27"
ar_l20_tp24_25_26_27,24,-1,100663296,100.663296,all_reduce,1527.1557937834814,1529.972730009349,2.81693622586765,tp_all_reduce,20,2,-1,1,-1,"24,25,26,27"
ar_l21_tp24_25_26_27,24,-1,100663296,100.663296,all_reduce,1530.612246376282,1533.4291637286262,2.8169173523442392,tp_all_reduce,21,2,-1,1,-1,"24,25,26,27"
ar_l22_tp24_25_26_27,24,-1,100663296,100.663296,all_reduce,1533.8897746060566,1536.703723119846,2.813948513789466,tp_all_reduce,22,2,-1,1,-1,"24,25,26,27"
ar_l23_tp24_25_26_27,24,-1,100663296,100.663296,all_reduce,1537.35675573493,1540.1730962287434,2.8163404938135184,tp_all_reduce,23,2,-1,1,-1,"24,25,26,27"
ar_l16_tp40_41_42_43,40,-1,100663296,100.663296,all_reduce,1513.8621618806594,1516.675185783882,2.813023903222689,tp_all_reduce,16,2,-1,2,-1,"40,41,42,43"
ar_l17_tp40_41_42_43,40,-1,100663296,100.663296,all_reduce,1517.3053099545273,1520.1199699941762,2.8146600396490307,tp_all_reduce,17,2,-1,2,-1,"40,41,42,43"
ar_l18_tp40_41_42_43,40,-1,100663296,100.663296,all_reduce,1520.7651293332742,1523.58296376289,2.8178344296156954,tp_all_reduce,18,2,-1,2,-1,"40,41,42,43"
ar_l19_tp40_41_42_43,40,-1,100663296,100.663296,all_reduce,1523.9715229239357,1526.7869335727012,2.8154106487654484,tp_all_reduce,19,2,-1,2,-1,"40,41,42,43"
ar_l20_tp40_41_42_43,40,-1,100663296,100.663296,all_reduce,1527.1458800620821,1529.961092583522,2.8152125214400137,tp_all_reduce,20,2,-1,2,-1,"40,41,42,43"
ar_l21_tp40_41_42_43,40,-1,100663296,100.663296,all_reduce,1530.5438391203418,1533.3606002440652,2.8167611237233103,tp_all_reduce,21,2,-1,2,-1,"40,41,42,43"
ar_l22_tp40_41_42_43,40,-1,100663296,100.663296,all_reduce,1533.7910571497225,1536.6055424628103,2.814485313087811,tp_all_reduce,22,2,-1,2,-1,"40,41,42,43"
ar_l23_tp40_41_42_43,40,-1,100663296,100.663296,all_reduce,1536.9765501007876,1539.792222082879,2.815671982091539,tp_all_reduce,23,2,-1,2,-1,"40,41,42,43"
ar_l16_tp56_57_58_59,56,-1,100663296,100.663296,all_reduce,1513.8621618806594,1516.675890423519,2.8137285428595504,tp_all_reduce,16,2,-1,3,-1,"56,57,58,59"
ar_l17_tp56_57_58_59,56,-1,100663296,100.663296,all_reduce,1517.0884330324247,1519.9029112277756,2.8144781953507447,tp_all_reduce,17,2,-1,3,-1,"56,57,58,59"
ar_l18_tp56_57_58_59,56,-1,100663296,100.663296,all_reduce,1520.4149151527577,1523.2304806350357,2.815565482277904,tp_all_reduce,18,2,-1,3,-1,"56,57,58,59"
ar_l19_tp56_57_58_59,56,-1,100663296,100.663296,all_reduce,1523.6788972740374,1526.494193616446,2.815296342408624,tp_all_reduce,19,2,-1,3,-1,"56,57,58,59"
ar_l20_tp56_57_58_59,56,-1,100663296,100.663296,all_reduce,1526.8962092129332,1529.7145781930503,2.818368980117114,tp_all_reduce,20,2,-1,3,-1,"56,57,58,59"
ar_l21_tp56_57_58_59,56,-1,100663296,100.663296,all_reduce,1530.1323967732772,1532.9477752223631,2.815378449085859,tp_all_reduce,21,2,-1,3,-1,"56,57,58,59"
ar_l22_tp56_57_58_59,56,-1,100663296,100.663296,all_reduce,1533.5789201312318,1536.3951733427516,2.8162532115199035,tp_all_reduce,22,2,-1,3,-1,"56,57,58,59"
ar_l23_tp56_57_58_59,56,-1,100663296,100.663296,all_reduce,1536.8092927424616,1539.624514842068,2.815222099606274,tp_all_reduce,23,2,-1,3,-1,"56,57,58,59"
p2p_fwd_mb14_s2_dp0,8,12,67108864,67.108864,p2p,1540.5621630740054,1541.8127355199408,1.250572445935516,pp_forward,2,2,3,0,0,"8,12"
p2p_fwd_mb14_s2_dp1,24,28,67108864,67.108864,p2p,1540.5621630740054,1541.8127355199408,1.250572445935516,pp_forward,2,2,3,1,1,"24,28"
p2p_fwd_mb14_s2_dp2,40,44,67108864,67.108864,p2p,1540.5621630740054,1541.8127355199408,1.250572445935516,pp_forward,2,2,3,2,2,"40,44"
p2p_fwd_mb14_s2_dp3,56,60,67108864,67.108864,p2p,1540.5621630740054,1541.8127355199408,1.250572445935516,pp_forward,2,2,3,3,3,"56,60"
ar_l24_tp12_13_14_15,12,-1,100663296,100.663296,all_reduce,1476.2802096709404,1479.0962756663746,2.8160659954341583,tp_all_reduce,24,3,-1,0,-1,"12,13,14,15"
ar_l25_tp12_13_14_15,12,-1,100663296,100.663296,all_reduce,1485.890767164388,1488.7082112401727,2.8174440757844366,tp_all_reduce,25,3,-1,0,-1,"12,13,14,15"
ar_l26_tp12_13_14_15,12,-1,100663296,100.663296,all_reduce,1492.3939468249687,1495.2109800993735,2.8170332744048565,tp_all_reduce,26,3,-1,0,-1,"12,13,14,15"
ar_l27_tp12_13_14_15,12,-1,100663296,100.663296,all_reduce,1502.7118847278075,1505.525043129542,2.8131584017343503,tp_all_reduce,27,3,-1,0,-1,"12,13,14,15"
ar_l28_tp12_13_14_15,12,-1,100663296,100.663296,all_reduce,1509.3419314427074,1512.1557278760467,2.813796433339233,tp_all_reduce,28,3,-1,0,-1,"12,13,14,15"
ar_l29_tp12_13_14_15,12,-1,100663296,100.663296,all_reduce,1519.1934124546392,1522.0066269621216,2.8132145074823978,tp_all_reduce,29,3,-1,0,-1,"12,13,14,15"
ar_l30_tp12_13_14_15,12,-1,100663296,100.663296,all_reduce,1525.577996023828,1528.393851484706,2.815855460877925,tp_all_reduce,30,3,-1,0,-1,"12,13,14,15"
ar_l31_tp12_13_14_15,12,-1,100663296,100.663296,all_reduce,1535.2209709923604,1538.0356542781371,2.814683285776498,tp_all_reduce,31,3,-1,0,-1,"12,13,14,15"
ar_l24_tp28_29_30_31,28,-1,100663296,100.663296,all_reduce,1476.2802096709404,1479.0939071951675,2.813697524226999,tp_all_reduce,24,3,-1,1,-1,"28,29,30,31"
ar_l25_tp28_29_30_31,28,-1,100663296,100.663296,all_reduce,1486.4176151366971,1489.2339526998787,2.816337563181781,tp_all_reduce,25,3,-1,1,-1,"28,29,30,31"
ar_l26_tp28_29_30_31,28,-1,100663296,100.663296,all_reduce,1493.2854826988973,1496.0985697446133,2.813087045716145,tp_all_reduce,26,3,-1,1,-1,"28,29,30,31"
ar_l27_tp28_29_30_31,28,-1,100663296,100.663296,all_reduce,1503.202388300201,1506.0177996519697,2.8154113517686596,tp_all_reduce,27,3,-1,1,-1,"28,29,30,31"
ar_l28_tp28_29_30_31,28,-1,100663296,100.663296,all_reduce,1510.1518642936846,1512.9691444037658,2.8172801100811995,tp_all_reduce,28,3,-1,1,-1,"28,29,30,31"
ar_l29_tp28_29_30_31,28,-1,100663296,100.663296,all_reduce,1519.9148197789634,1522.7321670689914,2.817347290028138,tp_all_reduce,29,3,-1,1,-1,"28,29,30,31"
ar_l30_tp28_29_30_31,28,-1,100663296,100.663296,all_reduce,1526.4140972423984,1529.2299519574751,2.8158547150767266,tp_all_reduce,30,3,-1,1,-1,"28,29,30,31"
ar_l31_tp28_29_30_31,28,-1,100663296,100.663296,all_reduce,1536.4134333913216,1539.2264303783193,2.8129969869976623,tp_all_reduce,31,3,-1,1,-1,"28,29,30,31"
ar_l24_tp44_45_46_47,44,-1,100663296,100.663296,all_reduce,1476.2802096709404,1479.0934462055343,2.813236534593866,tp_all_reduce,24,3,-1,2,-1,"44,45,46,47"
ar_l25_tp44_45_46_47,44,-1,100663296,100.663296,all_reduce,1485.7830576288582,1488.597003377637,2.813945748778801,tp_all_reduce,25,3,-1,2,-1,"44,45,46,47"
ar_l26_tp44_45_46_47,44,-1,100663296,100.663296,all_reduce,1492.6562223180113,1495.4720144548503,2.8157921368390237,tp_all_reduce,26,3,-1,2,-1,"44,45,46,47"
ar_l27_tp44_45_46_47,44,-1,100663296,100.663296,all_reduce,1502.8880138224226,1505.7059316231341,2.8179178007115,tp_all_reduce,27,3,-1,2,-1,"44,45,46,47"
ar_l28_tp44_45_46_47,44,-1,100663296,100.663296,all_reduce,1509.1932524374972,1512.0093782732656,2.8161258357684016,tp_all_reduce,28,3,-1,2,-1,"44,45,46,47"
ar_l29_tp44_45_46_47,44,-1,100663296,100.663296,all_reduce,1519.272584792462,1522.0882135535785,2.8156287611162956,tp_all_reduce,29,3,-1,2,-1,"44,45,46,47"
ar_l30_tp44_45_46_47,44,-1,100663296,100.663296,all_reduce,1525.898037733864,1528.712520691263,2.814482957399056,tp_all_reduce,30,3,-1,2,-1,"44,45,46,47"
ar_l31_tp44_45_46_47,44,-1,100663296,100.663296,all_reduce,1536.0348201046565,1538.8512308931931,2.816410788536672,tp_all_reduce,31,3,-1,2,-1,"44,45,46,47"
ar_l24_tp60_61_62_63,60,-1,100663296,100.663296,all_reduce,1476.2802096709404,1479.0937670545086,2.8135573835681438,tp_all_reduce,24,3,-1,3,-1,"60,61,62,63"
ar_l25_tp60_61_62_63,60,-1,100663296,100.663296,all_reduce,1486.415269521258,1489.2311348879484,2.8158653666903177,tp_all_reduce,25,3,-1,3,-1,"60,61,62,63"
ar_l26_tp60_61_62_63,60,-1,100663296,100.663296,all_reduce,1493.290286006632,1496.1074861874615,2.8172001808295377,tp_all_reduce,26,3,-1,3,-1,"60,61,62,63"
ar_l27_tp60_61_62_63,60,-1,100663296,100.663296,all_reduce,1503.1226331283603,1505.940849921297,2.818216792936701,tp_all_reduce,27,3,-1,3,-1,"60,61,62,63"
ar_l28_tp60_61_62_63,60,-1,100663296,100.663296,all_reduce,1509.645039055638,1512.4596406995395,2.814601643901238,tp_all_reduce,28,3,-1,3,-1,"60,61,62,63"
ar_l29_tp60_61_62_63,60,-1,100663296,100.663296,all_reduce,1519.5029580559797,1522.3183985145033,2.815440458523666,tp_all_reduce,29,3,-1,3,-1,"60,61,62,63"
ar_l30_tp60_61_62_63,60,-1,100663296,100.663296,all_reduce,1525.941056514794,1528.7576525711634,2.8165960563693027,tp_all_reduce,30,3,-1,3,-1,"60,61,62,63"
ar_l31_tp60_61_62_63,60,-1,100663296,100.663296,all_reduce,1536.009425005514,1538.8246237379112,2.815198732397217,tp_all_reduce,31,3,-1,3,-1,"60,61,62,63"
p2p_bwd_mb13_s3_dp0,12,8,67108864,67.108864,p2p,1550.2831460027312,1551.5332932259619,1.250147223230691,pp_backward,3,3,2,0,0,"12,8"
p2p_bwd_mb13_s3_dp1,28,24,67108864,67.108864,p2p,1550.2831460027312,1551.5332932259619,1.250147223230691,pp_backward,3,3,2,1,1,"28,24"
p2p_bwd_mb13_s3_dp2,44,40,67108864,67.108864,p2p,1550.2831460027312,1551.5332932259619,1.250147223230691,pp_backward,3,3,2,2,2,"44,40"
p2p_bwd_mb13_s3_dp3,60,56,67108864,67.108864,p2p,1550.2831460027312,1551.5332932259619,1.250147223230691,pp_backward,3,3,2,3,3,"60,56"
ar_l0_tp0_1_2_3,0,-1,100663296,100.663296,all_reduce,1581.8446422731522,1584.6599712093462,2.8153289361938505,tp_all_reduce,0,0,-1,0,-1,"0,1,2,3"
ar_l1_tp0_1_2_3,0,-1,100663296,100.663296,all_reduce,1591.7472346219763,1594.5652866399626,2.818052017986128,tp_all_reduce,1,0,-1,0,-1,"0,1,2,3"
ar_l2_tp0_1_2_3,0,-1,100663296,100.663296,all_reduce,1598.1511141373387,1600.9659815524828,2.814867415144029,tp_all_reduce,2,0,-1,0,-1,"0,1,2,3"
ar_l3_tp0_1_2_3,0,-1,100663296,100.663296,all_reduce,1608.0855596823974,1610.9002264395574,2.8146667571600226,tp_all_reduce,3,0,-1,0,-1,"0,1,2,3"
ar_l4_tp0_1_2_3,0,-1,100663296,100.663296,all_reduce,1614.6879505729537,1617.5021273361533,2.814176763199727,tp_all_reduce,4,0,-1,0,-1,"0,1,2,3"
ar_l5_tp0_1_2_3,0,-1,100663296,100.663296,all_reduce,1624.5016082804918,1627.3188060673065,2.8171977868147735,tp_all_reduce,5,0,-1,0,-1,"0,1,2,3"
ar_l6_tp0_1_2_3,0,-1,100663296,100.663296,all_reduce,1631.3103756635521,1634.1265437308277,2.8161680672755818,tp_all_reduce,6,0,-1,0,-1,"0,1,2,3"
ar_l7_tp0_1_2_3,0,-1,100663296,100.663296,all_reduce,1641.5208662580114,1644.3366704626892,2.815804204677752,tp_all_reduce,7,0,-1,0,-1,"0,1,2,3"
ar_l0_tp16_17_18_19,16,-1,100663296,100.663296,all_reduce,1581.839398471067,1584.6572740819333,2.817875610866327,tp_all_reduce,0,0,-1,1,-1,"16,17,18,19"
ar_l1_tp16_17_18_19,16,-1,100663296,100.663296,all_reduce,1591.5093862939905,1594.3259111302773,2.8165248362868045,tp_all_reduce,1,0,-1,1,-1,"16,17,18,19"
ar_l2_tp16_17_18_19,16,-1,100663296,100.663296,all_reduce,1598.0459622949388,1600.8636950825128,2.8177327875740232,tp_all_reduce,2,0,-1,1,-1,"16,17,18,19"
ar_l3_tp16_17_18_19,16,-1,100663296,100.663296,all_reduce,1607.7806657890799,1610.5969498278312,2.8162840387513377,tp_all_reduce,3,0,-1,1,-1,"16,17,18,19"
ar_l4_tp16_17_18_19,16,-1,100663296,100.663296,all_reduce,1614.258608498821,1617.0731351583072,2.8145266594861162,tp_all_reduce,4,0,-1,1,-1,"16,17,18,19"
ar_l5_tp16_17_18_19,16,-1,100663296,100.663296,all_reduce,1624.2571968262455,1627.0737117748467,2.8165149486012453,tp_all_reduce,5,0,-1,1,-1,"16,17,18,19"
ar_l6_tp16_17_18_19,16,-1,100663296,100.663296,all_reduce,1630.9035055437262,1633.7163788976222,2.812873353896128,tp_all_reduce,6,0,-1,1,-1,"16,17,18,19"
ar_l7_tp16_17_18_19,16,-1,100663296,100.663296,all_reduce,1641.009955538344,1643.8280258384445,2.818070300100617,tp_all_reduce,7,0,-1,1,-1,"16,17,18,19"
ar_l0_tp32_33_34_35,32,-1,100663296,100.663296,all_reduce,1581.8424583883013,1584.6563376093404,2.8138792210390395,tp_all_reduce,0,0,-1,2,-1,"32,33,34,35"
ar_l1_tp32_33_34_35,32,-1,100663296,100.663296,all_reduce,1591.6363677244726,1594.4539598416084,2.8175921171356144,tp_all_reduce,1,0,-1,2,-1,"32,33,34,35"
ar_l2_tp32_33_34_35,32,-1,100663296,100.663296,all_reduce,1598.3367733600116,1601.151409101468,2.8146357414564616,tp_all_reduce,2,0,-1,2,-1,"32,33,34,35"
ar_l3_tp32_33_34_35,32,-1,100663296,100.663296,all_reduce,1608.4699952236074,1611.2879210180708,2.817925794463383,tp_all_reduce,3,0,-1,2,-1,"32,33,34,35"
ar_l4_tp32_33_34_35,32,-1,100663296,100.663296,all_reduce,1614.9992250541047,1617.8140185110126,2.814793456907827,tp_all_reduce,4,0,-1,2,-1,"32,33,34,35"
ar_l5_tp32_33_34_35,32,-1,100663296,100.663296,all_reduce,1625.0193537693592,1627.8378654067917,2.8185116374326302,tp_all_reduce,5,0,-1,2,-1,"32,33,34,35"
ar_l6_tp32_33_34_35,32,-1,100663296,100.663296,all_reduce,1631.7817921002716,1634.5988267707219,2.817034670450358,tp_all_reduce,6,0,-1,2,-1,"32,33,34,35"
ar_l7_tp32_33_34_35,32,-1,100663296,100.663296,all_reduce,1641.5046722428995,1644.3209604733806,2.81628823048119,tp_all_reduce,7,0,-1,2,-1,"32,33,34,35"
ar_l0_tp48_49_50_51,48,-1,100663296,100.663296,all_reduce,1581.8416328791036,1584.654759608146,2.8131267290423256,tp_all_reduce,0,0,-1,3,-1,"48,49,50,51"
ar_l1_tp48_49_50_51,48,-1,100663296,100.663296,all_reduce,1591.3683620819932,1594.182140415771,2.8137783337778277,tp_all_reduce,1,0,-1,3,-1,"48,49,50,51"
ar_l2_tp48_49_50_51,48,-1,100663296,100.663296,all_reduce,1598.052954478933,1600.8711345257054,2.818180046772367,tp_all_reduce,2,0,-1,3,-1,"48,49,50,51"
ar_l3_tp48_49_50_51,48,-1,100663296,100.663296,all_reduce,1607.7084916647261,1610.5222388618015,2.813747197075278,tp_all_reduce,3,0,-1,3,-1,"48,49,50,51"
ar_l4_tp48_49_50_51,48,-1,100663296,100.663296,all_reduce,1614.6393587150608,1617.4527930195993,2.813434304538509,tp_all_reduce,4,0,-1,3,-1,"48,49,50,51"
ar_l5_tp48_49_50_51,48,-1,100663296,100.663296,all_reduce,1624.4654959632328,1627.2829819570454,2.8174859938125962,tp_all_reduce,5,0,-1,3,-1,"48,49,50,51"
ar_l6_tp48_49_50_51,48,-1,100663296,100.663296,all_reduce,1631.039399000585,1633.856047064696,2.8166480641109715,tp_all_reduce,6,0,-1,3,-1,"48,49,50,51"
ar_l7_tp48_49_50_51,48,-1,100663296,100.663296,all_reduce,1640.9376063869697,1643.7515988008004,2.813992413830846,tp_all_reduce,7,0,-1,3,-1,"48,49,50,51"
ar_l8_tp4_5_6_7,4,-1,100663296,100.663296,all_reduce,1581.742782028511,1584.5600589421906,2.8172769136796116,tp_all_reduce,8,1,-1,0,-1,"4,5,6,7"
ar_l9_tp4_5_6_7,4,-1,100663296,100.663296,all_reduce,1584.9931075094273,1587.8089008704205,2.815793360993357,tp_all_reduce,9,1,-1,0,-1,"4,5,6,7"
ar_l10_tp4_5_6_7,4,-1,100663296,100.663296,all_reduce,1588.2816839909444,1591.095929919427,2.8142459284825616,tp_all_reduce,10,1,-1,0,-1,"4,5,6,7"
ar_l11_tp4_5_6_7,4,-1,100663296,100.663296,all_reduce,1591.4371406142848,1594.2540062599026,2.816865645617783,tp_all_reduce,11,1,-1,0,-1,"4,5,6,7"
ar_l12_tp4_5_6_7,4,-1,100663296,100.663296,all_reduce,1594.7387960343954,1597.5526568122127,2.813860777817423,tp_all_reduce,12,1,-1,0,-1,"4,5,6,7"
ar_l13_tp4_5_6_7,4,-1,100663296,100.663296,all_reduce,1598.1469832293396,1600.9597222736513,2.812739044311785,tp_all_reduce,13,1,-1,0,-1,"4,5,6,7"
ar_l14_tp4_5_6_7,4,-1,100663296,100.663296,all_reduce,1601.3710802697913,1604.1894555221295,2.818375252338079,tp_all_reduce,14,1,-1,0,-1,"4,5,6,7"
ar_l15_tp4_5_6_7,4,-1,100663296,100.663296,all_reduce,1604.8314619528328,1607.6493333400042,2.817871387171378,tp_all_reduce,15,1,-1,0,-1,"4,5,6,7"
ar_l8_tp20_21_22_23,20,-1,100663296,100.663296,all_reduce,1581.742782028511,1584.5567134447347,2.8139314162236584,tp_all_reduce,8,1,-1,1,-1,"20,21,22,23"
ar_l9_tp20_21_22_23,20,-1,100663296,100.663296,all_reduce,1585.1842490921113,1588.0016646855556,2.8174155934443945,tp_all_reduce,9,1,-1,1,-1,"20,21,22,23"
ar_l10_tp20_21_22_23,20,-1,100663296,100.663296,all_reduce,1588.4898534301212,1591.3032243536613,2.8133709235400595,tp_all_reduce,10,1,-1,1,-1,"20,21,22,23"
ar_l11_tp20_21_22_23,20,-1,100663296,100.663296,all_reduce,1591.8725754922039,1594.6892390318278,2.8166635396240647,tp_all_reduce,11,1,-1,1,-1,"20,21,22,23"
ar_l12_tp20_21_22_23,20,-1,100663296,100.663296,all_reduce,1595.1140413103128,1597.930697855365,2.816656545052032,tp_all_reduce,12,1,-1,1,-1,"20,21,22,23"
ar_l13_tp20_21_22_23,20,-1,100663296,100.663296,all_reduce,1598.5590701613269,1601.3754657364666,2.816395575139685,tp_all_reduce,13,1,-1,1,-1,"20,21,22,23"
ar_l14_tp20_21_22_23,20,-1,100663296,100.663296,all_reduce,1601.8639393477797,1604.6821534490218,2.818214101242056,tp_all_reduce,14,1,-1,1,-1,"20,21,22,23"
ar_l15_tp20_21_22_23,20,-1,100663296,100.663296,all_reduce,1605.2128787899069,1608.0258742641013,2.8129954741944463,tp_all_reduce,15,1,-1,1,-1,"20,21,22,23"
ar_l8_tp36_37_38_39,36,-1,100663296,100.663296,all_reduce,1581.742782028511,1584.5595348867528,2.816752858241678,tp_all_reduce,8,1,-1,2,-1,"36,37,38,39"
ar_l9_tp36_37_38_39,36,-1,100663296,100.663296,all_reduce,1585.1889745317544,1588.0051855511886,2.8162110194340784,tp_all_reduce,9,1,-1,2,-1,"36,37,38,39"
ar_l10_tp36_37_38_39,36,-1,100663296,100.663296,all_reduce,1588.5861382271153,1591.3992338020882,2.8130955749727793,tp_all_reduce,10,1,-1,2,-1,"36,37,38,39"
ar_l11_tp36_37_38_39,36,-1,100663296,100.663296,all_reduce,1591.742234286287,1594.5551879225302,2.8129536362431207,tp_all_reduce,11,1,-1,2,-1,"36,37,38,39"
ar_l12_tp36_37_38_39,36,-1,100663296,100.663296,all_reduce,1595.0679582645314,1597.8808546679936,2.812896403462384,tp_all_reduce,12,1,-1,2,-1,"36,37,38,39"
ar_l13_tp36_37_38_39,36,-1,100663296,100.663296,all_reduce,1598.5065289242343,1601.3193207551321,2.812791830897776,tp_all_reduce,13,1,-1,2,-1,"36,37,38,39"
ar_l14_tp36_37_38_39,36,-1,100663296,100.663296,all_reduce,1601.9777537668565,1604.790958081798,2.8132043149415864,tp_all_reduce,14,1,-1,2,-1,"36,37,38,39"
ar_l15_tp36_37_38_39,36,-1,100663296,100.663296,all_reduce,1605.4475241923167,1608.2660139427967,2.8184897504799356,tp_all_reduce,15,1,-1,2,-1,"36,37,38,39"
ar_l8_tp52_53_54_55,52,-1,100663296,100.663296,all_reduce,1581.742782028511,1584.5590417252877,2.8162596967766795,tp_all_reduce,8,1,-1,3,-1,"52,53,54,55"
ar_l9_tp52_53_54_55,52,-1,100663296,100.663296,all_reduce,1585.197290251714,1588.0149534836194,2.817663231905243,tp_all_reduce,9,1,-1,3,-1,"52,53,54,55"
ar_l10_tp52_53_54_55,52,-1,100663296,100.663296,all_reduce,1588.494711469394,1591.3092824447347,2.814570975340658,tp_all_reduce,10,1,-1,3,-1,"52,53,54,55"
ar_l11_tp52_53_54_55,52,-1,100663296,100.663296,all_reduce,1591.7514820573474,1594.5673803086274,2.8158982512802577,tp_all_reduce,11,1,-1,3,-1,"52,53,54,55"
ar_l12_tp52_53_54_55,52,-1,100663296,100.663296,all_reduce,1594.9220878804374,1597.737080951757,2.8149930713197158,tp_all_reduce,12,1,-1,3,-1,"52,53,54,55"
ar_l13_tp52_53_54_55,52,-1,100663296,100.663296,all_reduce,1598.3580262836153,1601.1741558794195,2.816129595804018,tp_all_reduce,13,1,-1,3,-1,"52,53,54,55"
ar_l14_tp52_53_54_55,52,-1,100663296,100.663296,all_reduce,1601.7882628452592,1604.6011102960526,2.8128474507935763,tp_all_reduce,14,1,-1,3,-1,"52,53,54,55"
ar_l15_tp52_53_54_55,52,-1,100663296,100.663296,all_reduce,1605.1064224135891,1607.920033205178,2.8136107915888164,tp_all_reduce,15,1,-1,3,-1,"52,53,54,55"
p2p_fwd_mb15_s1_dp0,4,8,67108864,67.108864,p2p,1608.9022574585922,1610.1550178368007,1.2527603782084284,pp_forward,1,1,2,0,0,"4,8"
p2p_fwd_mb15_s1_dp1,20,24,67108864,67.108864,p2p,1608.9022574585922,1610.1550178368007,1.2527603782084284,pp_forward,1,1,2,1,1,"20,24"
p2p_fwd_mb15_s1_dp2,36,40,67108864,67.108864,p2p,1608.9022574585922,1610.1550178368007,1.2527603782084284,pp_forward,1,1,2,2,2,"36,40"
p2p_fwd_mb15_s1_dp3,52,56,67108864,67.108864,p2p,1608.9022574585922,1610.1550178368007,1.2527603782084284,pp_forward,1,1,2,3,3,"52,56"
ar_l16_tp8_9_10_11,8,-1,100663296,100.663296,all_reduce,1551.5332932259619,1554.3516665310478,2.8183733050861637,tp_all_reduce,16,2,-1,0,-1,"8,9,10,11"
ar_l17_tp8_9_10_11,8,-1,100663296,100.663296,all_reduce,1561.0799869579846,1563.895821464697,2.8158345067124113,tp_all_reduce,17,2,-1,0,-1,"8,9,10,11"
ar_l18_tp8_9_10_11,8,-1,100663296,100.663296,all_reduce,1567.5196075557599,1570.3328673893966,2.813259833636783,tp_all_reduce,18,2,-1,0,-1,"8,9,10,11"
ar_l19_tp8_9_10_11,8,-1,100663296,100.663296,all_reduce,1577.2525542071749,1580.0687330917222,2.816178884547327,tp_all_reduce,19,2,-1,0,-1,"8,9,10,11"
ar_l20_tp8_9_10_11,8,-1,100663296,100.663296,all_reduce,1584.0042703692336,1586.8192348213245,2.814964452090729,tp_all_reduce,20,2,-1,0,-1,"8,9,10,11"
ar_l21_tp8_9_10_11,8,-1,100663296,100.663296,all_reduce,1594.1765757168907,1596.9918152198334,2.8152395029428234,tp_all_reduce,21,2,-1,0,-1,"8,9,10,11"
ar_l22_tp8_9_10_11,8,-1,100663296,100.663296,all_reduce,1600.755829948005,1603.5731194499472,2.817289501942266,tp_all_reduce,22,2,-1,0,-1,"8,9,10,11"
ar_l23_tp8_9_10_11,8,-1,100663296,100.663296,all_reduce,1610.652907310844,1613.4704171570631,2.8175098462190906,tp_all_reduce,23,2,-1,0,-1,"8,9,10,11"
ar_l16_tp24_25_26_27,24,-1,100663296,100.663296,all_reduce,1551.5332932259619,1554.350256057403,2.816962831441172,tp_all_reduce,16,2,-1,1,-1,"24,25,26,27"
ar_l17_tp24_25_26_27,24,-1,100663296,100.663296,all_reduce,1561.2054032428277,1564.0185271071998,2.813123864372047,tp_all_reduce,17,2,-1,1,-1,"24,25,26,27"
ar_l18_tp24_25_26_27,24,-1,100663296,100.663296,all_reduce,1567.5027259317806,1570.3192383200558,2.816512388275072,tp_all_reduce,18,2,-1,1,-1,"24,25,26,27"
ar_l19_tp24_25_26_27,24,-1,100663296,100.663296,all_reduce,1577.3886711290836,1580.2068164346276,2.8181453055440286,tp_all_reduce,19,2,-1,1,-1,"24,25,26,27"
ar_l20_tp24_25_26_27,24,-1,100663296,100.663296,all_reduce,1583.8958268474087,1586.708666653881,2.8128398064724003,tp_all_reduce,20,2,-1,1,-1,"24,25,26,27"
ar_l21_tp24_25_26_27,24,-1,100663296,100.663296,all_reduce,1593.5647152372587,1596.3787875282815,2.8140722910228178,tp_all_reduce,21,2,-1,1,-1,"24,25,26,27"
ar_l22_tp24_25_26_27,24,-1,100663296,100.663296,all_reduce,1600.036102726991,1602.8524928974596,2.816390170468752,tp_all_reduce,22,2,-1,1,-1,"24,25,26,27"
ar_l23_tp24_25_26_27,24,-1,100663296,100.663296,all_reduce,1609.7923638187792,1612.6053492420822,2.812985423302994,tp_all_reduce,23,2,-1,1,-1,"24,25,26,27"
ar_l16_tp40_41_42_43,40,-1,100663296,100.663296,all_reduce,1551.5332932259619,1554.349810959193,2.8165177332313274,tp_all_reduce,16,2,-1,2,-1,"40,41,42,43"
ar_l17_tp40_41_42_43,40,-1,100663296,100.663296,all_reduce,1561.6916453819401,1564.5050822362716,2.8134368543315524,tp_all_reduce,17,2,-1,2,-1,"40,41,42,43"
ar_l18_tp40_41_42_43,40,-1,100663296,100.663296,all_reduce,1568.3554596186202,1571.1684454410622,2.812985822441938,tp_all_reduce,18,2,-1,2,-1,"40,41,42,43"
ar_l19_tp40_41_42_43,40,-1,100663296,100.663296,all_reduce,1578.1341771051452,1580.9526390769315,2.818461971786368,tp_all_reduce,19,2,-1,2,-1,"40,41,42,43"
ar_l20_tp40_41_42_43,40,-1,100663296,100.663296,all_reduce,1584.61122972963,1587.4297004844634,2.8184707548335464,tp_all_reduce,20,2,-1,2,-1,"40,41,42,43"
ar_l21_tp40_41_42_43,40,-1,100663296,100.663296,all_reduce,1594.960582322882,1597.7743447891053,2.813762466223446,tp_all_reduce,21,2,-1,2,-1,"40,41,42,43"
ar_l22_tp40_41_42_43,40,-1,100663296,100.663296,all_reduce,1601.3785285480833,1604.1951860400677,2.8166574919843423,tp_all_reduce,22,2,-1,2,-1,"40,41,42,43"
ar_l23_tp40_41_42_43,40,-1,100663296,100.663296,all_reduce,1611.4299728958363,1614.2446775447163,2.8147046488800065,tp_all_reduce,23,2,-1,2,-1,"40,41,42,43"
ar_l16_tp56_57_58_59,56,-1,100663296,100.663296,all_reduce,1551.5332932259619,1554.3501463568969,2.8168531309351597,tp_all_reduce,16,2,-1,3,-1,"56,57,58,59"
ar_l17_tp56_57_58_59,56,-1,100663296,100.663296,all_reduce,1561.4897698711484,1564.308050830799,2.818280959650643,tp_all_reduce,17,2,-1,3,-1,"56,57,58,59"
ar_l18_tp56_57_58_59,56,-1,100663296,100.663296,all_reduce,1568.3680397990447,1571.1832889201726,2.8152491211279607,tp_all_reduce,18,2,-1,3,-1,"56,57,58,59"
ar_l19_tp56_57_58_59,56,-1,100663296,100.663296,all_reduce,1577.983368231514,1580.8010946039958,2.817726372481788,tp_all_reduce,19,2,-1,3,-1,"56,57,58,59"
ar_l20_tp56_57_58_59,56,-1,100663296,100.663296,all_reduce,1584.5519523649662,1587.3672909082604,2.815338543294299,tp_all_reduce,20,2,-1,3,-1,"56,57,58,59"
ar_l21_tp56_57_58_59,56,-1,100663296,100.663296,all_reduce,1594.4297830632152,1597.2441748238432,2.814391760628032,tp_all_reduce,21,2,-1,3,-1,"56,57,58,59"
ar_l22_tp56_57_58_59,56,-1,100663296,100.663296,all_reduce,1600.913070933816,1603.7284582734014,2.815387339585529,tp_all_reduce,22,2,-1,3,-1,"56,57,58,59"
ar_l23_tp56_57_58_59,56,-1,100663296,100.663296,all_reduce,1611.2146371526978,1614.0325398187117,2.817902666013783,tp_all_reduce,23,2,-1,3,-1,"56,57,58,59"
p2p_bwd_mb13_s2_dp0,8,4,67108864,67.108864,p2p,1617.9885619598579,1619.2410629995347,1.2525010396766678,pp_backward,2,2,1,0,0,"8,4"
p2p_bwd_mb13_s2_dp1,24,20,67108864,67.108864,p2p,1617.9885619598579,1619.2410629995347,1.2525010396766678,pp_backward,2,2,1,1,1,"24,20"
p2p_bwd_mb13_s2_dp2,40,36,67108864,67.108864,p2p,1617.9885619598579,1619.2410629995347,1.2525010396766678,pp_backward,2,2,1,2,2,"40,36"
p2p_bwd_mb13_s2_dp3,56,52,67108864,67.108864,p2p,1617.9885619598579,1619.2410629995347,1.2525010396766678,pp_backward,2,2,1,3,3,"56,52"
ar_l24_tp12_13_14_15,12,-1,100663296,100.663296,all_reduce,1551.5332932259619,1554.3460850691122,2.8127918431504195,tp_all_reduce,24,3,-1,0,-1,"12,13,14,15"
ar_l25_tp12_13_14_15,12,-1,100663296,100.663296,all_reduce,1554.6880304538734,1557.5019761498515,2.8139456959783704,tp_all_reduce,25,3,-1,0,-1,"12,13,14,15"
ar_l26_tp12_13_14_15,12,-1,100663296,100.663296,all_reduce,1558.0984814129095,1560.9162731534134,2.8177917405038944,tp_all_reduce,26,3,-1,0,-1,"12,13,14,15"
ar_l27_tp12_13_14_15,12,-1,100663296,100.663296,all_reduce,1561.4914603716359,1564.3091946217037,2.817734250067705,tp_all_reduce,27,3,-1,0,-1,"12,13,14,15"
ar_l28_tp12_13_14_15,12,-1,100663296,100.663296,all_reduce,1564.8603467316702,1567.6764849183787,2.81613818670845,tp_all_reduce,28,3,-1,0,-1,"12,13,14,15"
ar_l29_tp12_13_14_15,12,-1,100663296,100.663296,all_reduce,1568.309641257934,1571.124720943043,2.8150796851091897,tp_all_reduce,29,3,-1,0,-1,"12,13,14,15"
ar_l30_tp12_13_14_15,12,-1,100663296,100.663296,all_reduce,1571.650293516084,1574.4631105964122,2.8128170803281005,tp_all_reduce,30,3,-1,0,-1,"12,13,14,15"
ar_l31_tp12_13_14_15,12,-1,100663296,100.663296,all_reduce,1574.946690802945,1577.7649175775337,2.8182267745886502,tp_all_reduce,31,3,-1,0,-1,"12,13,14,15"
ar_l24_tp28_29_30_31,28,-1,100663296,100.663296,all_reduce,1551.5332932259619,1554.346464458501,2.8131712325392133,tp_all_reduce,24,3,-1,1,-1,"28,29,30,31"
ar_l25_tp28_29_30_31,28,-1,100663296,100.663296,all_reduce,1554.8461156811252,1557.6628959926252,2.816780311499789,tp_all_reduce,25,3,-1,1,-1,"28,29,30,31"
ar_l26_tp28_29_30_31,28,-1,100663296,100.663296,all_reduce,1558.2605057856783,1561.0736581497317,2.8131523640533285,tp_all_reduce,26,3,-1,1,-1,"28,29,30,31"
ar_l27_tp28_29_30_31,28,-1,100663296,100.663296,all_reduce,1561.6500229624414,1564.466885569082,2.816862606640491,tp_all_reduce,27,3,-1,1,-1,"28,29,30,31"
ar_l28_tp28_29_30_31,28,-1,100663296,100.663296,all_reduce,1564.9776863979837,1567.7927355609509,2.8150491629672647,tp_all_reduce,28,3,-1,1,-1,"28,29,30,31"
ar_l29_tp28_29_30_31,28,-1,100663296,100.663296,all_reduce,1568.2764223067936,1571.0915345555636,2.8151122487700686,tp_all_reduce,29,3,-1,1,-1,"28,29,30,31"
ar_l30_tp28_29_30_31,28,-1,100663296,100.663296,all_reduce,1571.7023017823042,1574.5153168630334,2.8130150807292864,tp_all_reduce,30,3,-1,1,-1,"28,29,30,31"
ar_l31_tp28_29_30_31,28,-1,100663296,100.663296,all_reduce,1575.032001647713,1577.844747539306,2.8127458915927495,tp_all_reduce,31,3,-1,1,-1,"28,29,30,31"
ar_l24_tp44_45_46_47,44,-1,100663296,100.663296,all_reduce,1551.5332932259619,1554.3503821823274,2.8170889563656765,tp_all_reduce,24,3,-1,2,-1,"44,45,46,47"
ar_l25_tp44_45_46_47,44,-1,100663296,100.663296,all_reduce,1554.6857269635561,1557.5027576802747,2.8170307167185715,tp_all_reduce,25,3,-1,2,-1,"44,45,46,47"
ar_l26_tp44_45_46_47,44,-1,100663296,100.663296,all_reduce,1557.948519774358,1560.765180624672,2.816660850314179,tp_all_reduce,26,3,-1,2,-1,"44,45,46,47"
ar_l27_tp44_45_46_47,44,-1,100663296,100.663296,all_reduce,1561.2410079867113,1564.057501984348,2.8164939976365044,tp_all_reduce,27,3,-1,2,-1,"44,45,46,47"
ar_l28_tp44_45_46_47,44,-1,100663296,100.663296,all_reduce,1564.630311422278,1567.444102917187,2.8137914949086795,tp_all_reduce,28,3,-1,2,-1,"44,45,46,47"
ar_l29_tp44_45_46_47,44,-1,100663296,100.663296,all_reduce,1567.9863786474425,1570.803713489321,2.817334841878294,tp_all_reduce,29,3,-1,2,-1,"44,45,46,47"
ar_l30_tp44_45_46_47,44,-1,100663296,100.663296,all_reduce,1571.382399721306,1574.1983249422253,2.8159252209192243,tp_all_reduce,30,3,-1,2,-1,"44,45,46,47"
ar_l31_tp44_45_46_47,44,-1,100663296,100.663296,all_reduce,1574.818422473212,1577.6332674368102,2.8148449635982953,tp_all_reduce,31,3,-1,2,-1,"44,45,46,47"
ar_l24_tp60_61_62_63,60,-1,100663296,100.663296,all_reduce,1551.5332932259619,1554.346113740591,2.8128205146291663,tp_all_reduce,24,3,-1,3,-1,"60,61,62,63"
ar_l25_tp60_61_62_63,60,-1,100663296,100.663296,all_reduce,1554.8251493290188,1557.641026909265,2.815877580246262,tp_all_reduce,25,3,-1,3,-1,"60,61,62,63"
ar_l26_tp60_61_62_63,60,-1,100663296,100.663296,all_reduce,1558.100864411239,1560.9135135945423,2.812649183303595,tp_all_reduce,26,3,-1,3,-1,"60,61,62,63"
ar_l27_tp60_61_62_63,60,-1,100663296,100.663296,all_reduce,1561.4133994382353,1564.2269281751398,2.813528736904436,tp_all_reduce,27,3,-1,3,-1,"60,61,62,63"
ar_l28_tp60_61_62_63,60,-1,100663296,100.663296,all_reduce,1564.6833411009197,1567.4971384951336,2.813797394213946,tp_all_reduce,28,3,-1,3,-1,"60,61,62,63"
ar_l29_tp60_61_62_63,60,-1,100663296,100.663296,all_reduce,1567.9606973781658,1570.7737425253454,2.813045147179505,tp_all_reduce,29,3,-1,3,-1,"60,61,62,63"
ar_l30_tp60_61_62_63,60,-1,100663296,100.663296,all_reduce,1571.2914810860416,1574.1060462618511,2.814565175809358,tp_all_reduce,30,3,-1,3,-1,"60,61,62,63"
ar_l31_tp60_61_62_63,60,-1,100663296,100.663296,all_reduce,1574.7591316913572,1577.5747563241641,2.8156246328070456,tp_all_reduce,31,3,-1,3,-1,"60,61,62,63"
ar_l8_tp4_5_6_7,4,-1,100663296,100.663296,all_reduce,1619.2410629995347,1622.0581546479882,2.8170916484535624,tp_all_reduce,8,1,-1,0,-1,"4,5,6,7"
ar_l9_tp4_5_6_7,4,-1,100663296,100.663296,all_reduce,1628.9668389475987,1631.7842266586283,2.817387711029573,tp_all_reduce,9,1,-1,0,-1,"4,5,6,7"
ar_l10_tp4_5_6_7,4,-1,100663296,100.663296,all_reduce,1635.827945724649,1638.6432324858868,2.8152867612378785,tp_all_reduce,10,1,-1,0,-1,"4,5,6,7"
ar_l11_tp4_5_6_7,4,-1,100663296,100.663296,all_reduce,1645.9626025733253,1648.7760204356487,2.813417862323364,tp_all_reduce,11,1,-1,0,-1,"4,5,6,7"
ar_l12_tp4_5_6_7,4,-1,100663296,100.663296,all_reduce,1652.3796044008736,1655.1954787549598,2.8158743540862563,tp_all_reduce,12,1,-1,0,-1,"4,5,6,7"
ar_l13_tp4_5_6_7,4,-1,100663296,100.663296,all_reduce,1662.1314441320003,1664.9476611386897,2.8162170066894365,tp_all_reduce,13,1,-1,0,-1,"4,5,6,7"
ar_l14_tp4_5_6_7,4,-1,100663296,100.663296,all_reduce,1669.0733019041902,1671.8881702530098,2.8148683488196102,tp_all_reduce,14,1,-1,0,-1,"4,5,6,7"
ar_l15_tp4_5_6_7,4,-1,100663296,100.663296,all_reduce,1678.8009771066932,1681.6164781469763,2.8155010402830527,tp_all_reduce,15,1,-1,0,-1,"4,5,6,7"
ar_l8_tp20_21_22_23,20,-1,100663296,100.663296,all_reduce,1619.2410629995347,1622.0566219360328,2.815558936498208,tp_all_reduce,8,1,-1,1,-1,"20,21,22,23"
ar_l9_tp20_21_22_23,20,-1,100663296,100.663296,all_reduce,1629.57766114148,1632.3953875922155,2.817726450735636,tp_all_reduce,9,1,-1,1,-1,"20,21,22,23"
ar_l10_tp20_21_22_23,20,-1,100663296,100.663296,all_reduce,1636.4670037294807,1639.28124568601,2.814241956529351,tp_all_reduce,10,1,-1,1,-1,"20,21,22,23"
ar_l11_tp20_21_22_23,20,-1,100663296,100.663296,all_reduce,1646.4876965612311,1649.3054930189708,2.8177964577396075,tp_all_reduce,11,1,-1,1,-1,"20,21,22,23"
ar_l12_tp20_21_22_23,20,-1,100663296,100.663296,all_reduce,1652.8538708428307,1655.6690172906576,2.8151464478269883,tp_all_reduce,12,1,-1,1,-1,"20,21,22,23"
ar_l13_tp20_21_22_23,20,-1,100663296,100.663296,all_reduce,1663.01788055078,1665.8328944415855,2.8150138908054068,tp_all_reduce,13,1,-1,1,-1,"20,21,22,23"
ar_l14_tp20_21_22_23,20,-1,100663296,100.663296,all_reduce,1669.9507932653466,1672.7634419737722,2.81264870842568,tp_all_reduce,14,1,-1,1,-1,"20,21,22,23"
ar_l15_tp20_21_22_23,20,-1,100663296,100.663296,all_reduce,1680.05299952715,1682.8667427617254,2.8137432345753943,tp_all_reduce,15,1,-1,1,-1,"20,21,22,23"
ar_l8_tp36_37_38_39,36,-1,100663296,100.663296,all_reduce,1619.2410629995347,1622.0569110478714,2.8158480483366777,tp_all_reduce,8,1,-1,2,-1,"36,37,38,39"
ar_l9_tp36_37_38_39,36,-1,100663296,100.663296,all_reduce,1629.2986220624318,1632.114753334329,2.81613127189706,tp_all_reduce,9,1,-1,2,-1,"36,37,38,39"
ar_l10_tp36_37_38_39,36,-1,100663296,100.663296,all_reduce,1635.8304826251638,1638.644529208014,2.814046582850338,tp_all_reduce,10,1,-1,2,-1,"36,37,38,39"
ar_l11_tp36_37_38_39,36,-1,100663296,100.663296,all_reduce,1645.705074479863,1648.5224651970736,2.817390717210655,tp_all_reduce,11,1,-1,2,-1,"36,37,38,39"
ar_l12_tp36_37_38_39,36,-1,100663296,100.663296,all_reduce,1652.0664228038845,1654.8839038376582,2.81748103377355,tp_all_reduce,12,1,-1,2,-1,"36,37,38,39"
ar_l13_tp36_37_38_39,36,-1,100663296,100.663296,all_reduce,1661.832704270583,1664.651060303025,2.81835603244196,tp_all_reduce,13,1,-1,2,-1,"36,37,38,39"
ar_l14_tp36_37_38_39,36,-1,100663296,100.663296,all_reduce,1668.3425913972515,1671.1563961543006,2.8138047570491764,tp_all_reduce,14,1,-1,2,-1,"36,37,38,39"
ar_l15_tp36_37_38_39,36,-1,100663296,100.663296,all_reduce,1678.137561413625,1680.9560240780772,2.8184626644522925,tp_all_reduce,15,1,-1,2,-1,"36,37,38,39"
ar_l8_tp52_53_54_55,52,-1,100663296,100.663296,all_reduce,1619.2410629995347,1622.0580663047765,2.8170033052419274,tp_all_reduce,8,1,-1,3,-1,"52,53,54,55"
ar_l9_tp52_53_54_55,52,-1,100663296,100.663296,all_reduce,1629.4450356767113,1632.2631505065872,2.8181148298758174,tp_all_reduce,9,1,-1,3,-1,"52,53,54,55"
ar_l10_tp52_53_54_55,52,-1,100663296,100.663296,all_reduce,1636.400150493412,1639.2149491274804,2.814798634068305,tp_all_reduce,10,1,-1,3,-1,"52,53,54,55"
ar_l11_tp52_53_54_55,52,-1,100663296,100.663296,all_reduce,1646.5416680219655,1649.3594245410206,2.8177565190550258,tp_all_reduce,11,1,-1,3,-1,"52,53,54,55"
ar_l12_tp52_53_54_55,52,-1,100663296,100.663296,all_reduce,1652.8849722089521,1655.7024663384439,2.8174941294916156,tp_all_reduce,12,1,-1,3,-1,"52,53,54,55"
ar_l13_tp52_53_54_55,52,-1,100663296,100.663296,all_reduce,1663.2187236292255,1666.0360601396605,2.817336510435142,tp_all_reduce,13,1,-1,3,-1,"52,53,54,55"
ar_l14_tp52_53_54_55,52,-1,100663296,100.663296,all_reduce,1670.1722831065608,1672.9875086845811,2.815225578020275,tp_all_reduce,14,1,-1,3,-1,"52,53,54,55"
ar_l15_tp52_53_54_55,52,-1,100663296,100.663296,all_reduce,1680.010713123325,1682.8291434959228,2.818430372597769,tp_all_reduce,15,1,-1,3,-1,"52,53,54,55"
p2p_bwd_mb13_s1_dp0,4,0,67108864,67.108864,p2p,1686.9920769176413,1688.2427781167567,1.2507011991154116,pp_backward,1,1,0,0,0,"4,0"
p2p_bwd_mb13_s1_dp1,20,16,67108864,67.108864,p2p,1686.9920769176413,1688.2427781167567,1.2507011991154116,pp_backward,1,1,0,1,1,"20,16"
p2p_bwd_mb13_s1_dp2,36,32,67108864,67.108864,p2p,1686.9920769176413,1688.2427781167567,1.2507011991154116,pp_backward,1,1,0,2,2,"36,32"
p2p_bwd_mb13_s1_dp3,52,48,67108864,67.108864,p2p,1686.9920769176413,1688.2427781167567,1.2507011991154116,pp_backward,1,1,0,3,3,"52,48"
ar_l16_tp8_9_10_11,8,-1,100663296,100.663296,all_reduce,1619.2410629995347,1622.0587855562205,2.8177225566858866,tp_all_reduce,16,2,-1,0,-1,"8,9,10,11"
ar_l17_tp8_9_10_11,8,-1,100663296,100.663296,all_reduce,1622.5883034734345,1625.4041532362435,2.8158497628090196,tp_all_reduce,17,2,-1,0,-1,"8,9,10,11"
ar_l18_tp8_9_10_11,8,-1,100663296,100.663296,all_reduce,1626.0590970680798,1628.873751924511,2.8146548564309537,tp_all_reduce,18,2,-1,0,-1,"8,9,10,11"
ar_l19_tp8_9_10_11,8,-1,100663296,100.663296,all_reduce,1629.3845089909187,1632.197072140152,2.8125631492332825,tp_all_reduce,19,2,-1,0,-1,"8,9,10,11"
ar_l20_tp8_9_10_11,8,-1,100663296,100.663296,all_reduce,1632.744182584159,1635.5574623304976,2.813279746338493,tp_all_reduce,20,2,-1,0,-1,"8,9,10,11"
ar_l21_tp8_9_10_11,8,-1,100663296,100.663296,all_reduce,1635.9704060692375,1638.7887356484218,2.8183295791843754,tp_all_reduce,21,2,-1,0,-1,"8,9,10,11"
ar_l22_tp8_9_10_11,8,-1,100663296,100.663296,all_reduce,1639.2832401640683,1642.101010698667,2.8177705345988624,tp_all_reduce,22,2,-1,0,-1,"8,9,10,11"
ar_l23_tp8_9_10_11,8,-1,100663296,100.663296,all_reduce,1642.4428040228065,1645.2579855889849,2.8151815661783264,tp_all_reduce,23,2,-1,0,-1,"8,9,10,11"
ar_l16_tp24_25_26_27,24,-1,100663296,100.663296,all_reduce,1619.2410629995347,1622.0571770369431,2.816114037408557,tp_all_reduce,16,2,-1,1,-1,"24,25,26,27"
ar_l17_tp24_25_26_27,24,-1,100663296,100.663296,all_reduce,1622.6802868683042,1625.4981551962005,2.8178683278963224,tp_all_reduce,17,2,-1,1,-1,"24,25,26,27"
ar_l18_tp24_25_26_27,24,-1,100663296,100.663296,all_reduce,1626.0112878251136,1628.8264732419439,2.815185416830346,tp_all_reduce,18,2,-1,1,-1,"24,25,26,27"
ar_l19_tp24_25_26_27,24,-1,100663296,100.663296,all_reduce,1629.4616111279236,1632.2749373085237,2.81332618060004,tp_all_reduce,19,2,-1,1,-1,"24,25,26,27"
ar_l20_tp24_25_26_27,24,-1,100663296,100.663296,all_reduce,1632.7960083171865,1635.6112808709695,2.815272553782888,tp_all_reduce,20,2,-1,1,-1,"24,25,26,27"
ar_l21_tp24_25_26_27,24,-1,100663296,100.663296,all_reduce,1636.224045403643,1639.0411112020324,2.817065798389473,tp_all_reduce,21,2,-1,1,-1,"24,25,26,27"
ar_l22_tp24_25_26_27,24,-1,100663296,100.663296,all_reduce,1639.5897595024055,1642.4060570205372,2.8162975181316163,tp_all_reduce,22,2,-1,1,-1,"24,25,26,27"
ar_l23_tp24_25_26_27,24,-1,100663296,100.663296,all_reduce,1642.9594580834225,1645.7744410928087,2.814983009386207,tp_all_reduce,23,2,-1,1,-1,"24,25,26,27"
ar_l16_tp40_41_42_43,40,-1,100663296,100.663296,all_reduce,1619.2410629995347,1622.058156255259,2.8170932557245454,tp_all_reduce,16,2,-1,2,-1,"40,41,42,43"
ar_l17_tp40_41_42_43,40,-1,100663296,100.663296,all_reduce,1622.399923289518,1625.2142438110147,2.8143205214965494,tp_all_reduce,17,2,-1,2,-1,"40,41,42,43"
ar_l18_tp40_41_42_43,40,-1,100663296,100.663296,all_reduce,1625.7014257316532,1628.514366741992,2.8129410103390207,tp_all_reduce,18,2,-1,2,-1,"40,41,42,43"
ar_l19_tp40_41_42_43,40,-1,100663296,100.663296,all_reduce,1629.0754718021524,1631.8902234980412,2.814751695888962,tp_all_reduce,19,2,-1,2,-1,"40,41,42,43"
ar_l20_tp40_41_42_43,40,-1,100663296,100.663296,all_reduce,1632.2276716829476,1635.0410239077955,2.8133522248479093,tp_all_reduce,20,2,-1,2,-1,"40,41,42,43"
ar_l21_tp40_41_42_43,40,-1,100663296,100.663296,all_reduce,1635.4201548210342,1638.238099470388,2.8179446493536986,tp_all_reduce,21,2,-1,2,-1,"40,41,42,43"
ar_l22_tp40_41_42_43,40,-1,100663296,100.663296,all_reduce,1638.8492792183554,1641.6669176027006,2.8176383843452335,tp_all_reduce,22,2,-1,2,-1,"40,41,42,43"
ar_l23_tp40_41_42_43,40,-1,100663296,100.663296,all_reduce,1642.1758938137305,1644.9933944026668,2.8175005889363725,tp_all_reduce,23,2,-1,2,-1,"40,41,42,43"
ar_l16_tp56_57_58_59,56,-1,100663296,100.663296,all_reduce,1619.2410629995347,1622.0583095567047,2.8172465571700833,tp_all_reduce,16,2,-1,3,-1,"56,57,58,59"
ar_l17_tp56_57_58_59,56,-1,100663296,100.663296,all_reduce,1622.6146452658195,1625.4274237119932,2.8127784461737804,tp_all_reduce,17,2,-1,3,-1,"56,57,58,59"
ar_l18_tp56_57_58_59,56,-1,100663296,100.663296,all_reduce,1625.801473100544,1628.6171493218728,2.8156762213289444,tp_all_reduce,18,2,-1,3,-1,"56,57,58,59"
ar_l19_tp56_57_58_59,56,-1,100663296,100.663296,all_reduce,1629.042756777435,1631.8596247419216,2.816867964486658,tp_all_reduce,19,2,-1,3,-1,"56,57,58,59"
ar_l20_tp56_57_58_59,56,-1,100663296,100.663296,all_reduce,1632.363128135795,1635.1768535128824,2.8137253770872395,tp_all_reduce,20,2,-1,3,-1,"56,57,58,59"
ar_l21_tp56_57_58_59,56,-1,100663296,100.663296,all_reduce,1635.8036162353326,1638.6212190802144,2.8176028448816393,tp_all_reduce,21,2,-1,3,-1,"56,57,58,59"
ar_l22_tp56_57_58_59,56,-1,100663296,100.663296,all_reduce,1639.2333044804666,1642.0462501492682,2.8129456688015253,tp_all_reduce,22,2,-1,3,-1,"56,57,58,59"
ar_l23_tp56_57_58_59,56,-1,100663296,100.663296,all_reduce,1642.6941239157939,1645.5084186178105,2.814294702016662,tp_all_reduce,23,2,-1,3,-1,"56,57,58,59"
p2p_fwd_mb15_s2_dp0,8,12,67108864,67.108864,p2p,1646.1779219760153,1647.4289191419089,1.250997165893608,pp_forward,2,2,3,0,0,"8,12"
p2p_fwd_mb15_s2_dp1,24,28,67108864,67.108864,p2p,1646.1779219760153,1647.4289191419089,1.250997165893608,pp_forward,2,2,3,1,1,"24,28"
p2p_fwd_mb15_s2_dp2,40,44,67108864,67.108864,p2p,1646.1779219760153,1647.4289191419089,1.250997165893608,pp_forward,2,2,3,2,2,"40,44"
p2p_fwd_mb15_s2_dp3,56,60,67108864,67.108864,p2p,1646.1779219760153,1647.4289191419089,1.250997165893608,pp_forward,2,2,3,3,3,"56,60"
ar_l24_tp12_13_14_15,12,-1,100663296,100.663296,all_reduce,1581.6701397224074,1584.4886080404112,2.8184683180039194,tp_all_reduce,24,3,-1,0,-1,"12,13,14,15"
ar_l25_tp12_13_14_15,12,-1,100663296,100.663296,all_reduce,1591.6452646372886,1594.4596082920698,2.8143436547811707,tp_all_reduce,25,3,-1,0,-1,"12,13,14,15"
ar_l26_tp12_13_14_15,12,-1,100663296,100.663296,all_reduce,1598.4205360251742,1601.2332627935882,2.812726768413931,tp_all_reduce,26,3,-1,0,-1,"12,13,14,15"
ar_l27_tp12_13_14_15,12,-1,100663296,100.663296,all_reduce,1608.3970934686708,1611.2105231339924,2.8134296653214985,tp_all_reduce,27,3,-1,0,-1,"12,13,14,15"
ar_l28_tp12_13_14_15,12,-1,100663296,100.663296,all_reduce,1614.7778220680036,1617.594079617579,2.816257549575374,tp_all_reduce,28,3,-1,0,-1,"12,13,14,15"
ar_l29_tp12_13_14_15,12,-1,100663296,100.663296,all_reduce,1624.5374938277678,1627.3557191928019,2.818225365034177,tp_all_reduce,29,3,-1,0,-1,"12,13,14,15"
ar_l30_tp12_13_14_15,12,-1,100663296,100.663296,all_reduce,1631.4568564417677,1634.2704451338616,2.8135886920939157,tp_all_reduce,30,3,-1,0,-1,"12,13,14,15"
ar_l31_tp12_13_14_15,12,-1,100663296,100.663296,all_reduce,1641.3283837603026,1644.1427402962247,2.8143565359222134,tp_all_reduce,31,3,-1,0,-1,"12,13,14,15"
ar_l24_tp28_29_30_31,28,-1,100663296,100.663296,all_reduce,1581.6701397224074,1584.4856094303348,2.8154697079274538,tp_all_reduce,24,3,-1,1,-1,"28,29,30,31"
ar_l25_tp28_29_30_31,28,-1,100663296,100.663296,all_reduce,1591.6088652319395,1594.4255831673756,2.8167179354361416,tp_all_reduce,25,3,-1,1,-1,"28,29,30,31"
ar_l26_tp28_29_30_31,28,-1,100663296,100.663296,all_reduce,1598.1587369304673,1600.9749578239096,2.816220893442356,tp_all_reduce,26,3,-1,1,-1,"28,29,30,31"
ar_l27_tp28_29_30_31,28,-1,100663296,100.663296,all_reduce,1607.8337458520584,1610.6485834682112,2.8148376161527544,tp_all_reduce,27,3,-1,1,-1,"28,29,30,31"
ar_l28_tp28_29_30_31,28,-1,100663296,100.663296,all_reduce,1614.6703722294974,1617.4829790763636,2.812606846866128,tp_all_reduce,28,3,-1,1,-1,"28,29,30,31"
ar_l29_tp28_29_30_31,28,-1,100663296,100.663296,all_reduce,1624.695964431552,1627.511593901531,2.81562946997882,tp_all_reduce,29,3,-1,1,-1,"28,29,30,31"
ar_l30_tp28_29_30_31,28,-1,100663296,100.663296,all_reduce,1631.5406765821501,1634.3542969657522,2.813620383602,tp_all_reduce,30,3,-1,1,-1,"28,29,30,31"
ar_l31_tp28_29_30_31,28,-1,100663296,100.663296,all_reduce,1641.4457184299354,1644.2632661546852,2.817547724749847,tp_all_reduce,31,3,-1,1,-1,"28,29,30,31"
ar_l24_tp44_45_46_47,44,-1,100663296,100.663296,all_reduce,1581.6701397224074,1584.484820239862,2.814680517454704,tp_all_reduce,24,3,-1,2,-1,"44,45,46,47"
ar_l25_tp44_45_46_47,44,-1,100663296,100.663296,all_reduce,1591.8706862091585,1594.686107800185,2.8154215910265457,tp_all_reduce,25,3,-1,2,-1,"44,45,46,47"
ar_l26_tp44_45_46_47,44,-1,100663296,100.663296,all_reduce,1598.509108601197,1601.323466126318,2.8143575251209363,tp_all_reduce,26,3,-1,2,-1,"44,45,46,47"
ar_l27_tp44_45_46_47,44,-1,100663296,100.663296,all_reduce,1608.537806432859,1611.3521380560944,2.814331623235411,tp_all_reduce,27,3,-1,2,-1,"44,45,46,47"
ar_l28_tp44_45_46_47,44,-1,100663296,100.663296,all_reduce,1614.9571790741975,1617.7728731194532,2.8156940452557233,tp_all_reduce,28,3,-1,2,-1,"44,45,46,47"
ar_l29_tp44_45_46_47,44,-1,100663296,100.663296,all_reduce,1625.2415070124905,1628.058869590393,2.817362577902438,tp_all_reduce,29,3,-1,2,-1,"44,45,46,47"
ar_l30_tp44_45_46_47,44,-1,100663296,100.663296,all_reduce,1632.1774794969176,1634.9955006852915,2.8180211883737094,tp_all_reduce,30,3,-1,2,-1,"44,45,46,47"
ar_l31_tp44_45_46_47,44,-1,100663296,100.663296,all_reduce,1642.383344209643,1645.2003664333174,2.8170222236745257,tp_all_reduce,31,3,-1,2,-1,"44,45,46,47"
ar_l24_tp60_61_62_63,60,-1,100663296,100.663296,all_reduce,1581.6701397224074,1584.4877215021043,2.8175817796969316,tp_all_reduce,24,3,-1,3,-1,"60,61,62,63"
ar_l25_tp60_61_62_63,60,-1,100663296,100.663296,all_reduce,1591.8102249198325,1594.6244886720845,2.814263752251911,tp_all_reduce,25,3,-1,3,-1,"60,61,62,63"
ar_l26_tp60_61_62_63,60,-1,100663296,100.663296,all_reduce,1598.1959537924276,1601.0130770022674,2.8171232098397336,tp_all_reduce,26,3,-1,3,-1,"60,61,62,63"
ar_l27_tp60_61_62_63,60,-1,100663296,100.663296,all_reduce,1608.1616323782644,1610.9764741614952,2.8148417832307704,tp_all_reduce,27,3,-1,3,-1,"60,61,62,63"
ar_l28_tp60_61_62_63,60,-1,100663296,100.663296,all_reduce,1614.5539127755092,1617.3705338182353,2.816621042726286,tp_all_reduce,28,3,-1,3,-1,"60,61,62,63"
ar_l29_tp60_61_62_63,60,-1,100663296,100.663296,all_reduce,1624.7845775291669,1627.6015068916452,2.8169293624782377,tp_all_reduce,29,3,-1,3,-1,"60,61,62,63"
ar_l30_tp60_61_62_63,60,-1,100663296,100.663296,all_reduce,1631.725035626192,1634.5386925432995,2.8136569171073322,tp_all_reduce,30,3,-1,3,-1,"60,61,62,63"
ar_l31_tp60_61_62_63,60,-1,100663296,100.663296,all_reduce,1641.3981488938375,1644.2164625913986,2.8183136975610257,tp_all_reduce,31,3,-1,3,-1,"60,61,62,63"
p2p_bwd_mb14_s3_dp0,12,8,67108864,67.108864,p2p,1655.772022871612,1657.0228440045646,1.2508211329524954,pp_backward,3,3,2,0,0,"12,8"
p2p_bwd_mb14_s3_dp1,28,24,67108864,67.108864,p2p,1655.772022871612,1657.0228440045646,1.2508211329524954,pp_backward,3,3,2,1,1,"28,24"
p2p_bwd_mb14_s3_dp2,44,40,67108864,67.108864,p2p,1655.772022871612,1657.0228440045646,1.2508211329524954,pp_backward,3,3,2,2,2,"44,40"
p2p_bwd_mb14_s3_dp3,60,56,67108864,67.108864,p2p,1655.772022871612,1657.0228440045646,1.2508211329524954,pp_backward,3,3,2,3,3,"60,56"
ar_l0_tp0_1_2_3,0,-1,100663296,100.663296,all_reduce,1688.342597421917,1691.1561327142645,2.813535292347513,tp_all_reduce,0,0,-1,0,-1,"0,1,2,3"
ar_l1_tp0_1_2_3,0,-1,100663296,100.663296,all_reduce,1698.342429738975,1701.159248621998,2.816818883023098,tp_all_reduce,1,0,-1,0,-1,"0,1,2,3"
ar_l2_tp0_1_2_3,0,-1,100663296,100.663296,all_reduce,1704.6759820236614,1707.4924690648281,2.81648704116666,tp_all_reduce,2,0,-1,0,-1,"0,1,2,3"
ar_l3_tp0_1_2_3,0,-1,100663296,100.663296,all_reduce,1714.5673200824026,1717.3822788798695,2.814958797467071,tp_all_reduce,3,0,-1,0,-1,"0,1,2,3"
ar_l4_tp0_1_2_3,0,-1,100663296,100.663296,all_reduce,1720.9710724189044,1723.787443446121,2.8163710272164355,tp_all_reduce,4,0,-1,0,-1,"0,1,2,3"
ar_l5_tp0_1_2_3,0,-1,100663296,100.663296,all_reduce,1730.9321428542664,1733.7479671493177,2.815824295051339,tp_all_reduce,5,0,-1,0,-1,"0,1,2,3"
ar_l6_tp0_1_2_3,0,-1,100663296,100.663296,all_reduce,1737.2763775370458,1740.092552260763,2.81617472371698,tp_all_reduce,6,0,-1,0,-1,"0,1,2,3"
ar_l7_tp0_1_2_3,0,-1,100663296,100.663296,all_reduce,1747.4659233084908,1750.282167086557,2.8162437780661076,tp_all_reduce,7,0,-1,0,-1,"0,1,2,3"
ar_l0_tp16_17_18_19,16,-1,100663296,100.663296,all_reduce,1688.3470519850962,1691.1620977331042,2.8150457480080604,tp_all_reduce,0,0,-1,1,-1,"16,17,18,19"
ar_l1_tp16_17_18_19,16,-1,100663296,100.663296,all_reduce,1698.6287370951263,1701.4430241404536,2.8142870453273794,tp_all_reduce,1,0,-1,1,-1,"16,17,18,19"
ar_l2_tp16_17_18_19,16,-1,100663296,100.663296,all_reduce,1705.028745235608,1707.8463499145237,2.817604678915675,tp_all_reduce,2,0,-1,1,-1,"16,17,18,19"
ar_l3_tp16_17_18_19,16,-1,100663296,100.663296,all_reduce,1715.1974749970236,1718.011429766088,2.8139547690644306,tp_all_reduce,3,0,-1,1,-1,"16,17,18,19"
ar_l4_tp16_17_18_19,16,-1,100663296,100.663296,all_reduce,1721.6602617494134,1724.4778749984414,2.8176132490278505,tp_all_reduce,4,0,-1,1,-1,"16,17,18,19"
ar_l5_tp16_17_18_19,16,-1,100663296,100.663296,all_reduce,1731.6804685532964,1734.4971232536911,2.8166547003949383,tp_all_reduce,5,0,-1,1,-1,"16,17,18,19"
ar_l6_tp16_17_18_19,16,-1,100663296,100.663296,all_reduce,1738.5172408259177,1741.3324494016847,2.815208575766892,tp_all_reduce,6,0,-1,1,-1,"16,17,18,19"
ar_l7_tp16_17_18_19,16,-1,100663296,100.663296,all_reduce,1748.7770094188404,1751.5954126986314,2.818403279791104,tp_all_reduce,7,0,-1,1,-1,"16,17,18,19"
ar_l0_tp32_33_34_35,32,-1,100663296,100.663296,all_reduce,1688.3462069659895,1691.1597527172762,2.8135457512865614,tp_all_reduce,0,0,-1,2,-1,"32,33,34,35"
ar_l1_tp32_33_34_35,32,-1,100663296,100.663296,all_reduce,1698.2007246500873,1701.0145377355086,2.8138130854213905,tp_all_reduce,1,0,-1,2,-1,"32,33,34,35"
ar_l2_tp32_33_34_35,32,-1,100663296,100.663296,all_reduce,1704.9139629338013,1707.7286846678226,2.814721734021308,tp_all_reduce,2,0,-1,2,-1,"32,33,34,35"
ar_l3_tp32_33_34_35,32,-1,100663296,100.663296,all_reduce,1714.7555548464002,1717.5734420978379,2.817887251437723,tp_all_reduce,3,0,-1,2,-1,"32,33,34,35"
ar_l4_tp32_33_34_35,32,-1,100663296,100.663296,all_reduce,1721.1920255697346,1724.0076464459744,2.815620876239766,tp_all_reduce,4,0,-1,2,-1,"32,33,34,35"
ar_l5_tp32_33_34_35,32,-1,100663296,100.663296,all_reduce,1730.9185004043807,1733.732336479983,2.8138360756020386,tp_all_reduce,5,0,-1,2,-1,"32,33,34,35"
ar_l6_tp32_33_34_35,32,-1,100663296,100.663296,all_reduce,1737.844437119726,1740.6584197574768,2.8139826377506783,tp_all_reduce,6,0,-1,2,-1,"32,33,34,35"
ar_l7_tp32_33_34_35,32,-1,100663296,100.663296,all_reduce,1747.738364214001,1750.555341490485,2.8169772764841117,tp_all_reduce,7,0,-1,2,-1,"32,33,34,35"
ar_l0_tp48_49_50_51,48,-1,100663296,100.663296,all_reduce,1688.340598050181,1691.1551990614612,2.814601011280393,tp_all_reduce,0,0,-1,3,-1,"48,49,50,51"
ar_l1_tp48_49_50_51,48,-1,100663296,100.663296,all_reduce,1698.338164015642,1701.153086023398,2.8149220077560155,tp_all_reduce,1,0,-1,3,-1,"48,49,50,51"
ar_l2_tp48_49_50_51,48,-1,100663296,100.663296,all_reduce,1704.8475641295793,1707.6646645747421,2.8171004451629234,tp_all_reduce,2,0,-1,3,-1,"48,49,50,51"
ar_l3_tp48_49_50_51,48,-1,100663296,100.663296,all_reduce,1714.9570881525103,1717.7739736913989,2.8168855388885916,tp_all_reduce,3,0,-1,3,-1,"48,49,50,51"
ar_l4_tp48_49_50_51,48,-1,100663296,100.663296,all_reduce,1721.8511895294953,1724.6694952856772,2.818305756181916,tp_all_reduce,4,0,-1,3,-1,"48,49,50,51"
ar_l5_tp48_49_50_51,48,-1,100663296,100.663296,all_reduce,1731.9229985551608,1734.7365520254793,2.8135534703186416,tp_all_reduce,5,0,-1,3,-1,"48,49,50,51"
ar_l6_tp48_49_50_51,48,-1,100663296,100.663296,all_reduce,1738.5776774447256,1741.3919828892683,2.814305444542642,tp_all_reduce,6,0,-1,3,-1,"48,49,50,51"
ar_l7_tp48_49_50_51,48,-1,100663296,100.663296,all_reduce,1748.7187651059617,1751.53563528105,2.8168701750883596,tp_all_reduce,7,0,-1,3,-1,"48,49,50,51"
ar_l16_tp8_9_10_11,8,-1,100663296,100.663296,all_reduce,1657.0228440045646,1659.837266339819,2.8144223352544184,tp_all_reduce,16,2,-1,0,-1,"8,9,10,11"
ar_l17_tp8_9_10_11,8,-1,100663296,100.663296,all_reduce,1666.8316532705564,1669.6486780747086,2.817024804152135,tp_all_reduce,17,2,-1,0,-1,"8,9,10,11"
ar_l18_tp8_9_10_11,8,-1,100663296,100.663296,all_reduce,1673.4223347761224,1676.2393906835573,2.8170559074349732,tp_all_reduce,18,2,-1,0,-1,"8,9,10,11"
ar_l19_tp8_9_10_11,8,-1,100663296,100.663296,all_reduce,1683.5203386796502,1686.3347512600137,2.8144125803635234,tp_all_reduce,19,2,-1,0,-1,"8,9,10,11"
ar_l20_tp8_9_10_11,8,-1,100663296,100.663296,all_reduce,1689.947969132833,1692.7643416695562,2.8163725367231773,tp_all_reduce,20,2,-1,0,-1,"8,9,10,11"
ar_l21_tp8_9_10_11,8,-1,100663296,100.663296,all_reduce,1700.149310128987,1702.965923981954,2.8166138529668316,tp_all_reduce,21,2,-1,0,-1,"8,9,10,11"
ar_l22_tp8_9_10_11,8,-1,100663296,100.663296,all_reduce,1706.9888042084185,1709.8058107403072,2.817006531888655,tp_all_reduce,22,2,-1,0,-1,"8,9,10,11"
ar_l23_tp8_9_10_11,8,-1,100663296,100.663296,all_reduce,1716.8853837464724,1719.703888998993,2.8185052525206977,tp_all_reduce,23,2,-1,0,-1,"8,9,10,11"
ar_l16_tp24_25_26_27,24,-1,100663296,100.663296,all_reduce,1657.0228440045646,1659.8373946564907,2.814550651925929,tp_all_reduce,16,2,-1,1,-1,"24,25,26,27"
ar_l17_tp24_25_26_27,24,-1,100663296,100.663296,all_reduce,1666.9981155229202,1669.8122818479642,2.814166325043832,tp_all_reduce,17,2,-1,1,-1,"24,25,26,27"
ar_l18_tp24_25_26_27,24,-1,100663296,100.663296,all_reduce,1673.4789587043526,1676.2915982294307,2.8126395250782643,tp_all_reduce,18,2,-1,1,-1,"24,25,26,27"
ar_l19_tp24_25_26_27,24,-1,100663296,100.663296,all_reduce,1683.275485204562,1686.089349505155,2.8138643005928277,tp_all_reduce,19,2,-1,1,-1,"24,25,26,27"
ar_l20_tp24_25_26_27,24,-1,100663296,100.663296,all_reduce,1689.8286798888025,1692.6459331122808,2.8172532234782555,tp_all_reduce,20,2,-1,1,-1,"24,25,26,27"
ar_l21_tp24_25_26_27,24,-1,100663296,100.663296,all_reduce,1699.5854869535945,1702.4014893240428,2.816002370448434,tp_all_reduce,21,2,-1,1,-1,"24,25,26,27"
ar_l22_tp24_25_26_27,24,-1,100663296,100.663296,all_reduce,1706.2636970230365,1709.0815827933975,2.817885770360906,tp_all_reduce,22,2,-1,1,-1,"24,25,26,27"
ar_l23_tp24_25_26_27,24,-1,100663296,100.663296,all_reduce,1716.073445197939,1718.8911817132916,2.8177365153527756,tp_all_reduce,23,2,-1,1,-1,"24,25,26,27"
ar_l16_tp40_41_42_43,40,-1,100663296,100.663296,all_reduce,1657.0228440045646,1659.840934383202,2.818090378637228,tp_all_reduce,16,2,-1,2,-1,"40,41,42,43"
ar_l17_tp40_41_42_43,40,-1,100663296,100.663296,all_reduce,1667.3437976139,1670.1614383068595,2.817640692959422,tp_all_reduce,17,2,-1,2,-1,"40,41,42,43"
ar_l18_tp40_41_42_43,40,-1,100663296,100.663296,all_reduce,1673.778579361737,1676.59266057893,2.814081217193065,tp_all_reduce,18,2,-1,2,-1,"40,41,42,43"
ar_l19_tp40_41_42_43,40,-1,100663296,100.663296,all_reduce,1683.8871464863557,1686.7001075727424,2.812961086386734,tp_all_reduce,19,2,-1,2,-1,"40,41,42,43"
ar_l20_tp40_41_42_43,40,-1,100663296,100.663296,all_reduce,1690.4550305152823,1693.2729668073591,2.817936292076828,tp_all_reduce,20,2,-1,2,-1,"40,41,42,43"
ar_l21_tp40_41_42_43,40,-1,100663296,100.663296,all_reduce,1700.3753977321564,1703.191901914249,2.8165041820924497,tp_all_reduce,21,2,-1,2,-1,"40,41,42,43"
ar_l22_tp40_41_42_43,40,-1,100663296,100.663296,all_reduce,1706.800540802127,1709.6151165802207,2.814575778093742,tp_all_reduce,22,2,-1,2,-1,"40,41,42,43"
ar_l23_tp40_41_42_43,40,-1,100663296,100.663296,all_reduce,1716.578716684491,1719.3918615947578,2.8131449102666295,tp_all_reduce,23,2,-1,2,-1,"40,41,42,43"
ar_l16_tp56_57_58_59,56,-1,100663296,100.663296,all_reduce,1657.0228440045646,1659.8355349303677,2.812690925803052,tp_all_reduce,16,2,-1,3,-1,"56,57,58,59"
ar_l17_tp56_57_58_59,56,-1,100663296,100.663296,all_reduce,1667.00913687838,1669.8234343538015,2.814297475421279,tp_all_reduce,17,2,-1,3,-1,"56,57,58,59"
ar_l18_tp56_57_58_59,56,-1,100663296,100.663296,all_reduce,1673.565703814001,1676.384113933395,2.81841011939421,tp_all_reduce,18,2,-1,3,-1,"56,57,58,59"
ar_l19_tp56_57_58_59,56,-1,100663296,100.663296,all_reduce,1683.485799103789,1686.3003919415648,2.8145928377758533,tp_all_reduce,19,2,-1,3,-1,"56,57,58,59"
ar_l20_tp56_57_58_59,56,-1,100663296,100.663296,all_reduce,1690.4087712529397,1693.2229190027972,2.814147749857554,tp_all_reduce,20,2,-1,3,-1,"56,57,58,59"
ar_l21_tp56_57_58_59,56,-1,100663296,100.663296,all_reduce,1700.458930862369,1703.2767552053447,2.8178243429757277,tp_all_reduce,21,2,-1,3,-1,"56,57,58,59"
ar_l22_tp56_57_58_59,56,-1,100663296,100.663296,all_reduce,1706.8001535757123,1709.615499461453,2.8153458857407276,tp_all_reduce,22,2,-1,3,-1,"56,57,58,59"
ar_l23_tp56_57_58_59,56,-1,100663296,100.663296,all_reduce,1716.9565703240876,1719.7738049936643,2.817234669576507,tp_all_reduce,23,2,-1,3,-1,"56,57,58,59"
p2p_bwd_mb14_s2_dp0,8,4,67108864,67.108864,p2p,1723.4287438918839,1724.681084369278,1.2523404773943092,pp_backward,2,2,1,0,0,"8,4"
p2p_bwd_mb14_s2_dp1,24,20,67108864,67.108864,p2p,1723.4287438918839,1724.681084369278,1.2523404773943092,pp_backward,2,2,1,1,1,"24,20"
p2p_bwd_mb14_s2_dp2,40,36,67108864,67.108864,p2p,1723.4287438918839,1724.681084369278,1.2523404773943092,pp_backward,2,2,1,2,2,"40,36"
p2p_bwd_mb14_s2_dp3,56,52,67108864,67.108864,p2p,1723.4287438918839,1724.681084369278,1.2523404773943092,pp_backward,2,2,1,3,3,"56,52"
ar_l24_tp12_13_14_15,12,-1,100663296,100.663296,all_reduce,1657.0228440045646,1659.8381223656484,2.8152783610837506,tp_all_reduce,24,3,-1,0,-1,"12,13,14,15"
ar_l25_tp12_13_14_15,12,-1,100663296,100.663296,all_reduce,1660.461742423774,1663.2786389847106,2.8168965609365326,tp_all_reduce,25,3,-1,0,-1,"12,13,14,15"
ar_l26_tp12_13_14_15,12,-1,100663296,100.663296,all_reduce,1663.926916044801,1666.7394858762143,2.812569831413425,tp_all_reduce,26,3,-1,0,-1,"12,13,14,15"
ar_l27_tp12_13_14_15,12,-1,100663296,100.663296,all_reduce,1667.35888370236,1670.1729022598688,2.814018557508957,tp_all_reduce,27,3,-1,0,-1,"12,13,14,15"
ar_l28_tp12_13_14_15,12,-1,100663296,100.663296,all_reduce,1670.7213510880636,1673.5345399812668,2.8131888932032556,tp_all_reduce,28,3,-1,0,-1,"12,13,14,15"
ar_l29_tp12_13_14_15,12,-1,100663296,100.663296,all_reduce,1673.9350683181854,1676.7520501146118,2.816981796426532,tp_all_reduce,29,3,-1,0,-1,"12,13,14,15"
ar_l30_tp12_13_14_15,12,-1,100663296,100.663296,all_reduce,1677.2769443425036,1680.090861113388,2.8139167708844948,tp_all_reduce,30,3,-1,0,-1,"12,13,14,15"
ar_l31_tp12_13_14_15,12,-1,100663296,100.663296,all_reduce,1680.5551069226738,1683.3727029453082,2.8175960226344277,tp_all_reduce,31,3,-1,0,-1,"12,13,14,15"
ar_l24_tp28_29_30_31,28,-1,100663296,100.663296,all_reduce,1657.0228440045646,1659.8361314107512,2.813287406186582,tp_all_reduce,24,3,-1,1,-1,"28,29,30,31"
ar_l25_tp28_29_30_31,28,-1,100663296,100.663296,all_reduce,1660.4831460429682,1663.298912092965,2.815766049997004,tp_all_reduce,25,3,-1,1,-1,"28,29,30,31"
ar_l26_tp28_29_30_31,28,-1,100663296,100.663296,all_reduce,1663.6384155543888,1666.453719227599,2.8153036732101455,tp_all_reduce,26,3,-1,1,-1,"28,29,30,31"
ar_l27_tp28_29_30_31,28,-1,100663296,100.663296,all_reduce,1667.051573767704,1669.8655371928576,2.8139634251536094,tp_all_reduce,27,3,-1,1,-1,"28,29,30,31"
ar_l28_tp28_29_30_31,28,-1,100663296,100.663296,all_reduce,1670.3631025209454,1673.1762249234946,2.813122402549162,tp_all_reduce,28,3,-1,1,-1,"28,29,30,31"
ar_l29_tp28_29_30_31,28,-1,100663296,100.663296,all_reduce,1673.5592653286772,1676.375724711886,2.816459383208958,tp_all_reduce,29,3,-1,1,-1,"28,29,30,31"
ar_l30_tp28_29_30_31,28,-1,100663296,100.663296,all_reduce,1676.943085536381,1679.761006691502,2.817921155120917,tp_all_reduce,30,3,-1,1,-1,"28,29,30,31"
ar_l31_tp28_29_30_31,28,-1,100663296,100.663296,all_reduce,1680.28025662565,1683.0976390442263,2.8173824185762086,tp_all_reduce,31,3,-1,1,-1,"28,29,30,31"
ar_l24_tp44_45_46_47,44,-1,100663296,100.663296,all_reduce,1657.0228440045646,1659.8407801509552,2.817936146390476,tp_all_reduce,24,3,-1,2,-1,"44,45,46,47"
ar_l25_tp44_45_46_47,44,-1,100663296,100.663296,all_reduce,1660.2298274686514,1663.0447681105431,2.8149406418918055,tp_all_reduce,25,3,-1,2,-1,"44,45,46,47"
ar_l26_tp44_45_46_47,44,-1,100663296,100.663296,all_reduce,1663.5255375976628,1666.3404191108339,2.814881513171219,tp_all_reduce,26,3,-1,2,-1,"44,45,46,47"
ar_l27_tp44_45_46_47,44,-1,100663296,100.663296,all_reduce,1666.938258855863,1669.755110485904,2.816851630040862,tp_all_reduce,27,3,-1,2,-1,"44,45,46,47"
ar_l28_tp44_45_46_47,44,-1,100663296,100.663296,all_reduce,1670.3187919609747,1673.132962099486,2.8141701385111517,tp_all_reduce,28,3,-1,2,-1,"44,45,46,47"
ar_l29_tp44_45_46_47,44,-1,100663296,100.663296,all_reduce,1673.6775429350782,1676.4941121146067,2.8165691795283276,tp_all_reduce,29,3,-1,2,-1,"44,45,46,47"
ar_l30_tp44_45_46_47,44,-1,100663296,100.663296,all_reduce,1676.9246497642641,1679.7424034069945,2.817753642730514,tp_all_reduce,30,3,-1,2,-1,"44,45,46,47"
ar_l31_tp44_45_46_47,44,-1,100663296,100.663296,all_reduce,1680.3880830155294,1683.2062937163184,2.8182107007890256,tp_all_reduce,31,3,-1,2,-1,"44,45,46,47"
ar_l24_tp60_61_62_63,60,-1,100663296,100.663296,all_reduce,1657.0228440045646,1659.8395844817242,2.8167404771595184,tp_all_reduce,24,3,-1,3,-1,"60,61,62,63"
ar_l25_tp60_61_62_63,60,-1,100663296,100.663296,all_reduce,1660.212413745972,1663.0278052155663,2.8153914695940863,tp_all_reduce,25,3,-1,3,-1,"60,61,62,63"
ar_l26_tp60_61_62_63,60,-1,100663296,100.663296,all_reduce,1663.5804836944826,1666.3966653105954,2.816181616112967,tp_all_reduce,26,3,-1,3,-1,"60,61,62,63"
ar_l27_tp60_61_62_63,60,-1,100663296,100.663296,all_reduce,1666.8534844494948,1669.671795902812,2.818311453317346,tp_all_reduce,27,3,-1,3,-1,"60,61,62,63"
ar_l28_tp60_61_62_63,60,-1,100663296,100.663296,all_reduce,1670.1457391666318,1672.9597070312398,2.813967864608191,tp_all_reduce,28,3,-1,3,-1,"60,61,62,63"
ar_l29_tp60_61_62_63,60,-1,100663296,100.663296,all_reduce,1673.439920486206,1676.2540293178413,2.8141088316355756,tp_all_reduce,29,3,-1,3,-1,"60,61,62,63"
ar_l30_tp60_61_62_63,60,-1,100663296,100.663296,all_reduce,1676.72812857565,1679.5451665704031,2.817037994752969,tp_all_reduce,30,3,-1,3,-1,"60,61,62,63"
ar_l31_tp60_61_62_63,60,-1,100663296,100.663296,all_reduce,1680.167346095956,1682.9809093411639,2.813563245207984,tp_all_reduce,31,3,-1,3,-1,"60,61,62,63"
ar_l8_tp4_5_6_7,4,-1,100663296,100.663296,all_reduce,1724.681084369278,1727.4954844023066,2.8144000330283525,tp_all_reduce,8,1,-1,0,-1,"4,5,6,7"
ar_l9_tp4_5_6_7,4,-1,100663296,100.663296,all_reduce,1734.9285194318993,1737.7443295216283,2.815810089729087,tp_all_reduce,9,1,-1,0,-1,"4,5,6,7"
ar_l10_tp4_5_6_7,4,-1,100663296,100.663296,all_reduce,1741.3371130729208,1744.1550432219194,2.8179301489985598,tp_all_reduce,10,1,-1,0,-1,"4,5,6,7"
ar_l11_tp4_5_6_7,4,-1,100663296,100.663296,all_reduce,1751.2737245112105,1754.0921175524486,2.8183930412382097,tp_all_reduce,11,1,-1,0,-1,"4,5,6,7"
ar_l12_tp4_5_6_7,4,-1,100663296,100.663296,all_reduce,1757.9669618369214,1760.7838169414244,2.8168551045031354,tp_all_reduce,12,1,-1,0,-1,"4,5,6,7"
ar_l13_tp4_5_6_7,4,-1,100663296,100.663296,all_reduce,1767.7854193501503,1770.5994016851923,2.8139823350419313,tp_all_reduce,13,1,-1,0,-1,"4,5,6,7"
ar_l14_tp4_5_6_7,4,-1,100663296,100.663296,all_reduce,1774.1030212602923,1776.9182491966524,2.815227936360243,tp_all_reduce,14,1,-1,0,-1,"4,5,6,7"
ar_l15_tp4_5_6_7,4,-1,100663296,100.663296,all_reduce,1784.1779262941602,1786.9929564915806,2.815030197420354,tp_all_reduce,15,1,-1,0,-1,"4,5,6,7"
ar_l8_tp20_21_22_23,20,-1,100663296,100.663296,all_reduce,1724.681084369278,1727.4993716381507,2.8182872688724547,tp_all_reduce,8,1,-1,1,-1,"20,21,22,23"
ar_l9_tp20_21_22_23,20,-1,100663296,100.663296,all_reduce,1734.7035827213658,1737.5173741492547,2.8137914278887344,tp_all_reduce,9,1,-1,1,-1,"20,21,22,23"
ar_l10_tp20_21_22_23,20,-1,100663296,100.663296,all_reduce,1741.2239722573868,1744.0409819478682,2.8170096904813757,tp_all_reduce,10,1,-1,1,-1,"20,21,22,23"
ar_l11_tp20_21_22_23,20,-1,100663296,100.663296,all_reduce,1751.0455685863392,1753.8635445363211,2.81797594998201,tp_all_reduce,11,1,-1,1,-1,"20,21,22,23"
ar_l12_tp20_21_22_23,20,-1,100663296,100.663296,all_reduce,1757.8612116721529,1760.6767022992337,2.8154906270809743,tp_all_reduce,12,1,-1,1,-1,"20,21,22,23"
ar_l13_tp20_21_22_23,20,-1,100663296,100.663296,all_reduce,1767.6328459739339,1770.4476106969341,2.8147647230003514,tp_all_reduce,13,1,-1,1,-1,"20,21,22,23"
ar_l14_tp20_21_22_23,20,-1,100663296,100.663296,all_reduce,1774.2213180408576,1777.0395324459867,2.8182144051291935,tp_all_reduce,14,1,-1,1,-1,"20,21,22,23"
ar_l15_tp20_21_22_23,20,-1,100663296,100.663296,all_reduce,1784.57450496686,1787.392081703525,2.8175767366649396,tp_all_reduce,15,1,-1,1,-1,"20,21,22,23"
ar_l8_tp36_37_38_39,36,-1,100663296,100.663296,all_reduce,1724.681084369278,1727.4951749415159,2.814090572237804,tp_all_reduce,8,1,-1,2,-1,"36,37,38,39"
ar_l9_tp36_37_38_39,36,-1,100663296,100.663296,all_reduce,1734.732575203449,1737.5492473801626,2.8166721767135527,tp_all_reduce,9,1,-1,2,-1,"36,37,38,39"
ar_l10_tp36_37_38_39,36,-1,100663296,100.663296,all_reduce,1741.4211470334324,1744.2344762619011,2.813329228468664,tp_all_reduce,10,1,-1,2,-1,"36,37,38,39"
ar_l11_tp36_37_38_39,36,-1,100663296,100.663296,all_reduce,1751.6659480528492,1754.4787605365832,2.812812483734106,tp_all_reduce,11,1,-1,2,-1,"36,37,38,39"
ar_l12_tp36_37_38_39,36,-1,100663296,100.663296,all_reduce,1758.5817483475466,1761.3992871544501,2.817538806903608,tp_all_reduce,12,1,-1,2,-1,"36,37,38,39"
ar_l13_tp36_37_38_39,36,-1,100663296,100.663296,all_reduce,1768.590278484826,1771.404278974448,2.814000489621993,tp_all_reduce,13,1,-1,2,-1,"36,37,38,39"
ar_l14_tp36_37_38_39,36,-1,100663296,100.663296,all_reduce,1775.4894443845224,1778.303380095247,2.8139357107244134,tp_all_reduce,14,1,-1,2,-1,"36,37,38,39"
ar_l15_tp36_37_38_39,36,-1,100663296,100.663296,all_reduce,1785.536502964394,1788.3538682128506,2.8173652484566603,tp_all_reduce,15,1,-1,2,-1,"36,37,38,39"
ar_l8_tp52_53_54_55,52,-1,100663296,100.663296,all_reduce,1724.681084369278,1727.4962869263245,2.815202557046259,tp_all_reduce,8,1,-1,3,-1,"52,53,54,55"
ar_l9_tp52_53_54_55,52,-1,100663296,100.663296,all_reduce,1734.2606818720258,1737.0769044864323,2.816222614406394,tp_all_reduce,9,1,-1,3,-1,"52,53,54,55"
ar_l10_tp52_53_54_55,52,-1,100663296,100.663296,all_reduce,1740.6551073772343,1743.471288240156,2.81618086292168,tp_all_reduce,10,1,-1,3,-1,"52,53,54,55"
ar_l11_tp52_53_54_55,52,-1,100663296,100.663296,all_reduce,1750.6314990083283,1753.4480305560514,2.8165315477231,tp_all_reduce,11,1,-1,3,-1,"52,53,54,55"
ar_l12_tp52_53_54_55,52,-1,100663296,100.663296,all_reduce,1757.4706954832825,1760.2833165547006,2.812621071418109,tp_all_reduce,12,1,-1,3,-1,"52,53,54,55"
ar_l13_tp52_53_54_55,52,-1,100663296,100.663296,all_reduce,1767.1648429475376,1769.983368793252,2.8185258457142925,tp_all_reduce,13,1,-1,3,-1,"52,53,54,55"
ar_l14_tp52_53_54_55,52,-1,100663296,100.663296,all_reduce,1773.703862673071,1776.518918768872,2.8150560958011273,tp_all_reduce,14,1,-1,3,-1,"52,53,54,55"
ar_l15_tp52_53_54_55,52,-1,100663296,100.663296,all_reduce,1783.8898186877875,1786.7069745168637,2.8171558290763787,tp_all_reduce,15,1,-1,3,-1,"52,53,54,55"
p2p_bwd_mb14_s1_dp0,4,0,67108864,67.108864,p2p,1792.1647778649678,1793.4153191169978,1.2505412520300574,pp_backward,1,1,0,0,0,"4,0"
p2p_bwd_mb14_s1_dp1,20,16,67108864,67.108864,p2p,1792.1647778649678,1793.4153191169978,1.2505412520300574,pp_backward,1,1,0,1,1,"20,16"
p2p_bwd_mb14_s1_dp2,36,32,67108864,67.108864,p2p,1792.1647778649678,1793.4153191169978,1.2505412520300574,pp_backward,1,1,0,2,2,"36,32"
p2p_bwd_mb14_s1_dp3,52,48,67108864,67.108864,p2p,1792.1647778649678,1793.4153191169978,1.2505412520300574,pp_backward,1,1,0,3,3,"52,48"
ar_l24_tp12_13_14_15,12,-1,100663296,100.663296,all_reduce,1687.239333135041,1690.0555474041898,2.816214269148798,tp_all_reduce,24,3,-1,0,-1,"12,13,14,15"
ar_l25_tp12_13_14_15,12,-1,100663296,100.663296,all_reduce,1696.817476203,1699.6356327868036,2.818156583803466,tp_all_reduce,25,3,-1,0,-1,"12,13,14,15"
ar_l26_tp12_13_14_15,12,-1,100663296,100.663296,all_reduce,1703.7728256500013,1706.591354439555,2.818528789553687,tp_all_reduce,26,3,-1,0,-1,"12,13,14,15"
ar_l27_tp12_13_14_15,12,-1,100663296,100.663296,all_reduce,1713.511186119636,1716.3289242531373,2.8177381335012797,tp_all_reduce,27,3,-1,0,-1,"12,13,14,15"
ar_l28_tp12_13_14_15,12,-1,100663296,100.663296,all_reduce,1720.359332129576,1723.1771218612107,2.8177897316346012,tp_all_reduce,28,3,-1,0,-1,"12,13,14,15"
ar_l29_tp12_13_14_15,12,-1,100663296,100.663296,all_reduce,1730.2822398902229,1733.0972350844988,2.814995194275971,tp_all_reduce,29,3,-1,0,-1,"12,13,14,15"
ar_l30_tp12_13_14_15,12,-1,100663296,100.663296,all_reduce,1736.7166755971618,1739.533125272178,2.8164496750160417,tp_all_reduce,30,3,-1,0,-1,"12,13,14,15"
ar_l31_tp12_13_14_15,12,-1,100663296,100.663296,all_reduce,1746.7689478224188,1749.5844463530145,2.815498530595706,tp_all_reduce,31,3,-1,0,-1,"12,13,14,15"
ar_l24_tp28_29_30_31,28,-1,100663296,100.663296,all_reduce,1687.239333135041,1690.0535182076621,2.8141850726211004,tp_all_reduce,24,3,-1,1,-1,"28,29,30,31"
ar_l25_tp28_29_30_31,28,-1,100663296,100.663296,all_reduce,1697.4560513491008,1700.2733522100957,2.8173008609948536,tp_all_reduce,25,3,-1,1,-1,"28,29,30,31"
ar_l26_tp28_29_30_31,28,-1,100663296,100.663296,all_reduce,1704.3809543895009,1707.196237355253,2.815282965752397,tp_all_reduce,26,3,-1,1,-1,"28,29,30,31"
ar_l27_tp28_29_30_31,28,-1,100663296,100.663296,all_reduce,1714.388817930922,1717.2013912582036,2.8125733272816866,tp_all_reduce,27,3,-1,1,-1,"28,29,30,31"
ar_l28_tp28_29_30_31,28,-1,100663296,100.663296,all_reduce,1720.821553719458,1723.635658285538,2.814104566080111,tp_all_reduce,28,3,-1,1,-1,"28,29,30,31"
ar_l29_tp28_29_30_31,28,-1,100663296,100.663296,all_reduce,1730.45426275779,1733.2670145800573,2.8127518222671455,tp_all_reduce,29,3,-1,1,-1,"28,29,30,31"
ar_l30_tp28_29_30_31,28,-1,100663296,100.663296,all_reduce,1736.7912915798217,1739.6051449528693,2.8138533730475146,tp_all_reduce,30,3,-1,1,-1,"28,29,30,31"
ar_l31_tp28_29_30_31,28,-1,100663296,100.663296,all_reduce,1746.6712986619666,1749.486691592876,2.8153929309093773,tp_all_reduce,31,3,-1,1,-1,"28,29,30,31"
ar_l24_tp44_45_46_47,44,-1,100663296,100.663296,all_reduce,1687.239333135041,1690.055404127029,2.8160709919879956,tp_all_reduce,24,3,-1,2,-1,"44,45,46,47"
ar_l25_tp44_45_46_47,44,-1,100663296,100.663296,all_reduce,1697.5048933086716,1700.3227796454125,2.81788633674096,tp_all_reduce,25,3,-1,2,-1,"44,45,46,47"
ar_l26_tp44_45_46_47,44,-1,100663296,100.663296,all_reduce,1704.3241108358627,1707.1367567049692,2.812645869106456,tp_all_reduce,26,3,-1,2,-1,"44,45,46,47"
ar_l27_tp44_45_46_47,44,-1,100663296,100.663296,all_reduce,1714.1010169304423,1716.9171425853935,2.8161256549512625,tp_all_reduce,27,3,-1,2,-1,"44,45,46,47"
ar_l28_tp44_45_46_47,44,-1,100663296,100.663296,all_reduce,1720.8501626544207,1723.664106629065,2.813943974644184,tp_all_reduce,28,3,-1,2,-1,"44,45,46,47"
ar_l29_tp44_45_46_47,44,-1,100663296,100.663296,all_reduce,1730.8619179679076,1733.6781581977755,2.816240229867706,tp_all_reduce,29,3,-1,2,-1,"44,45,46,47"
ar_l30_tp44_45_46_47,44,-1,100663296,100.663296,all_reduce,1737.767813482503,1740.581367028676,2.8135535461728534,tp_all_reduce,30,3,-1,2,-1,"44,45,46,47"
ar_l31_tp44_45_46_47,44,-1,100663296,100.663296,all_reduce,1747.4682628094486,1750.2817401104219,2.813477300973144,tp_all_reduce,31,3,-1,2,-1,"44,45,46,47"
ar_l24_tp60_61_62_63,60,-1,100663296,100.663296,all_reduce,1687.239333135041,1690.0547390501908,2.815405915149727,tp_all_reduce,24,3,-1,3,-1,"60,61,62,63"
ar_l25_tp60_61_62_63,60,-1,100663296,100.663296,all_reduce,1697.0596715502397,1699.8759866655132,2.816315115273582,tp_all_reduce,25,3,-1,3,-1,"60,61,62,63"
ar_l26_tp60_61_62_63,60,-1,100663296,100.663296,all_reduce,1703.713695552419,1706.52949720318,2.8158016507608963,tp_all_reduce,26,3,-1,3,-1,"60,61,62,63"
ar_l27_tp60_61_62_63,60,-1,100663296,100.663296,all_reduce,1713.7358075313002,1716.5541675101642,2.818359978864038,tp_all_reduce,27,3,-1,3,-1,"60,61,62,63"
ar_l28_tp60_61_62_63,60,-1,100663296,100.663296,all_reduce,1720.1707615711118,1722.985862200443,2.815100629331102,tp_all_reduce,28,3,-1,3,-1,"60,61,62,63"
ar_l29_tp60_61_62_63,60,-1,100663296,100.663296,all_reduce,1729.8007147708938,1732.6156666471622,2.8149518762683456,tp_all_reduce,29,3,-1,3,-1,"60,61,62,63"
ar_l30_tp60_61_62_63,60,-1,100663296,100.663296,all_reduce,1736.5388547151942,1739.3534072678663,2.814552552671934,tp_all_reduce,30,3,-1,3,-1,"60,61,62,63"
ar_l31_tp60_61_62_63,60,-1,100663296,100.663296,all_reduce,1746.1721577776984,1748.9865114403601,2.814353662661695,tp_all_reduce,31,3,-1,3,-1,"60,61,62,63"
p2p_bwd_mb15_s3_dp0,12,8,67108864,67.108864,p2p,1760.492787304623,1761.743295929826,1.2505086252028175,pp_backward,3,3,2,0,0,"12,8"
p2p_bwd_mb15_s3_dp1,28,24,67108864,67.108864,p2p,1760.492787304623,1761.743295929826,1.2505086252028175,pp_backward,3,3,2,1,1,"28,24"
p2p_bwd_mb15_s3_dp2,44,40,67108864,67.108864,p2p,1760.492787304623,1761.743295929826,1.2505086252028175,pp_backward,3,3,2,2,2,"44,40"
p2p_bwd_mb15_s3_dp3,60,56,67108864,67.108864,p2p,1760.492787304623,1761.743295929826,1.2505086252028175,pp_backward,3,3,2,3,3,"60,56"
ar_l0_tp0_1_2_3,0,-1,100663296,100.663296,all_reduce,1793.516950922485,1796.335353673518,2.8184027510331777,tp_all_reduce,0,0,-1,0,-1,"0,1,2,3"
ar_l1_tp0_1_2_3,0,-1,100663296,100.663296,all_reduce,1803.428292439389,1806.2453939659533,2.817101526564336,tp_all_reduce,1,0,-1,0,-1,"0,1,2,3"
ar_l2_tp0_1_2_3,0,-1,100663296,100.663296,all_reduce,1810.2435446411978,1813.0606587810955,2.817114139897825,tp_all_reduce,2,0,-1,0,-1,"0,1,2,3"
ar_l3_tp0_1_2_3,0,-1,100663296,100.663296,all_reduce,1820.347737503872,1823.1609989440142,2.8132614401423783,tp_all_reduce,3,0,-1,0,-1,"0,1,2,3"
ar_l4_tp0_1_2_3,0,-1,100663296,100.663296,all_reduce,1827.1971540003346,1830.0101073928975,2.8129533925627115,tp_all_reduce,4,0,-1,0,-1,"0,1,2,3"
ar_l5_tp0_1_2_3,0,-1,100663296,100.663296,all_reduce,1836.908965759046,1839.7241374406867,2.8151716816406935,tp_all_reduce,5,0,-1,0,-1,"0,1,2,3"
ar_l6_tp0_1_2_3,0,-1,100663296,100.663296,all_reduce,1843.5734472798047,1846.3903876861061,2.816940406301427,tp_all_reduce,6,0,-1,0,-1,"0,1,2,3"
ar_l7_tp0_1_2_3,0,-1,100663296,100.663296,all_reduce,1853.1278070941023,1855.9457181750015,2.817911080899016,tp_all_reduce,7,0,-1,0,-1,"0,1,2,3"
ar_l0_tp16_17_18_19,16,-1,100663296,100.663296,all_reduce,1793.5136972753025,1796.3320766620313,2.8183793867289086,tp_all_reduce,0,0,-1,1,-1,"16,17,18,19"
ar_l1_tp16_17_18_19,16,-1,100663296,100.663296,all_reduce,1803.5421662521128,1806.3579586743724,2.8157924222596,tp_all_reduce,1,0,-1,1,-1,"16,17,18,19"
ar_l2_tp16_17_18_19,16,-1,100663296,100.663296,all_reduce,1810.1544572824398,1812.9724578020107,2.81800051957104,tp_all_reduce,2,0,-1,1,-1,"16,17,18,19"
ar_l3_tp16_17_18_19,16,-1,100663296,100.663296,all_reduce,1819.7573608535176,1822.5758330610893,2.8184722075716984,tp_all_reduce,3,0,-1,1,-1,"16,17,18,19"
ar_l4_tp16_17_18_19,16,-1,100663296,100.663296,all_reduce,1826.219998495929,1829.0342355581465,2.814237062217506,tp_all_reduce,4,0,-1,1,-1,"16,17,18,19"
ar_l5_tp16_17_18_19,16,-1,100663296,100.663296,all_reduce,1836.3954315758087,1839.211945953756,2.8165143779472768,tp_all_reduce,5,0,-1,1,-1,"16,17,18,19"
ar_l6_tp16_17_18_19,16,-1,100663296,100.663296,all_reduce,1842.7582232894983,1845.5766657943504,2.818442504852081,tp_all_reduce,6,0,-1,1,-1,"16,17,18,19"
ar_l7_tp16_17_18_19,16,-1,100663296,100.663296,all_reduce,1852.9821304870873,1855.796030766751,2.8139002796638835,tp_all_reduce,7,0,-1,1,-1,"16,17,18,19"
ar_l0_tp32_33_34_35,32,-1,100663296,100.663296,all_reduce,1793.5168354969655,1796.334612007878,2.8177765109125286,tp_all_reduce,0,0,-1,2,-1,"32,33,34,35"
ar_l1_tp32_33_34_35,32,-1,100663296,100.663296,all_reduce,1803.4809918428607,1806.299181076447,2.8181892335863434,tp_all_reduce,1,0,-1,2,-1,"32,33,34,35"
ar_l2_tp32_33_34_35,32,-1,100663296,100.663296,all_reduce,1810.05936712903,1812.8722129950306,2.8128458660003908,tp_all_reduce,2,0,-1,2,-1,"32,33,34,35"
ar_l3_tp32_33_34_35,32,-1,100663296,100.663296,all_reduce,1819.7183740665687,1822.5366644371688,2.818290370599996,tp_all_reduce,3,0,-1,2,-1,"32,33,34,35"
ar_l4_tp32_33_34_35,32,-1,100663296,100.663296,all_reduce,1826.0265106827235,1828.8411380458435,2.8146273631199925,tp_all_reduce,4,0,-1,2,-1,"32,33,34,35"
ar_l5_tp32_33_34_35,32,-1,100663296,100.663296,all_reduce,1836.3633115238595,1839.181042576255,2.817731052395578,tp_all_reduce,5,0,-1,2,-1,"32,33,34,35"
ar_l6_tp32_33_34_35,32,-1,100663296,100.663296,all_reduce,1842.828869181806,1845.6459453106545,2.817076128848184,tp_all_reduce,6,0,-1,2,-1,"32,33,34,35"
ar_l7_tp32_33_34_35,32,-1,100663296,100.663296,all_reduce,1852.9362489330117,1855.7525109360352,2.8162620030234287,tp_all_reduce,7,0,-1,2,-1,"32,33,34,35"
ar_l0_tp48_49_50_51,48,-1,100663296,100.663296,all_reduce,1793.5143008544385,1796.3274382280688,2.8131373736302034,tp_all_reduce,0,0,-1,3,-1,"48,49,50,51"
ar_l1_tp48_49_50_51,48,-1,100663296,100.663296,all_reduce,1803.429243198188,1806.2439688585491,2.814725660361228,tp_all_reduce,1,0,-1,3,-1,"48,49,50,51"
ar_l2_tp48_49_50_51,48,-1,100663296,100.663296,all_reduce,1810.2644743240571,1813.0795739531636,2.815099629106532,tp_all_reduce,2,0,-1,3,-1,"48,49,50,51"
ar_l3_tp48_49_50_51,48,-1,100663296,100.663296,all_reduce,1820.5591692145763,1823.3742662687632,2.8150970541869214,tp_all_reduce,3,0,-1,3,-1,"48,49,50,51"
ar_l4_tp48_49_50_51,48,-1,100663296,100.663296,all_reduce,1826.9487709401085,1829.764610096423,2.815839156314448,tp_all_reduce,4,0,-1,3,-1,"48,49,50,51"
ar_l5_tp48_49_50_51,48,-1,100663296,100.663296,all_reduce,1837.1797631236584,1839.9963694479547,2.816606324296478,tp_all_reduce,5,0,-1,3,-1,"48,49,50,51"
ar_l6_tp48_49_50_51,48,-1,100663296,100.663296,all_reduce,1843.8498808015813,1846.6675596872926,2.8176788857112722,tp_all_reduce,6,0,-1,3,-1,"48,49,50,51"
ar_l7_tp48_49_50_51,48,-1,100663296,100.663296,all_reduce,1853.893638513505,1856.706650000232,2.8130114867270795,tp_all_reduce,7,0,-1,3,-1,"48,49,50,51"
ar_l16_tp8_9_10_11,8,-1,100663296,100.663296,all_reduce,1761.743295929826,1764.5582904400926,2.8149945102666774,tp_all_reduce,16,2,-1,0,-1,"8,9,10,11"
ar_l17_tp8_9_10_11,8,-1,100663296,100.663296,all_reduce,1771.8087315612136,1774.6228389990517,2.8141074378380537,tp_all_reduce,17,2,-1,0,-1,"8,9,10,11"
ar_l18_tp8_9_10_11,8,-1,100663296,100.663296,all_reduce,1778.630192487356,1781.4475048217057,2.8173123343497863,tp_all_reduce,18,2,-1,0,-1,"8,9,10,11"
ar_l19_tp8_9_10_11,8,-1,100663296,100.663296,all_reduce,1788.3042972493336,1791.1179175561958,2.8136203068622745,tp_all_reduce,19,2,-1,0,-1,"8,9,10,11"
ar_l20_tp8_9_10_11,8,-1,100663296,100.663296,all_reduce,1795.1430944367337,1797.9612812096518,2.8181867729180077,tp_all_reduce,20,2,-1,0,-1,"8,9,10,11"
ar_l21_tp8_9_10_11,8,-1,100663296,100.663296,all_reduce,1805.5106371144304,1808.32356621344,2.8129290990095424,tp_all_reduce,21,2,-1,0,-1,"8,9,10,11"
ar_l22_tp8_9_10_11,8,-1,100663296,100.663296,all_reduce,1811.841406636615,1814.6578691109316,2.816462474316772,tp_all_reduce,22,2,-1,0,-1,"8,9,10,11"
ar_l23_tp8_9_10_11,8,-1,100663296,100.663296,all_reduce,1822.1235077535116,1824.9403366849442,2.8168289314325357,tp_all_reduce,23,2,-1,0,-1,"8,9,10,11"
ar_l16_tp24_25_26_27,24,-1,100663296,100.663296,all_reduce,1761.743295929826,1764.5578301183568,2.8145341885308373,tp_all_reduce,16,2,-1,1,-1,"24,25,26,27"
ar_l17_tp24_25_26_27,24,-1,100663296,100.663296,all_reduce,1771.8674285820719,1774.6858756790932,2.8184470970213926,tp_all_reduce,17,2,-1,1,-1,"24,25,26,27"
ar_l18_tp24_25_26_27,24,-1,100663296,100.663296,all_reduce,1778.276347060492,1781.0922788481591,2.8159317876670364,tp_all_reduce,18,2,-1,1,-1,"24,25,26,27"
ar_l19_tp24_25_26_27,24,-1,100663296,100.663296,all_reduce,1788.2849134766234,1791.0994784647658,2.814564988142365,tp_all_reduce,19,2,-1,1,-1,"24,25,26,27"
ar_l20_tp24_25_26_27,24,-1,100663296,100.663296,all_reduce,1794.9399653329458,1797.7558701587238,2.8159048257778707,tp_all_reduce,20,2,-1,1,-1,"24,25,26,27"
ar_l21_tp24_25_26_27,24,-1,100663296,100.663296,all_reduce,1804.8770829197972,1807.689927887628,2.812844967830852,tp_all_reduce,21,2,-1,1,-1,"24,25,26,27"
ar_l22_tp24_25_26_27,24,-1,100663296,100.663296,all_reduce,1811.2277863009674,1814.043074808955,2.8152885079877343,tp_all_reduce,22,2,-1,1,-1,"24,25,26,27"
ar_l23_tp24_25_26_27,24,-1,100663296,100.663296,all_reduce,1821.2359727614535,1824.0503268790396,2.8143541175860154,tp_all_reduce,23,2,-1,1,-1,"24,25,26,27"
ar_l16_tp40_41_42_43,40,-1,100663296,100.663296,all_reduce,1761.743295929826,1764.556497492527,2.813201562700929,tp_all_reduce,16,2,-1,2,-1,"40,41,42,43"
ar_l17_tp40_41_42_43,40,-1,100663296,100.663296,all_reduce,1771.2625765394107,1774.077193534591,2.8146169951803746,tp_all_reduce,17,2,-1,2,-1,"40,41,42,43"
ar_l18_tp40_41_42_43,40,-1,100663296,100.663296,all_reduce,1777.821070278865,1780.6378211435444,2.8167508646796957,tp_all_reduce,18,2,-1,2,-1,"40,41,42,43"
ar_l19_tp40_41_42_43,40,-1,100663296,100.663296,all_reduce,1787.5319462107666,1790.3488116632902,2.816865452523576,tp_all_reduce,19,2,-1,2,-1,"40,41,42,43"
ar_l20_tp40_41_42_43,40,-1,100663296,100.663296,all_reduce,1794.2009098743324,1797.0178196884506,2.816909814118196,tp_all_reduce,20,2,-1,2,-1,"40,41,42,43"
ar_l21_tp40_41_42_43,40,-1,100663296,100.663296,all_reduce,1804.368392600383,1807.1863733466844,2.8179807463013518,tp_all_reduce,21,2,-1,2,-1,"40,41,42,43"
ar_l22_tp40_41_42_43,40,-1,100663296,100.663296,all_reduce,1810.9057566073009,1813.7214518152762,2.8156952079754216,tp_all_reduce,22,2,-1,2,-1,"40,41,42,43"
ar_l23_tp40_41_42_43,40,-1,100663296,100.663296,all_reduce,1820.485875534899,1823.3017730305362,2.815897495637154,tp_all_reduce,23,2,-1,2,-1,"40,41,42,43"
ar_l16_tp56_57_58_59,56,-1,100663296,100.663296,all_reduce,1761.743295929826,1764.5561418906073,2.8128459607812406,tp_all_reduce,16,2,-1,3,-1,"56,57,58,59"
ar_l17_tp56_57_58_59,56,-1,100663296,100.663296,all_reduce,1771.6069009579437,1774.424124122204,2.81722316426003,tp_all_reduce,17,2,-1,3,-1,"56,57,58,59"
ar_l18_tp56_57_58_59,56,-1,100663296,100.663296,all_reduce,1778.249597136101,1781.0642264225098,2.814629286408632,tp_all_reduce,18,2,-1,3,-1,"56,57,58,59"
ar_l19_tp56_57_58_59,56,-1,100663296,100.663296,all_reduce,1788.2959472398977,1791.1102311961026,2.814283956204866,tp_all_reduce,19,2,-1,3,-1,"56,57,58,59"
ar_l20_tp56_57_58_59,56,-1,100663296,100.663296,all_reduce,1794.7456623447981,1797.56166237666,2.816000031861776,tp_all_reduce,20,2,-1,3,-1,"56,57,58,59"
ar_l21_tp56_57_58_59,56,-1,100663296,100.663296,all_reduce,1804.7539589009373,1807.5710399744246,2.8170810734873264,tp_all_reduce,21,2,-1,3,-1,"56,57,58,59"
ar_l22_tp56_57_58_59,56,-1,100663296,100.663296,all_reduce,1811.2510213071648,1814.0681596188629,2.817138311697942,tp_all_reduce,22,2,-1,3,-1,"56,57,58,59"
ar_l23_tp56_57_58_59,56,-1,100663296,100.663296,all_reduce,1821.5721724379935,1824.3853970439475,2.8132246059540122,tp_all_reduce,23,2,-1,3,-1,"56,57,58,59"
p2p_bwd_mb15_s2_dp0,8,4,67108864,67.108864,p2p,1828.8213892330336,1830.073918526901,1.2525292938674326,pp_backward,2,2,1,0,0,"8,4"
p2p_bwd_mb15_s2_dp1,24,20,67108864,67.108864,p2p,1828.8213892330336,1830.073918526901,1.2525292938674326,pp_backward,2,2,1,1,1,"24,20"
p2p_bwd_mb15_s2_dp2,40,36,67108864,67.108864,p2p,1828.8213892330336,1830.073918526901,1.2525292938674326,pp_backward,2,2,1,2,2,"40,36"
p2p_bwd_mb15_s2_dp3,56,52,67108864,67.108864,p2p,1828.8213892330336,1830.073918526901,1.2525292938674326,pp_backward,2,2,1,3,3,"56,52"
ar_l8_tp4_5_6_7,4,-1,100663296,100.663296,all_reduce,1830.073918526901,1832.8895596309385,2.815641104037425,tp_all_reduce,8,1,-1,0,-1,"4,5,6,7"
ar_l9_tp4_5_6_7,4,-1,100663296,100.663296,all_reduce,1839.7971448510175,1842.612785198079,2.81564034706161,tp_all_reduce,9,1,-1,0,-1,"4,5,6,7"
ar_l10_tp4_5_6_7,4,-1,100663296,100.663296,all_reduce,1846.5342799115253,1849.3478145687466,2.8135346572211173,tp_all_reduce,10,1,-1,0,-1,"4,5,6,7"
ar_l11_tp4_5_6_7,4,-1,100663296,100.663296,all_reduce,1856.1754911943021,1858.98847123782,2.81298004351771,tp_all_reduce,11,1,-1,0,-1,"4,5,6,7"
ar_l12_tp4_5_6_7,4,-1,100663296,100.663296,all_reduce,1862.5627582577406,1865.3761662050845,2.81340794734386,tp_all_reduce,12,1,-1,0,-1,"4,5,6,7"
ar_l13_tp4_5_6_7,4,-1,100663296,100.663296,all_reduce,1872.6030914194853,1875.4212627535778,2.8181713340924563,tp_all_reduce,13,1,-1,0,-1,"4,5,6,7"
ar_l14_tp4_5_6_7,4,-1,100663296,100.663296,all_reduce,1879.5358524794397,1882.3527444832687,2.8168920038289524,tp_all_reduce,14,1,-1,0,-1,"4,5,6,7"
ar_l15_tp4_5_6_7,4,-1,100663296,100.663296,all_reduce,1889.5645583195214,1892.379077314479,2.814518994957549,tp_all_reduce,15,1,-1,0,-1,"4,5,6,7"
ar_l8_tp20_21_22_23,20,-1,100663296,100.663296,all_reduce,1830.073918526901,1832.8908879591734,2.816969432272387,tp_all_reduce,8,1,-1,1,-1,"20,21,22,23"
ar_l9_tp20_21_22_23,20,-1,100663296,100.663296,all_reduce,1839.811439512907,1842.625370754218,2.8139312413109074,tp_all_reduce,9,1,-1,1,-1,"20,21,22,23"
ar_l10_tp20_21_22_23,20,-1,100663296,100.663296,all_reduce,1846.2726196669607,1849.0859243241107,2.8133046571499065,tp_all_reduce,10,1,-1,1,-1,"20,21,22,23"
ar_l11_tp20_21_22_23,20,-1,100663296,100.663296,all_reduce,1856.3965813235534,1859.2141373332713,2.817556009717892,tp_all_reduce,11,1,-1,1,-1,"20,21,22,23"
ar_l12_tp20_21_22_23,20,-1,100663296,100.663296,all_reduce,1863.1123814326565,1865.928112654989,2.815731222332696,tp_all_reduce,12,1,-1,1,-1,"20,21,22,23"
ar_l13_tp20_21_22_23,20,-1,100663296,100.663296,all_reduce,1873.0527199753108,1875.8686040326118,2.8158840573009325,tp_all_reduce,13,1,-1,1,-1,"20,21,22,23"
ar_l14_tp20_21_22_23,20,-1,100663296,100.663296,all_reduce,1879.9865967640458,1882.8029313499471,2.816334585901359,tp_all_reduce,14,1,-1,1,-1,"20,21,22,23"
ar_l15_tp20_21_22_23,20,-1,100663296,100.663296,all_reduce,1889.6298820650652,1892.4432581042347,2.813376039169535,tp_all_reduce,15,1,-1,1,-1,"20,21,22,23"
ar_l8_tp36_37_38_39,36,-1,100663296,100.663296,all_reduce,1830.073918526901,1832.8896986737545,2.815780146853575,tp_all_reduce,8,1,-1,2,-1,"36,37,38,39"
ar_l9_tp36_37_38_39,36,-1,100663296,100.663296,all_reduce,1839.695635367003,1842.5121483486828,2.816512981679953,tp_all_reduce,9,1,-1,2,-1,"36,37,38,39"
ar_l10_tp36_37_38_39,36,-1,100663296,100.663296,all_reduce,1846.411385953766,1849.2282004533827,2.816814499616571,tp_all_reduce,10,1,-1,2,-1,"36,37,38,39"
ar_l11_tp36_37_38_39,36,-1,100663296,100.663296,all_reduce,1856.2228588854637,1859.0374937746687,2.814634889205081,tp_all_reduce,11,1,-1,2,-1,"36,37,38,39"
ar_l12_tp36_37_38_39,36,-1,100663296,100.663296,all_reduce,1862.5774498359763,1865.3926343484304,2.8151845124542163,tp_all_reduce,12,1,-1,2,-1,"36,37,38,39"
ar_l13_tp36_37_38_39,36,-1,100663296,100.663296,all_reduce,1872.277756254366,1875.091979774167,2.8142235198009846,tp_all_reduce,13,1,-1,2,-1,"36,37,38,39"
ar_l14_tp36_37_38_39,36,-1,100663296,100.663296,all_reduce,1879.0690227039045,1881.8855477764357,2.816525072531384,tp_all_reduce,14,1,-1,2,-1,"36,37,38,39"
ar_l15_tp36_37_38_39,36,-1,100663296,100.663296,all_reduce,1888.7958358873514,1891.6126655273451,2.8168296399937454,tp_all_reduce,15,1,-1,2,-1,"36,37,38,39"
ar_l8_tp52_53_54_55,52,-1,100663296,100.663296,all_reduce,1830.073918526901,1832.8915381138038,2.817619586902742,tp_all_reduce,8,1,-1,3,-1,"52,53,54,55"
ar_l9_tp52_53_54_55,52,-1,100663296,100.663296,all_reduce,1839.8150720889391,1842.6311778379566,2.8161057490172503,tp_all_reduce,9,1,-1,3,-1,"52,53,54,55"
ar_l10_tp52_53_54_55,52,-1,100663296,100.663296,all_reduce,1846.29125406386,1849.1065552808473,2.815301216987365,tp_all_reduce,10,1,-1,3,-1,"52,53,54,55"
ar_l11_tp52_53_54_55,52,-1,100663296,100.663296,all_reduce,1856.3824197824074,1859.199892347122,2.8174725647145404,tp_all_reduce,11,1,-1,3,-1,"52,53,54,55"
ar_l12_tp52_53_54_55,52,-1,100663296,100.663296,all_reduce,1863.0575358626675,1865.8722727138108,2.814736851143307,tp_all_reduce,12,1,-1,3,-1,"52,53,54,55"
ar_l13_tp52_53_54_55,52,-1,100663296,100.663296,all_reduce,1872.8572446312219,1875.6711530579244,2.8139084267024828,tp_all_reduce,13,1,-1,3,-1,"52,53,54,55"
ar_l14_tp52_53_54_55,52,-1,100663296,100.663296,all_reduce,1879.5853215450347,1882.40375266209,2.8184311170553755,tp_all_reduce,14,1,-1,3,-1,"52,53,54,55"
ar_l15_tp52_53_54_55,52,-1,100663296,100.663296,all_reduce,1889.2176550553595,1892.033905711943,2.816250656583419,tp_all_reduce,15,1,-1,3,-1,"52,53,54,55"
p2p_bwd_mb15_s1_dp0,4,0,67108864,67.108864,p2p,1896.3655240119413,1897.61615617736,1.2506321654186525,pp_backward,1,1,0,0,0,"4,0"
p2p_bwd_mb15_s1_dp1,20,16,67108864,67.108864,p2p,1896.3655240119413,1897.61615617736,1.2506321654186525,pp_backward,1,1,0,1,1,"20,16"
p2p_bwd_mb15_s1_dp2,36,32,67108864,67.108864,p2p,1896.3655240119413,1897.61615617736,1.2506321654186525,pp_backward,1,1,0,2,2,"36,32"
p2p_bwd_mb15_s1_dp3,52,48,67108864,67.108864,p2p,1896.3655240119413,1897.61615617736,1.2506321654186525,pp_backward,1,1,0,3,3,"52,48"
ar_l0_tp0_1_2_3,0,-1,100663296,100.663296,all_reduce,1897.717418541333,1900.533850490235,2.8164319489019096,tp_all_reduce,0,0,-1,0,-1,"0,1,2,3"
ar_l1_tp0_1_2_3,0,-1,100663296,100.663296,all_reduce,1907.6561218433035,1910.4689729309046,2.812851087601098,tp_all_reduce,1,0,-1,0,-1,"0,1,2,3"
ar_l2_tp0_1_2_3,0,-1,100663296,100.663296,all_reduce,1914.1186724299057,1916.936358644939,2.8176862150333104,tp_all_reduce,2,0,-1,0,-1,"0,1,2,3"
ar_l3_tp0_1_2_3,0,-1,100663296,100.663296,all_reduce,1924.1366859816062,1926.9519213768763,2.815235395269955,tp_all_reduce,3,0,-1,0,-1,"0,1,2,3"
ar_l4_tp0_1_2_3,0,-1,100663296,100.663296,all_reduce,1930.7726867325798,1933.5854762980712,2.812789565491247,tp_all_reduce,4,0,-1,0,-1,"0,1,2,3"
ar_l5_tp0_1_2_3,0,-1,100663296,100.663296,all_reduce,1940.6848676712675,1943.50011320327,2.8152455320025194,tp_all_reduce,5,0,-1,0,-1,"0,1,2,3"
ar_l6_tp0_1_2_3,0,-1,100663296,100.663296,all_reduce,1947.3253298323516,1950.1429487512082,2.817618918856679,tp_all_reduce,6,0,-1,0,-1,"0,1,2,3"
ar_l7_tp0_1_2_3,0,-1,100663296,100.663296,all_reduce,1957.5139987262403,1960.3279640198054,2.813965293565257,tp_all_reduce,7,0,-1,0,-1,"0,1,2,3"
ar_l0_tp16_17_18_19,16,-1,100663296,100.663296,all_reduce,1897.7165294082342,1900.532609774,2.8160803657657496,tp_all_reduce,0,0,-1,1,-1,"16,17,18,19"
ar_l1_tp16_17_18_19,16,-1,100663296,100.663296,all_reduce,1907.9914061002203,1910.8080525009495,2.816646400729317,tp_all_reduce,1,0,-1,1,-1,"16,17,18,19"
ar_l2_tp16_17_18_19,16,-1,100663296,100.663296,all_reduce,1914.6488535108617,1917.4660744935418,2.817220982680224,tp_all_reduce,2,0,-1,1,-1,"16,17,18,19"
ar_l3_tp16_17_18_19,16,-1,100663296,100.663296,all_reduce,1924.476320189545,1927.2922979568027,2.815977767257838,tp_all_reduce,3,0,-1,1,-1,"16,17,18,19"
ar_l4_tp16_17_18_19,16,-1,100663296,100.663296,all_reduce,1931.1739586964097,1933.9906762726746,2.8167175762650043,tp_all_reduce,4,0,-1,1,-1,"16,17,18,19"
ar_l5_tp16_17_18_19,16,-1,100663296,100.663296,all_reduce,1941.3356660380077,1944.149867457402,2.8142014193943687,tp_all_reduce,5,0,-1,1,-1,"16,17,18,19"
ar_l6_tp16_17_18_19,16,-1,100663296,100.663296,all_reduce,1948.1214988143847,1950.9382202657657,2.81672145138101,tp_all_reduce,6,0,-1,1,-1,"16,17,18,19"
ar_l7_tp16_17_18_19,16,-1,100663296,100.663296,all_reduce,1958.0278962037387,1960.8433308637411,2.815434660002447,tp_all_reduce,7,0,-1,1,-1,"16,17,18,19"
ar_l0_tp32_33_34_35,32,-1,100663296,100.663296,all_reduce,1897.7141192324061,1900.5304916621124,2.8163724297063375,tp_all_reduce,0,0,-1,2,-1,"32,33,34,35"
ar_l1_tp32_33_34_35,32,-1,100663296,100.663296,all_reduce,1907.5630294845118,1910.3784394856477,2.815410001135943,tp_all_reduce,1,0,-1,2,-1,"32,33,34,35"
ar_l2_tp32_33_34_35,32,-1,100663296,100.663296,all_reduce,1914.0484451739883,1916.863684220489,2.815239046500606,tp_all_reduce,2,0,-1,2,-1,"32,33,34,35"
ar_l3_tp32_33_34_35,32,-1,100663296,100.663296,all_reduce,1923.8172441585075,1926.6355633412968,2.8183191827892973,tp_all_reduce,3,0,-1,2,-1,"32,33,34,35"
ar_l4_tp32_33_34_35,32,-1,100663296,100.663296,all_reduce,1930.3712878584543,1933.1879011163153,2.816613257861089,tp_all_reduce,4,0,-1,2,-1,"32,33,34,35"
ar_l5_tp32_33_34_35,32,-1,100663296,100.663296,all_reduce,1940.7122320179824,1943.5270126923606,2.8147806743781256,tp_all_reduce,5,0,-1,2,-1,"32,33,34,35"
ar_l6_tp32_33_34_35,32,-1,100663296,100.663296,all_reduce,1947.6375799687835,1950.4520134751924,2.8144335064088644,tp_all_reduce,6,0,-1,2,-1,"32,33,34,35"
ar_l7_tp32_33_34_35,32,-1,100663296,100.663296,all_reduce,1957.4240391075696,1960.2396626450086,2.815623537439249,tp_all_reduce,7,0,-1,2,-1,"32,33,34,35"
ar_l0_tp48_49_50_51,48,-1,100663296,100.663296,all_reduce,1897.7193748790658,1900.536660235606,2.8172853565402445,tp_all_reduce,0,0,-1,3,-1,"48,49,50,51"
ar_l1_tp48_49_50_51,48,-1,100663296,100.663296,all_reduce,1907.37603534481,1910.1931610466288,2.817125701818801,tp_all_reduce,1,0,-1,3,-1,"48,49,50,51"
ar_l2_tp48_49_50_51,48,-1,100663296,100.663296,all_reduce,1914.248983531611,1917.0622810325387,2.813297500927847,tp_all_reduce,2,0,-1,3,-1,"48,49,50,51"
ar_l3_tp48_49_50_51,48,-1,100663296,100.663296,all_reduce,1923.9526137561472,1926.765663070689,2.81304931454196,tp_all_reduce,3,0,-1,3,-1,"48,49,50,51"
ar_l4_tp48_49_50_51,48,-1,100663296,100.663296,all_reduce,1930.6625006078384,1933.4783465538508,2.815845946012363,tp_all_reduce,4,0,-1,3,-1,"48,49,50,51"
ar_l5_tp48_49_50_51,48,-1,100663296,100.663296,all_reduce,1940.5710231682988,1943.384687678849,2.8136645105503177,tp_all_reduce,5,0,-1,3,-1,"48,49,50,51"
ar_l6_tp48_49_50_51,48,-1,100663296,100.663296,all_reduce,1947.308635635655,1950.126003030461,2.8173673948059808,tp_all_reduce,6,0,-1,3,-1,"48,49,50,51"
ar_l7_tp48_49_50_51,48,-1,100663296,100.663296,all_reduce,1957.22820072093,1960.0437455597,2.81554483876989,tp_all_reduce,7,0,-1,3,-1,"48,49,50,51"
dp_ar_iter0_pp0_tp0,0,-1,536870912,536.870912,all_reduce,1964.838918129531,2039.8550130797078,75.01609495017658,dp_gradient_allreduce,-1,0,-1,0,-1,"0,16,32,48"
dp_ar_iter0_pp0_tp1,1,-1,536870912,536.870912,all_reduce,1964.838918129531,2039.8585397248805,75.01962159534936,dp_gradient_allreduce,-1,0,-1,0,-1,"1,17,33,49"
dp_ar_iter0_pp0_tp2,2,-1,536870912,536.870912,all_reduce,1964.838918129531,2039.8555388205066,75.01662069097547,dp_gradient_allreduce,-1,0,-1,0,-1,"2,18,34,50"
dp_ar_iter0_pp0_tp3,3,-1,536870912,536.870912,all_reduce,1964.838918129531,2039.8565500778134,75.01763194828226,dp_gradient_allreduce,-1,0,-1,0,-1,"3,19,35,51"
dp_ar_iter0_pp1_tp0,4,-1,536870912,536.870912,all_reduce,1897.61615617736,1972.6361475139865,75.01999133662673,dp_gradient_allreduce,-1,1,-1,0,-1,"4,20,36,52"
dp_ar_iter0_pp1_tp1,5,-1,536870912,536.870912,all_reduce,1897.61615617736,1972.633639797154,75.0174836197941,dp_gradient_allreduce,-1,1,-1,0,-1,"5,21,37,53"
dp_ar_iter0_pp1_tp2,6,-1,536870912,536.870912,all_reduce,1897.61615617736,1972.6330860270034,75.01692984964347,dp_gradient_allreduce,-1,1,-1,0,-1,"6,22,38,54"
dp_ar_iter0_pp1_tp3,7,-1,536870912,536.870912,all_reduce,1897.61615617736,1972.6319475579405,75.01579138058068,dp_gradient_allreduce,-1,1,-1,0,-1,"7,23,39,55"
dp_ar_iter0_pp2_tp0,8,-1,536870912,536.870912,all_reduce,1830.073918526901,1905.0927951502492,75.01887662334816,dp_gradient_allreduce,-1,2,-1,0,-1,"8,24,40,56"
dp_ar_iter0_pp2_tp1,9,-1,536870912,536.870912,all_reduce,1830.073918526901,1905.0948071821279,75.02088865522683,dp_gradient_allreduce,-1,2,-1,0,-1,"9,25,41,57"
dp_ar_iter0_pp2_tp2,10,-1,536870912,536.870912,all_reduce,1830.073918526901,1905.094612394131,75.02069386722998,dp_gradient_allreduce,-1,2,-1,0,-1,"10,26,42,58"
dp_ar_iter0_pp2_tp3,11,-1,536870912,536.870912,all_reduce,1830.073918526901,1905.0940049230453,75.02008639614432,dp_gradient_allreduce,-1,2,-1,0,-1,"11,27,43,59"
dp_ar_iter0_pp3_tp0,12,-1,536870912,536.870912,all_reduce,1761.743295929826,1836.7593697796965,75.01607384987041,dp_gradient_allreduce,-1,3,-1,0,-1,"12,28,44,60"
dp_ar_iter0_pp3_tp1,13,-1,536870912,536.870912,all_reduce,1761.743295929826,1836.7643546873246,75.02105875749865,dp_gradient_allreduce,-1,3,-1,0,-1,"13,29,45,61"
dp_ar_iter0_pp3_tp2,14,-1,536870912,536.870912,all_reduce,1761.743295929826,1836.7613134754822,75.01801754565606,dp_gradient_allreduce,-1,3,-1,0,-1,"14,30,46,62"
dp_ar_iter0_pp3_tp3,15,-1,536870912,536.870912,all_reduce,1761.743295929826,1836.7646364348398,75.02134050501374,dp_gradient_allreduce,-1,3,-1,0,-1,"15,31,47,63"
gradclip_ar_pp0_tp0,0,-1,8,8e-06,all_reduce,2040.9465531651824,2040.9568220999295,0.010268934746981984,dp_grad_clip,-1,0,-1,0,-1,"0,16,32,48"
gradclip_ar_pp0_tp1,1,-1,8,8e-06,all_reduce,2040.9851692743218,2040.9955789326114,0.010409658289578516,dp_grad_clip,-1,0,-1,0,-1,"1,17,33,49"
gradclip_ar_pp0_tp2,2,-1,8,8e-06,all_reduce,2040.915886511334,2040.9283040916994,0.012417580365298164,dp_grad_clip,-1,0,-1,0,-1,"2,18,34,50"
gradclip_ar_pp0_tp3,3,-1,8,8e-06,all_reduce,2040.9766566872709,2040.9893814775985,0.012724790327656166,dp_grad_clip,-1,0,-1,0,-1,"3,19,35,51"
gradclip_ar_pp1_tp0,4,-1,8,8e-06,all_reduce,1973.7301747782917,1973.7436440362726,0.013469257980958105,dp_grad_clip,-1,1,-1,0,-1,"4,20,36,52"
gradclip_ar_pp1_tp1,5,-1,8,8e-06,all_reduce,1973.7163823691828,1973.7276411730563,0.011258803873648304,dp_grad_clip,-1,1,-1,0,-1,"5,21,37,53"
gradclip_ar_pp1_tp2,6,-1,8,8e-06,all_reduce,1973.6593566274992,1973.671268995746,0.011912368246935756,dp_grad_clip,-1,1,-1,0,-1,"6,22,38,54"
gradclip_ar_pp1_tp3,7,-1,8,8e-06,all_reduce,1973.686870090523,1973.6994403496947,0.012570259171562626,dp_grad_clip,-1,1,-1,0,-1,"7,23,39,55"
gradclip_ar_pp2_tp0,8,-1,8,8e-06,all_reduce,1906.1863374280865,1906.1971367123033,0.010799284216878036,dp_grad_clip,-1,2,-1,0,-1,"8,24,40,56"
gradclip_ar_pp2_tp1,9,-1,8,8e-06,all_reduce,1906.1312863457317,1906.142809599239,0.011523253507172981,dp_grad_clip,-1,2,-1,0,-1,"9,25,41,57"
gradclip_ar_pp2_tp2,10,-1,8,8e-06,all_reduce,1906.1639389011098,1906.1739115788146,0.00997267770475041,dp_grad_clip,-1,2,-1,0,-1,"10,26,42,58"
gradclip_ar_pp2_tp3,11,-1,8,8e-06,all_reduce,1906.1536928762876,1906.166012968427,0.012320092139361805,dp_grad_clip,-1,2,-1,0,-1,"11,27,43,59"
gradclip_ar_pp3_tp0,12,-1,8,8e-06,all_reduce,1837.8409459530471,1837.8519085188764,0.010962565829331083,dp_grad_clip,-1,3,-1,0,-1,"12,28,44,60"
gradclip_ar_pp3_tp1,13,-1,8,8e-06,all_reduce,1837.799480158756,1837.809437140482,0.009956981726011449,dp_grad_clip,-1,3,-1,0,-1,"13,29,45,61"
gradclip_ar_pp3_tp2,14,-1,8,8e-06,all_reduce,1837.794741843877,1837.8078720378999,0.013130194022714647,dp_grad_clip,-1,3,-1,0,-1,"14,30,46,62"
gradclip_ar_pp3_tp3,15,-1,8,8e-06,all_reduce,1837.7946872976268,1837.8069984960277,0.012311198400949408,dp_grad_clip,-1,3,-1,0,-1,"15,31,47,63"
